file,date,wmo,lat,lon,in_domain,data_mode,position_qc,n_levels,max_pressure_dbar
20200101_prof.nc,2020-01-01,1902035,-37.56211,87.79821,False,D,1,1009,2006.1199951171875
20200101_prof.nc,2020-01-01,2902669,1.893,85.214,False,D,1,100,1984.0
20200101_prof.nc,2020-01-01,5904827,-21.518,96.703,False,D,1,510,1997.699951171875
20200101_prof.nc,2020-01-01,1902078,-59.316,50.92,False,D,1,116,2001.0999755859375
20200101_prof.nc,2020-01-01,1901833,-40.06018,44.76811,False,D,1,1014,2017.1199951171875
20200101_prof.nc,2020-01-01,2902586,-21.895,84.592,False,D,1,99,1986.0
20200101_prof.nc,2020-01-01,5904422,-47.914,120.794,False,D,1,69,1899.4000244140625
20200101_prof.nc,2020-01-01,5906204,-30.138,55.198,False,D,1,485,1499.27001953125
20200101_prof.nc,2020-01-01,5905183,-41.852,132.331,False,D,1,994,1989.800048828125
20200101_prof.nc,2020-01-01,5905073,-58.361,129.734,False,D,1,508,1949.5
20200101_prof.nc,2020-01-01,5904902,-22.908,94.523,False,D,1,996,1991.5
20200101_prof.nc,2020-01-01,5905191,-47.3578,121.1785,False,D,1,993,1987.9000244140625
20200101_prof.nc,2020-01-01,5903947,-16.985,116.18,False,D,1,997,1995.4000244140625
20200101_prof.nc,2020-01-01,5904371,-42.72061,134.18339,False,D,1,625,1237.47998046875
20200101_prof.nc,2020-01-01,3901961,-57.58703,21.678728333333332,False,D,1,604,2025.800048828125
20200101_prof.nc,2020-01-01,1902057,-2.076,46.46,False,D,1,984,1970.0999755859375
20200101_prof.nc,2020-01-01,2902156,3.028,79.827,False,D,1,246,491.3999938964844
20200101_prof.nc,2020-01-01,5904261,-43.875,130.245,False,D,1,992,1985.800048828125
20200101_prof.nc,2020-01-01,5905779,-38.92975,86.40925,False,D,1,1007,2002.1199951171875
20200101_prof.nc,2020-01-01,1902056,-6.75,60.469,False,D,1,1002,2005.5999755859375
20200101_prof.nc,2020-01-01,5902379,-33.61255,106.10475,False,D,1,1000,1989.8399658203125
20200101_prof.nc,2020-01-01,6901983,-50.55,55.771,False,D,1,54,997.0
20200101_prof.nc,2020-01-01,2902141,-12.743,50.997,False,D,1,57,1899.800048828125
20200101_prof.nc,2020-01-01,5904720,-15.89,77.16,False,D,1,1002,2004.199951171875
20200101_prof.nc,2020-01-01,5902359,-22.3501,66.10616,False,D,1,609,1207.9200439453125
20200101_prof.nc,2020-01-01,5905778,-33.9142,91.0966,False,D,1,1009,2005.199951171875
20200101_prof.nc,2020-01-01,5903954,-23.239,87.773,False,D,1,997,1995.300048828125
20200101_prof.nc,2020-01-01,5902380,-26.42109,96.64401,False,D,1,992,1973.43994140625
20200101_prof.nc,2020-01-01,6902777,-49.788,46.783,False,D,1,99,2006.0
20200101_prof.nc,2020-01-01,6902779,-57.174,36.519,False,D,1,98,1960.0
20200101_prof.nc,2020-01-01,1902198,-0.897,72.966,False,D,1,265,532.5
20200101_prof.nc,2020-01-01,2902151,0.532,86.244,False,D,1,59,1997.300048828125
20200101_prof.nc,2020-01-01,2902266,14.154,67.388,True,D,1,314,2001.0
20200101_prof.nc,2020-01-01,6902943,14.131915,60.65595666666667,True,D,1,908,1494.0999755859375
20200101_prof.nc,2020-01-01,6902778,-48.22,53.681,False,D,1,100,2008.0
20200101_prof.nc,2020-01-01,5903861,-15.0,82.423,False,D,1,72,1991.0999755859375
20200101_prof.nc,2020-01-01,5905429,-35.4561,84.6909,False,D,1,995,1992.0999755859375
20200101_prof.nc,2020-01-01,2902150,2.098,88.674,False,D,1,101,1980.0
20200101_prof.nc,2020-01-01,2902282,16.832,89.402,True,D,1,103,2030.0
20200101_prof.nc,2020-01-01,2902280,15.869,92.396,True,D,1,101,1987.0
20200101_prof.nc,2020-01-01,5904796,-34.259,114.204,False,D,1,490,998.0
20200101_prof.nc,2020-01-01,5904440,-30.136,89.226,False,D,1,60,1449.699951171875
20200101_prof.nc,2020-01-01,5902521,-38.19444,128.86432,False,D,1,536,5697.0
20200101_prof.nc,2020-01-01,3901529,-49.0534,39.0233,False,D,1,57,1900.0
20200101_prof.nc,2020-01-01,5902524,-42.89903,116.18019,False,D,1,536,4478.10009765625
20200101_prof.nc,2020-01-01,1901740,-42.0087,77.388,False,D,1,1000,2001.800048828125
20200101_prof.nc,2020-01-01,2901307,8.145,66.665,True,D,1,58,1899.300048828125
20200101_prof.nc,2020-01-01,5904888,-41.285,135.506,False,D,1,987,1975.5999755859375
20200101_prof.nc,2020-01-01,5905178,-17.9719,108.6246,False,D,1,1001,2001.9000244140625
20200101_prof.nc,2020-01-01,5904418,-42.516,141.558,False,D,1,71,1999.9000244140625
20200101_prof.nc,2020-01-01,1901813,-48.97843,83.27109,False,D,1,488,965.9600219726562
20200101_prof.nc,2020-01-01,1901446,-7.462,62.644,False,D,1,69,1717.699951171875
20200101_prof.nc,2020-01-01,1902332,-11.675,79.088,False,A,1,370,978.7999877929688
20200101_prof.nc,2020-01-01,2902221,-51.291,140.031,False,D,1,59,2000.300048828125
20200101_prof.nc,2020-01-01,5902506,-44.91226,134.56419,False,D,1,1007,2001.3599853515625
20200101_prof.nc,2020-01-01,5902345,-35.53701,111.87235,False,D,1,673,1335.9200439453125
20200101_prof.nc,2020-01-01,6902905,-49.84531333333334,66.58081333333334,False,D,1,323,991.5999755859375
20200101_prof.nc,2020-01-01,2901347,-51.744,142.143,False,D,1,58,1900.0
20200101_prof.nc,2020-01-01,5905386,-38.8354,123.2401,False,D,1,998,1997.0
20200101_prof.nc,2020-01-01,1901832,-47.1574,58.39824,False,D,1,1003,1995.1600341796875
20200101_prof.nc,2020-01-01,2902125,12.205831666666667,62.135525,True,D,1,95,1958.0999755859375
20200101_prof.nc,2020-01-01,2901897,4.7258,79.1032,False,D,1,348,1998.800048828125
20200101_prof.nc,2020-01-01,2902777,0.026,80.048,False,D,1,102,1983.699951171875
20200101_prof.nc,2020-01-01,1901606,-5.43,42.488,False,D,1,72,2000.9000244140625
20200101_prof.nc,2020-01-01,5904799,-31.374,33.945,False,D,1,509,2000.0
20200101_prof.nc,2020-01-01,1902214,-41.76264,28.12352,False,D,1,1011,2011.0400390625
20200101_prof.nc,2020-01-01,6902734,-47.590905,109.55515166666666,False,D,1,321,971.7999877929688
20200101_prof.nc,2020-01-01,2902397,0.79994,82.89844,False,D,1,515,1020.2000122070312
20200101_prof.nc,2020-01-01,5904452,-36.629,109.498,False,D,1,68,1850.0999755859375
20200101_prof.nc,2020-01-01,5905269,-64.0,125.6,False,D,8,462,3990.10009765625
20200101_prof.nc,2020-01-01,5905269,-64.0,125.6,False,A,8,0,
20200101_prof.nc,2020-01-01,5904410,-27.495,48.354,False,D,1,71,2000.0999755859375
20200101_prof.nc,2020-01-01,2901857,11.415,66.628,True,D,1,996,1991.800048828125
20200101_prof.nc,2020-01-01,2901512,10.666,63.109,True,D,1,74,1999.800048828125
20200101_prof.nc,2020-01-01,5905418,-14.0520916666667,119.352586666667,False,D,1,1006,2006.5
20200101_prof.nc,2020-01-01,5905220,-58.406,78.211,False,A,1,501,1003.5999755859375
20200101_prof.nc,2020-01-01,2902594,-28.747,97.389,False,D,1,101,1986.0
20200101_prof.nc,2020-01-01,2902609,6.742,61.399,True,D,1,99,1979.0
20200101_prof.nc,2020-01-01,2901904,-34.0936,32.1003,False,D,1,57,1899.5999755859375
20200102_prof.nc,2020-01-02,2902396,-1.71013,67.63577,False,D,1,520,1030.239990234375
20200102_prof.nc,2020-01-02,5904995,-14.379,119.034,False,D,1,985,1969.300048828125
20200102_prof.nc,2020-01-02,1902036,-37.61279,79.6467,False,D,1,1009,2005.1600341796875
20200102_prof.nc,2020-01-02,5904265,-15.145,75.406,False,D,1,995,1991.4000244140625
20200102_prof.nc,2020-01-02,1902212,-40.94964,20.13392,False,D,1,1012,2011.3199462890625
20200102_prof.nc,2020-01-02,5905073,-58.355,129.763,False,D,1,509,1997.300048828125
20200102_prof.nc,2020-01-02,1902076,-43.517,70.548,False,D,1,116,2000.5999755859375
20200102_prof.nc,2020-01-02,5905064,-7.894,96.164,False,D,1,116,2000.5999755859375
20200102_prof.nc,2020-01-02,2903390,-4.964,79.577,False,A,1,1127,4508.2998046875
20200102_prof.nc,2020-01-02,5904818,-46.198,118.101,False,D,1,21,1994.800048828125
20200102_prof.nc,2020-01-02,4902950,-0.095,59.0,False,D,1,977,1953.5999755859375
20200102_prof.nc,2020-01-02,6902814,-63.76291,143.80238666666668,False,D,1,259,3459.699951171875
20200102_prof.nc,2020-01-02,5904812,-38.6,44.794,False,D,1,510,1998.699951171875
20200102_prof.nc,2020-01-02,5905427,-40.3828,83.0815,False,D,1,1001,2004.0999755859375
20200102_prof.nc,2020-01-02,1902333,-19.879,80.262,False,A,1,1127,4512.2001953125
20200102_prof.nc,2020-01-02,1902335,-30.126,55.19,False,A,1,1125,4499.7998046875
20200102_prof.nc,2020-01-02,2902398,2.13581,82.00468,False,D,1,511,1012.0
20200102_prof.nc,2020-01-02,1901793,-27.7922,42.10749,False,D,1,504,997.9600219726562
20200102_prof.nc,2020-01-02,1902222,-39.2204,29.94809,False,D,1,1009,2007.8399658203125
20200102_prof.nc,2020-01-02,2902243,0.5296366666666666,88.71518833333333,False,D,1,340,1975.800048828125
20200102_prof.nc,2020-01-02,2902244,0.23530666666666666,71.473115,False,R,1,340,1966.300048828125
20200102_prof.nc,2020-01-02,2902245,2.842433333333333,89.684655,False,R,1,340,1966.4000244140625
20200102_prof.nc,2020-01-02,5904570,-9.701,106.962,False,D,1,994,1990.4000244140625
20200102_prof.nc,2020-01-02,7900871,-65.0449,108.0373,False,D,8,94,262.1000061035156
20200102_prof.nc,2020-01-02,2901340,14.364,66.857,True,D,1,58,1899.9000244140625
20200102_prof.nc,2020-01-02,1901342,-29.026,44.955,False,D,1,992,1985.9000244140625
20200102_prof.nc,2020-01-02,5904941,-10.138,82.4,False,D,1,1000,2002.199951171875
20200102_prof.nc,2020-01-02,6902758,-39.505,74.108,False,D,1,99,1986.0
20200102_prof.nc,2020-01-02,6901980,-45.479,90.206,False,D,1,51,950.2000122070312
20200102_prof.nc,2020-01-02,6902774,-39.399,36.876,False,D,1,93,2003.0
20200102_prof.nc,2020-01-02,1901343,-25.501,59.912,False,D,1,980,1962.0999755859375
20200102_prof.nc,2020-01-02,6902776,-46.17,40.728,False,D,1,99,1985.0
20200102_prof.nc,2020-01-02,6902947,11.358863333333334,47.120855,True,D,1,697,1207.9000244140625
20200102_prof.nc,2020-01-02,6902948,13.457351666666666,49.20428166666667,True,D,1,697,1196.800048828125
20200102_prof.nc,2020-01-02,5902359,-22.38919,66.12852,False,D,1,603,1195.0799560546875
20200102_prof.nc,2020-01-02,6902946,10.969075,44.809925,False,D,1,685,1175.199951171875
20200102_prof.nc,2020-01-02,6902775,-43.435,41.092,False,D,1,99,1985.0
20200102_prof.nc,2020-01-02,2902265,15.647,72.459,True,D,1,294,1586.0
20200102_prof.nc,2020-01-02,2902283,13.823,87.733,True,D,1,102,2009.0
20200102_prof.nc,2020-01-02,5906031,-54.593,41.662,False,D,1,499,1899.3499755859375
20200102_prof.nc,2020-01-02,5903908,-6.727,104.482,False,D,1,665,1331.199951171875
20200102_prof.nc,2020-01-02,5902520,-41.08545,128.99158,False,D,1,525,5410.2998046875
20200102_prof.nc,2020-01-02,1901853,-54.9406,73.6592,False,D,1,56,1800.4000244140625
20200102_prof.nc,2020-01-02,5905086,5.13,53.184,True,D,1,510,1997.0999755859375
20200102_prof.nc,2020-01-02,5903862,-10.202,88.247,False,D,1,72,1999.199951171875
20200102_prof.nc,2020-01-02,5905776,-32.04583,83.63277,False,D,1,1008,2003.1199951171875
20200102_prof.nc,2020-01-02,2902212,0.158,88.533,False,D,1,58,1899.800048828125
20200102_prof.nc,2020-01-02,2903391,-9.861,79.883,False,A,1,1125,4504.0
20200102_prof.nc,2020-01-02,5902367,-24.01019,98.80003,False,D,1,511,1011.9199829101562
20200102_prof.nc,2020-01-02,1901800,-55.07028,88.56749,False,D,1,1013,2015.199951171875
20200102_prof.nc,2020-01-02,5902484,-29.18702,100.9715,False,D,1,1003,1993.3199462890625
20200102_prof.nc,2020-01-02,5905777,-31.07085,86.26375,False,D,1,1009,2005.3199462890625
20200102_prof.nc,2020-01-02,1901848,-43.9701,58.8482,False,D,1,56,1800.0999755859375
20200102_prof.nc,2020-01-02,1901846,-35.4569,20.9226,False,D,1,13,90.80000305175781
20200102_prof.nc,2020-01-02,1902332,-11.659,79.042,False,A,1,370,979.0
20200102_prof.nc,2020-01-02,2902172,-58.489,133.855,False,D,1,58,1900.0999755859375
20200102_prof.nc,2020-01-02,5905393,-44.795143127441406,128.49815368652344,False,D,1,991,1989.1700439453125
20200102_prof.nc,2020-01-02,5905268,-58.6156,141.7934,False,D,1,558,4118.2998046875
20200102_prof.nc,2020-01-02,5903248,-45.254,42.593,False,D,1,66,1570.5
20200102_prof.nc,2020-01-02,1901850,-39.7937,86.0125,False,D,1,57,1899.9000244140625
20200102_prof.nc,2020-01-02,5904903,-22.001,97.586,False,D,1,998,1998.0
20200102_prof.nc,2020-01-02,7900333,-60.262,107.04,False,D,1,997,1993.0999755859375
20200102_prof.nc,2020-01-02,3901649,-44.366,39.943,False,D,1,96,1978.0
20200102_prof.nc,2020-01-02,2902764,5.665,89.637,True,A,1,101,1983.199951171875
20200102_prof.nc,2020-01-02,2902206,16.436,68.466,True,D,1,59,2000.800048828125
20200102_prof.nc,2020-01-02,1901900,-3.9008,70.848,False,A,1,54,2000.5
20200102_prof.nc,2020-01-02,5904793,-44.941,91.399,False,D,1,509,1996.0999755859375
20200102_prof.nc,2020-01-02,5905772,-51.12438,92.02746,False,D,1,117,222.0
20200102_prof.nc,2020-01-02,3901928,-50.709,56.097,False,D,1,96,1981.0
20200102_prof.nc,2020-01-02,7900679,-63.50723,127.3184,False,D,1,587,4161.5
20200102_prof.nc,2020-01-02,5905169,-36.673,113.476,False,D,1,987,1975.800048828125
20200102_prof.nc,2020-01-02,5905426,-39.6151,87.2808,False,D,1,1000,2002.5
20200102_prof.nc,2020-01-02,5904431,-22.652,41.292,False,D,1,69,1900.300048828125
20200102_prof.nc,2020-01-02,5904810,-36.883,100.742,False,D,1,511,1997.800048828125
20200102_prof.nc,2020-01-02,7900679,-63.50252,127.31308,False,D,1,0,
20200102_prof.nc,2020-01-02,5902368,-38.52586,116.20984,False,D,1,497,984.0800170898438
20200102_prof.nc,2020-01-02,5902493,-16.04495,94.27204,False,D,1,1007,2001.43994140625
20200102_prof.nc,2020-01-02,2902168,-33.809,71.473,False,D,1,58,1900.199951171875
20200102_prof.nc,2020-01-02,5904994,-6.446,101.034,False,D,1,997,1994.0
20200102_prof.nc,2020-01-02,7900115,-48.58813,102.69599,False,D,1,1009,2005.280029296875
20200102_prof.nc,2020-01-02,1901346,-2.243,80.858,False,D,1,993,1987.4000244140625
20200102_prof.nc,2020-01-02,5902343,-39.82604,117.84392,False,D,1,993,1975.5999755859375
20200102_prof.nc,2020-01-02,2902214,-12.744,68.282,False,D,1,59,1999.4000244140625
20200102_prof.nc,2020-01-02,2902608,-8.449,68.871,False,D,1,101,1984.0
20200102_prof.nc,2020-01-02,2902619,9.662,56.985,True,D,1,100,2011.0
20200102_prof.nc,2020-01-02,2902652,11.833,54.993,True,D,1,99,1982.0
20200102_prof.nc,2020-01-02,2902600,-26.303,96.126,False,D,1,101,1980.0
20200103_prof.nc,2020-01-03,5906032,-45.741,40.353,False,D,1,498,1799.4599609375
20200103_prof.nc,2020-01-03,2902202,17.442,68.006,True,A,1,996,1992.300048828125
20200103_prof.nc,2020-01-03,1901837,-31.06778,56.49534,False,D,1,1003,1993.760009765625
20200103_prof.nc,2020-01-03,5904805,-44.512,114.948,False,D,1,510,1997.9000244140625
20200103_prof.nc,2020-01-03,2902612,3.555,93.435,False,D,1,101,1976.0
20200103_prof.nc,2020-01-03,2902175,15.871,69.984,True,D,1,998,1995.5999755859375
20200103_prof.nc,2020-01-03,5905073,-58.362,129.778,False,D,1,509,1949.5
20200103_prof.nc,2020-01-03,5905010,-16.395,109.857,False,D,1,989,1979.800048828125
20200103_prof.nc,2020-01-03,2902211,17.768,66.969,True,A,1,1000,1997.5
20200103_prof.nc,2020-01-03,2902210,20.116,65.399,True,A,1,1000,1993.5999755859375
20200103_prof.nc,2020-01-03,2901862,-4.547,86.092,False,D,1,993,1987.199951171875
20200103_prof.nc,2020-01-03,5905875,-40.489,109.004,False,A,1,1001,4005.300048828125
20200103_prof.nc,2020-01-03,5905027,-59.141,90.787,False,D,1,998,1997.199951171875
20200103_prof.nc,2020-01-03,5904420,-30.539,63.789,False,D,1,69,1899.199951171875
20200103_prof.nc,2020-01-03,1901862,-42.0536,106.3799,False,D,1,57,1900.199951171875
20200103_prof.nc,2020-01-03,1901793,-27.68757,41.89579,False,D,1,1001,1991.280029296875
20200103_prof.nc,2020-01-03,5905403,-16.568,107.783,False,D,1,987,1976.0999755859375
20200103_prof.nc,2020-01-03,5902487,-20.67603,109.48819,False,D,1,1007,2001.43994140625
20200103_prof.nc,2020-01-03,5902348,-38.00846,95.98711,False,D,1,574,1137.8399658203125
20200103_prof.nc,2020-01-03,7900613,-65.324,88.3,False,D,8,993,1987.199951171875
20200103_prof.nc,2020-01-03,5904689,-29.583,92.896,False,D,1,563,1998.489990234375
20200103_prof.nc,2020-01-03,2902215,-2.68,80.482,False,A,1,245,489.79998779296875
20200103_prof.nc,2020-01-03,5902494,-9.42424,67.75539,False,D,1,1010,2008.0
20200103_prof.nc,2020-01-03,2902224,-54.687,118.668,False,D,1,59,2000.199951171875
20200103_prof.nc,2020-01-03,2902238,1.1245183333333333,85.84070166666666,False,R,1,340,1970.0
20200103_prof.nc,2020-01-03,2902182,0.689,85.504,False,D,1,292,2001.0
20200103_prof.nc,2020-01-03,3901062,-46.78225,39.06981,False,D,1,1007,2004.3199462890625
20200103_prof.nc,2020-01-03,1901863,-40.9211,54.3492,False,D,1,57,1899.5999755859375
20200103_prof.nc,2020-01-03,1901860,-40.9343,55.0072,False,D,1,57,1899.800048828125
20200103_prof.nc,2020-01-03,5905218,-59.581,118.606,False,A,1,345,4025.699951171875
20200103_prof.nc,2020-01-03,5902497,-48.81764,135.0964,False,D,1,1004,1997.0799560546875
20200103_prof.nc,2020-01-03,5902485,-42.23436,100.40277,False,D,1,1010,2007.56005859375
20200103_prof.nc,2020-01-03,5905421,-13.325563,115.62159,False,D,1,986,1987.1500244140625
20200103_prof.nc,2020-01-03,6902943,14.109396666666667,60.70265333333333,True,D,1,923,1536.300048828125
20200103_prof.nc,2020-01-03,1902213,-47.07998,39.11052,False,D,1,1010,2009.43994140625
20200103_prof.nc,2020-01-03,5905388,-35.2253,121.7829,False,D,1,990,1979.0
20200103_prof.nc,2020-01-03,2902178,-36.968,28.866,False,D,1,245,490.0
20200103_prof.nc,2020-01-03,2902142,-19.724681666666665,38.33335,False,D,1,96,1988.0
20200103_prof.nc,2020-01-03,1902224,-42.82482,36.82698,False,D,1,1010,2009.8399658203125
20200103_prof.nc,2020-01-03,2902293,-13.289,80.199,False,D,1,101,1978.0
20200103_prof.nc,2020-01-03,2902292,-10.744,78.317,False,D,1,102,1984.0
20200103_prof.nc,2020-01-03,5905184,-41.856,117.033,False,D,1,994,1989.699951171875
20200103_prof.nc,2020-01-03,5902367,-24.10409,98.78929,False,D,1,1000,1989.3199462890625
20200103_prof.nc,2020-01-03,1901907,2.9278,57.1945,False,D,1,56,2874.10009765625
20200103_prof.nc,2020-01-03,5905007,-9.221,98.087,False,D,1,988,1977.699951171875
20200103_prof.nc,2020-01-03,5905420,-12.813608,113.972191,False,D,1,993,1987.0899658203125
20200103_prof.nc,2020-01-03,1901864,-36.5998,30.459,False,D,1,57,1899.300048828125
20200103_prof.nc,2020-01-03,5904794,-44.8,135.549,False,D,1,510,1997.800048828125
20200103_prof.nc,2020-01-03,5905998,-61.281,119.16,False,D,1,499,1998.75
20200103_prof.nc,2020-01-03,5902359,-22.43101,66.15656,False,D,1,600,1189.3199462890625
20200103_prof.nc,2020-01-03,5903859,-8.316,60.971,False,D,1,72,1988.5
20200103_prof.nc,2020-01-03,6902938,-46.618161666666666,74.03711666666666,False,D,1,1011,1976.199951171875
20200103_prof.nc,2020-01-03,2901337,16.412,70.399,True,D,1,59,1998.9000244140625
20200103_prof.nc,2020-01-03,2903131,1.29326,84.44821,False,D,1,1011,2011.239990234375
20200103_prof.nc,2020-01-03,1901909,-29.3873,42.1125,False,D,1,57,1900.5
20200103_prof.nc,2020-01-03,1902332,-11.639,78.986,False,A,1,370,978.7000122070312
20200103_prof.nc,2020-01-03,1902218,-45.29049,29.82517,False,D,1,1008,2005.3599853515625
20200103_prof.nc,2020-01-03,5905419,-14.653125,119.24353,False,D,1,979,1989.9599609375
20200103_prof.nc,2020-01-03,5904423,-26.943,51.935,False,D,1,71,2000.5
20200103_prof.nc,2020-01-03,6902905,-49.84433666666666,66.54218166666666,False,D,1,321,974.2999877929688
20200103_prof.nc,2020-01-03,1902223,-40.41362,38.78533,False,D,1,1008,2005.8399658203125
20200103_prof.nc,2020-01-03,5902368,-38.50281,116.18433,False,D,1,918,1825.9200439453125
20200103_prof.nc,2020-01-03,2902128,10.621076666666667,67.30735333333334,True,D,1,96,1985.199951171875
20200103_prof.nc,2020-01-03,5902377,-35.39873,130.16919,False,D,1,513,1015.0800170898438
20200103_prof.nc,2020-01-03,3901648,-42.442,58.864,False,D,1,97,2010.0
20200103_prof.nc,2020-01-03,2902774,0.037,93.761,False,D,1,101,1979.0
20200103_prof.nc,2020-01-03,2902778,1.965,79.972,False,D,1,100,1978.199951171875
20200103_prof.nc,2020-01-03,1901737,-19.2947,65.9281,False,D,1,989,1977.800048828125
20200103_prof.nc,2020-01-03,5902496,-45.39969,115.97672,False,D,1,1008,2003.43994140625
20200103_prof.nc,2020-01-03,5902345,-35.50165,112.24508,False,D,1,615,1219.1199951171875
20200103_prof.nc,2020-01-03,6902734,-47.883741666666666,109.82084166666667,False,D,1,322,981.5
20200103_prof.nc,2020-01-03,2902230,12.783333333333333,85.23333333333333,True,D,1,268,2026.199951171875
20200103_prof.nc,2020-01-03,5904823,-17.929,89.307,False,D,1,510,1998.0
20200103_prof.nc,2020-01-03,7900389,-67.636,39.801,False,D,8,985,1982.5
20200103_prof.nc,2020-01-03,2902228,-55.951,103.888,False,D,1,58,1899.5
20200103_prof.nc,2020-01-03,5904889,-40.986,136.569,False,D,1,998,1995.4000244140625
20200103_prof.nc,2020-01-03,5905405,-11.7603,106.2209,False,D,1,1000,2001.0999755859375
20200103_prof.nc,2020-01-03,5902525,-37.6182,117.13228,False,D,1,567,5099.60009765625
20200103_prof.nc,2020-01-03,5905026,-59.848,134.56,False,D,1,994,1990.0
20200103_prof.nc,2020-01-03,1901811,-59.94026,93.17149,False,D,1,512,1013.4000244140625
20200103_prof.nc,2020-01-03,2902659,5.034,61.1,True,D,1,101,1979.0
20200103_prof.nc,2020-01-03,5905013,-12.862,111.538,False,D,1,996,1993.0
20200103_prof.nc,2020-01-03,2902682,5.196,87.135,True,D,1,74,2000.5999755859375
20200103_prof.nc,2020-01-03,2902596,13.506,89.154,True,D,1,98,1964.0
20200103_prof.nc,2020-01-03,5905182,-46.3689,138.7881,False,D,1,999,1998.300048828125
20200104_prof.nc,2020-01-04,5904890,-38.206,122.714,False,D,1,996,1994.0
20200104_prof.nc,2020-01-04,1901509,-5.107,60.207,False,D,1,72,2000.0999755859375
20200104_prof.nc,2020-01-04,2902174,14.104,72.729,True,A,1,984,1968.4000244140625
20200104_prof.nc,2020-01-04,5902480,-38.33455,120.69568,False,D,1,1003,1993.8800048828125
20200104_prof.nc,2020-01-04,2902588,-24.819,92.175,False,D,1,99,1977.0
20200104_prof.nc,2020-01-04,5902348,-38.01335,95.95981,False,D,1,941,1871.8399658203125
20200104_prof.nc,2020-01-04,2901339,11.627,67.346,True,D,1,59,2000.800048828125
20200104_prof.nc,2020-01-04,1902335,-30.083,55.185,False,A,1,1124,4500.5
20200104_prof.nc,2020-01-04,5905009,-11.484,86.017,False,D,1,995,1991.199951171875
20200104_prof.nc,2020-01-04,1902039,-34.51143,65.92467,False,D,1,1008,2003.47998046875
20200104_prof.nc,2020-01-04,5905015,-15.558,103.084,False,D,1,998,1997.800048828125
20200104_prof.nc,2020-01-04,5902356,-21.67708,69.83182,False,D,1,605,1199.1199951171875
20200104_prof.nc,2020-01-04,3901959,-51.42897,39.82801,False,D,1,602,2016.699951171875
20200104_prof.nc,2020-01-04,1902333,-19.87,80.311,False,A,1,1130,4524.0
20200104_prof.nc,2020-01-04,3901533,-46.5678,31.8855,False,D,1,71,1999.5999755859375
20200104_prof.nc,2020-01-04,6902813,-62.87651666666667,121.57157666666667,False,D,1,273,3958.10009765625
20200104_prof.nc,2020-01-04,1901300,-31.9137,44.0851,False,D,1,39,1798.0999755859375
20200104_prof.nc,2020-01-04,5904904,-19.478,74.855,False,D,1,998,1995.300048828125
20200104_prof.nc,2020-01-04,5905414,-22.9779,107.9278,False,D,1,1000,2002.199951171875
20200104_prof.nc,2020-01-04,5906035,-40.092,20.079,False,D,1,511,1999.9000244140625
20200104_prof.nc,2020-01-04,5905423,-32.4522,102.1771,False,D,1,984,1970.5
20200104_prof.nc,2020-01-04,7900394,-61.415,89.372,False,D,1,997,1993.5999755859375
20200104_prof.nc,2020-01-04,1901804,-0.744,58.301,False,D,1,999,1997.9000244140625
20200104_prof.nc,2020-01-04,5902364,-34.4129,91.10924,False,D,1,496,982.0800170898438
20200104_prof.nc,2020-01-04,1901745,-51.82194519042969,41.702903747558594,False,D,1,994,1989.1400146484375
20200104_prof.nc,2020-01-04,1900979,-43.58,139.19,False,D,1,72,2012.5999755859375
20200104_prof.nc,2020-01-04,5904451,-31.737,55.409,False,D,1,70,1950.0
20200104_prof.nc,2020-01-04,5904444,-33.274,68.767,False,D,1,71,1999.699951171875
20200104_prof.nc,2020-01-04,1901899,-39.4947,34.6281,False,D,1,54,1974.699951171875
20200104_prof.nc,2020-01-04,1902193,-0.172,58.006,False,D,1,1001,2003.300048828125
20200104_prof.nc,2020-01-04,2902270,15.579268,68.393837,True,D,1,995,1991.8699951171875
20200104_prof.nc,2020-01-04,1901332,-5.18,76.353,False,D,1,998,1995.300048828125
20200104_prof.nc,2020-01-04,2902213,-14.437,74.908,False,D,1,58,1900.0
20200104_prof.nc,2020-01-04,2902240,0.17536666666666667,85.15103,False,R,1,340,1968.0
20200104_prof.nc,2020-01-04,2902242,-5.5403883333333335,82.48333,False,R,1,340,1965.5
20200104_prof.nc,2020-01-04,2902241,-5.8941,84.26782,False,R,1,340,1970.9000244140625
20200104_prof.nc,2020-01-04,5905008,-13.372,98.598,False,D,1,996,1991.300048828125
20200104_prof.nc,2020-01-04,1901898,17.8201,55.9289,True,A,1,7,60.099998474121094
20200104_prof.nc,2020-01-04,5904247,-42.976,87.267,False,D,1,983,1968.4000244140625
20200104_prof.nc,2020-01-04,2902263,17.260276666666666,65.48207166666667,True,R,1,340,1975.0999755859375
20200104_prof.nc,2020-01-04,5906033,-66.637,20.564,False,D,1,499,1799.1600341796875
20200104_prof.nc,2020-01-04,5902486,-24.44313,91.33585,False,D,1,1007,2002.0799560546875
20200104_prof.nc,2020-01-04,5902505,-45.94618,126.53409,False,D,1,1010,2007.1199951171875
20200104_prof.nc,2020-01-04,5904263,-12.438,82.172,False,D,1,995,1991.699951171875
20200104_prof.nc,2020-01-04,5902350,-27.64132,85.76413,False,D,1,613,1215.1199951171875
20200104_prof.nc,2020-01-04,2902152,5.198,75.768,True,D,1,58,1899.699951171875
20200104_prof.nc,2020-01-04,6902947,11.493865,47.05534333333333,True,D,1,693,1215.300048828125
20200104_prof.nc,2020-01-04,5905017,-8.077,107.056,False,D,1,996,1993.9000244140625
20200104_prof.nc,2020-01-04,5902369,-41.16708,119.65663,False,D,1,512,1013.2000122070312
20200104_prof.nc,2020-01-04,6902946,10.897058333333334,44.678765,False,D,1,700,1214.199951171875
20200104_prof.nc,2020-01-04,6902948,13.580296666666667,49.34973333333333,True,D,1,699,1223.5
20200104_prof.nc,2020-01-04,5903706,-18.637,72.299,False,D,1,71,2004.199951171875
20200104_prof.nc,2020-01-04,5905212,-13.6652,110.8602,False,D,1,991,1983.800048828125
20200104_prof.nc,2020-01-04,2903391,-9.815,79.878,False,A,1,1126,4504.2001953125
20200104_prof.nc,2020-01-04,2902285,14.574,84.878,True,D,1,101,1978.0
20200104_prof.nc,2020-01-04,2901338,16.072,68.653,True,D,1,58,1900.0999755859375
20200104_prof.nc,2020-01-04,1902331,-59.6874,56.2985,False,D,1,992,1985.0
20200104_prof.nc,2020-01-04,1901344,-35.342,52.613,False,D,1,970,1942.5
20200104_prof.nc,2020-01-04,1902037,-33.48921,70.58142,False,D,1,1007,2001.8800048828125
20200104_prof.nc,2020-01-04,5905770,-26.94899,111.96095,False,D,1,527,1041.3199462890625
20200104_prof.nc,2020-01-04,2902225,-51.455,74.162,False,D,1,32,360.0
20200104_prof.nc,2020-01-04,6901701,-42.138,38.255,False,D,1,121,2027.0
20200104_prof.nc,2020-01-04,5902458,-40.84706,132.52598,False,D,1,1003,1993.52001953125
20200104_prof.nc,2020-01-04,7900624,-66.342,72.785,False,D,1,955,1912.199951171875
20200104_prof.nc,2020-01-04,1901839,-9.30804,64.98493,False,D,1,1007,2001.9200439453125
20200104_prof.nc,2020-01-04,1902038,-35.26441,66.95673,False,D,1,1009,2005.6400146484375
20200104_prof.nc,2020-01-04,1902332,-11.625,78.932,False,A,1,370,979.2000122070312
20200104_prof.nc,2020-01-04,5902344,-24.91217,103.40612,False,D,1,601,1191.8800048828125
20200104_prof.nc,2020-01-04,5903860,-12.585,65.918,False,D,1,72,1983.0999755859375
20200104_prof.nc,2020-01-04,5902377,-35.36238,130.12234,False,D,1,973,1935.3199462890625
20200104_prof.nc,2020-01-04,2901892,9.595,88.598,True,D,1,298,1944.6500244140625
20200104_prof.nc,2020-01-04,1901858,-47.9706,29.2829,False,D,1,57,1898.5
20200104_prof.nc,2020-01-04,5904246,-26.562,68.719,False,D,1,997,1995.5999755859375
20200104_prof.nc,2020-01-04,5902523,-41.82215,126.18013,False,D,1,550,5087.0
20200104_prof.nc,2020-01-04,5905422,-27.4514,103.2227,False,D,1,1000,2001.4000244140625
20200104_prof.nc,2020-01-04,5905135,-49.29,28.126,False,D,1,500,1998.760009765625
20200104_prof.nc,2020-01-04,5904817,-56.566,115.009,False,D,1,509,1997.5999755859375
20200104_prof.nc,2020-01-04,1902334,-20.071,67.411,False,A,1,905,1809.199951171875
20200104_prof.nc,2020-01-04,5904110,-45.235,140.407,False,D,1,71,1999.699951171875
20200104_prof.nc,2020-01-04,3901647,-52.082,61.467,False,D,1,97,2014.0
20200104_prof.nc,2020-01-04,7900632,-64.012,92.938,False,D,8,1008,2015.0
20200104_prof.nc,2020-01-04,2901896,4.746,86.3243,False,D,1,331,999.4000244140625
20200104_prof.nc,2020-01-04,5905211,-13.9822,114.9221,False,D,1,1000,2001.800048828125
20200104_prof.nc,2020-01-04,2902185,-15.752,63.146,False,D,1,58,1899.4000244140625
20200104_prof.nc,2020-01-04,1901290,-62.0729,62.5325,False,D,1,68,1900.300048828125
20200104_prof.nc,2020-01-04,5904447,-25.268,80.856,False,D,1,71,2000.300048828125
20200104_prof.nc,2020-01-04,5905404,-13.728,110.2025,False,D,1,1002,2005.9000244140625
20200104_prof.nc,2020-01-04,2902234,14.616666666666667,85.38333333333334,True,D,1,267,2011.4000244140625
20200104_prof.nc,2020-01-04,2902235,13.616666666666667,92.25,True,D,1,248,1576.5999755859375
20200104_prof.nc,2020-01-04,2902233,13.283333333333333,86.63333333333334,True,D,1,269,1983.699951171875
20200104_prof.nc,2020-01-04,5902353,-28.72908,74.87288,False,D,1,606,1201.719970703125
20200104_prof.nc,2020-01-04,1901875,-40.9635,46.4886,False,D,1,587,1949.0999755859375
20200104_prof.nc,2020-01-04,2902232,10.766666666666667,85.53333333333333,True,D,1,266,1981.0
20200104_prof.nc,2020-01-04,7900612,-50.445,110.171,False,D,1,997,1995.5
20200104_prof.nc,2020-01-04,7900866,-61.364,97.405,False,A,1,927,3707.800048828125
20200104_prof.nc,2020-01-04,5903227,-48.553,55.781,False,D,1,69,1999.0
20200104_prof.nc,2020-01-04,5905014,-11.448,109.99,False,D,1,997,1993.199951171875
20200104_prof.nc,2020-01-04,2903135,5.17747,86.45904,True,D,1,1153,2005.3599853515625
20200104_prof.nc,2020-01-04,5905848,-39.257,106.678,False,A,1,1001,4004.39990234375
20200104_prof.nc,2020-01-04,1902221,-41.05046,34.23854,False,D,1,1007,2004.0
20200104_prof.nc,2020-01-04,7900335,-62.558,99.101,False,D,1,989,1979.0
20200104_prof.nc,2020-01-04,5902470,-35.4398,128.38173,False,D,1,1005,1997.5999755859375
20200104_prof.nc,2020-01-04,1901840,-10.10636,70.69732,False,D,1,1006,2000.0400390625
20200104_prof.nc,2020-01-04,2901343,-31.053,71.36,False,D,1,58,1900.199951171875
20200105_prof.nc,2020-01-05,2902589,-26.305,66.64,False,D,1,100,1978.0
20200105_prof.nc,2020-01-05,2902200,12.828,63.314,True,D,1,59,1999.9000244140625
20200105_prof.nc,2020-01-05,5902356,-21.67086,69.85915,False,D,1,1000,1989.3599853515625
20200105_prof.nc,2020-01-05,5905775,-40.44157,77.36539,False,D,1,1008,2003.8800048828125
20200105_prof.nc,2020-01-05,5904415,-30.306,61.36,False,D,1,69,1899.5999755859375
20200105_prof.nc,2020-01-05,5902373,-38.34576,119.95777,False,D,1,596,1181.9200439453125
20200105_prof.nc,2020-01-05,1902226,-44.08761,29.92039,False,D,1,1152,2004.1600341796875
20200105_prof.nc,2020-01-05,5902364,-34.36846,91.11309,False,D,1,1003,1995.3599853515625
20200105_prof.nc,2020-01-05,5904897,-41.75,76.678,False,D,1,995,1989.9000244140625
20200105_prof.nc,2020-01-05,5903581,-47.328,103.086,False,D,1,71,2000.300048828125
20200105_prof.nc,2020-01-05,2902395,4.75481,77.74599,False,D,1,513,1016.1599731445312
20200105_prof.nc,2020-01-05,5903685,-42.314,107.213,False,D,1,71,2003.4000244140625
20200105_prof.nc,2020-01-05,5905213,-17.2633,116.3968,False,D,1,993,1988.0
20200105_prof.nc,2020-01-05,5905387,-18.167,102.349,False,D,1,995,1991.4000244140625
20200105_prof.nc,2020-01-05,3901958,-54.69976278217666,52.26311870007085,False,D,8,599,2002.199951171875
20200105_prof.nc,2020-01-05,1902202,-4.311,48.444,False,D,1,994,1990.4000244140625
20200105_prof.nc,2020-01-05,2902394,5.02675,80.74952,True,D,1,505,999.8800048828125
20200105_prof.nc,2020-01-05,5902372,-37.71049,136.24952,False,D,1,563,1115.56005859375
20200105_prof.nc,2020-01-05,1901838,-62.76974,124.25224,False,D,1,952,1891.52001953125
20200105_prof.nc,2020-01-05,1902192,-22.301,42.02,False,D,1,985,1972.199951171875
20200105_prof.nc,2020-01-05,4903028,-11.479,48.465,False,D,1,1001,2004.300048828125
20200105_prof.nc,2020-01-05,5906205,-35.022,57.417,False,D,1,489,1799.9000244140625
20200105_prof.nc,2020-01-05,2901344,-37.429,84.99,False,D,1,58,1899.5999755859375
20200105_prof.nc,2020-01-05,5902350,-27.67453,85.81366,False,D,1,907,1803.239990234375
20200105_prof.nc,2020-01-05,5904684,-62.942,123.676,False,D,1,495,1598.719970703125
20200105_prof.nc,2020-01-05,7900644,-63.55894470214844,56.18380355834961,False,D,1,998,1998.0
20200105_prof.nc,2020-01-05,1902026,-15.8673,52.06349,False,D,1,1002,1992.52001953125
20200105_prof.nc,2020-01-05,5904722,-7.663,81.971,False,D,1,991,1984.199951171875
20200105_prof.nc,2020-01-05,6901982,-44.109,39.927,False,D,1,51,949.2999877929688
20200105_prof.nc,2020-01-05,2902264,13.119488333333333,88.57512666666666,True,D,1,340,1968.199951171875
20200105_prof.nc,2020-01-05,2902239,1.08819,84.45859166666666,False,R,1,340,1974.300048828125
20200105_prof.nc,2020-01-05,7900110,-57.0702,25.07018,False,D,1,1007,2003.6400146484375
20200105_prof.nc,2020-01-05,2902219,-33.229,51.694,False,D,1,59,1999.5999755859375
20200105_prof.nc,2020-01-05,5905877,-50.8856,112.2279,False,D,1,1005,2011.0999755859375
20200105_prof.nc,2020-01-05,7900111,-46.40556,90.18414,False,D,1,1002,1993.4000244140625
20200105_prof.nc,2020-01-05,5902369,-41.17938,119.64796,False,D,1,1000,1989.8800048828125
20200105_prof.nc,2020-01-05,1902201,-12.58,65.44,False,D,1,1003,2007.699951171875
20200105_prof.nc,2020-01-05,1902225,-33.85748,38.85579,False,D,1,1154,2007.8800048828125
20200105_prof.nc,2020-01-05,5905071,-37.207,84.579,False,D,1,508,1949.300048828125
20200105_prof.nc,2020-01-05,2902199,15.121,68.41,True,A,1,993,1985.4000244140625
20200105_prof.nc,2020-01-05,5902360,-34.87434,69.03386,False,D,1,509,1007.3200073242188
20200105_prof.nc,2020-01-05,5904835,-11.183,74.616,False,D,1,510,1997.9000244140625
20200105_prof.nc,2020-01-05,6902833,-55.013,90.031,False,D,1,97,2010.0
20200105_prof.nc,2020-01-05,1902029,-33.50426,36.82759,False,D,1,1008,2003.199951171875
20200105_prof.nc,2020-01-05,7900643,-62.81775665283203,57.6105842590332,False,D,1,1003,2007.6300048828125
20200105_prof.nc,2020-01-05,2901858,12.498,71.703,True,D,1,66,1501.5999755859375
20200105_prof.nc,2020-01-05,6902943,14.068953333333333,60.74151166666667,True,D,1,910,1527.4000244140625
20200105_prof.nc,2020-01-05,2902278,17.441,91.609,True,D,1,101,1990.0
20200105_prof.nc,2020-01-05,2902279,18.183,91.177,True,D,1,101,1983.0
20200105_prof.nc,2020-01-05,5903909,-18.008,91.755,False,D,1,70,2000.0
20200105_prof.nc,2020-01-05,2903132,4.52629,87.47856,False,D,1,1012,2011.56005859375
20200105_prof.nc,2020-01-05,6901699,-52.947,44.174,False,D,1,33,317.0
20200105_prof.nc,2020-01-05,2902290,-8.936,75.086,False,D,1,336,2011.0
20200105_prof.nc,2020-01-05,5902344,-24.7701,103.47754,False,D,1,1001,1991.1600341796875
20200105_prof.nc,2020-01-05,5902352,-36.41286,97.75521,False,D,1,605,1199.800048828125
20200105_prof.nc,2020-01-05,7900393,-62.858,144.774,False,D,1,993,1987.4000244140625
20200105_prof.nc,2020-01-05,1901842,-5.24779,64.35752,False,D,1,1003,1993.5999755859375
20200105_prof.nc,2020-01-05,5905179,-20.1066,98.5264,False,D,1,1001,2003.0
20200105_prof.nc,2020-01-05,5904816,-36.239,99.908,False,D,1,507,1897.5999755859375
20200105_prof.nc,2020-01-05,3901883,-50.26156666666667,28.708043333333332,False,D,1,956,1969.4000244140625
20200105_prof.nc,2020-01-05,6902941,-51.52213,93.551585,False,D,1,1019,2012.699951171875
20200105_prof.nc,2020-01-05,6902939,-47.86456,83.43964,False,D,1,1017,2018.0
20200105_prof.nc,2020-01-05,5902347,-41.98232,106.95931,False,D,1,613,1215.3599853515625
20200105_prof.nc,2020-01-05,5905774,-37.7867,89.56134,False,D,1,1012,2011.47998046875
20200105_prof.nc,2020-01-05,5906000,-63.14236845,97.8507753,False,D,8,498,1799.2099609375
20200105_prof.nc,2020-01-05,1902332,-11.609,78.886,False,A,1,370,978.7000122070312
20200105_prof.nc,2020-01-05,5904891,-38.025,97.274,False,D,1,998,1997.300048828125
20200105_prof.nc,2020-01-05,2902188,0.163,59.376,False,D,1,290,1947.8499755859375
20200105_prof.nc,2020-01-05,5905180,-18.2694,99.3499,False,D,1,993,1987.0999755859375
20200105_prof.nc,2020-01-05,1901302,-41.499,122.4154,False,D,1,70,2000.199951171875
20200105_prof.nc,2020-01-05,5902345,-35.55516,112.72931,False,D,1,611,1211.47998046875
20200105_prof.nc,2020-01-05,5904445,-22.726,72.208,False,D,1,70,1949.199951171875
20200105_prof.nc,2020-01-05,7900198,-55.59761,38.0355,False,D,1,1006,1999.1600341796875
20200105_prof.nc,2020-01-05,5902353,-28.67462,74.81023,False,D,1,908,1805.760009765625
20200105_prof.nc,2020-01-05,1901331,-5.471,67.511,False,D,1,990,1981.199951171875
20200105_prof.nc,2020-01-05,5904790,-46.243,119.593,False,D,1,511,1997.199951171875
20200105_prof.nc,2020-01-05,5902498,-45.68651,115.51994,False,D,1,1008,2003.8399658203125
20200105_prof.nc,2020-01-05,6902905,-49.83714,66.52405833333333,False,D,1,323,994.0
20200105_prof.nc,2020-01-05,5905233,-63.72,128.955,False,A,1,770,3885.300048828125
20200105_prof.nc,2020-01-05,2902248,-58.216,109.32,False,D,1,101,2007.0
20200105_prof.nc,2020-01-05,7900513,-48.81355666666666,39.07083166666666,False,D,1,97,2000.9000244140625
20200105_prof.nc,2020-01-05,2902294,8.56137,89.33741,True,D,1,966,1981.0699462890625
20200105_prof.nc,2020-01-05,7900514,-45.806513333333335,22.770648333333334,False,D,1,92,2011.9000244140625
20200105_prof.nc,2020-01-05,7900641,-58.471943,51.206627,False,D,1,993,1987.3499755859375
20200105_prof.nc,2020-01-05,5905424,-26.7594,96.4608,False,D,1,1000,2001.5999755859375
20200105_prof.nc,2020-01-05,6902734,-48.05410166666667,110.44192833333334,False,D,1,322,981.0
20200105_prof.nc,2020-01-05,5902488,-14.991,106.60415,False,D,1,1003,1993.719970703125
20200105_prof.nc,2020-01-05,5902499,-48.19196,136.73284,False,D,1,1004,1995.280029296875
20200105_prof.nc,2020-01-05,2902162,-14.35,51.629,False,D,1,59,2000.800048828125
20200105_prof.nc,2020-01-05,5905082,15.121,54.2,True,D,1,509,1997.199951171875
20200105_prof.nc,2020-01-05,1901393,-47.629,140.086,False,D,1,70,1949.5999755859375
20200105_prof.nc,2020-01-05,5904895,-23.784,74.195,False,D,1,998,1995.300048828125
20200105_prof.nc,2020-01-05,2902198,11.225,60.212,True,D,1,59,2000.9000244140625
20200105_prof.nc,2020-01-05,2902663,10.302,69.739,True,D,1,101,1985.0
20200105_prof.nc,2020-01-05,1902338,-40.204,38.535,False,A,1,1008,2017.0999755859375
20200105_prof.nc,2020-01-05,2902236,16.816666666666666,85.4,True,A,1,103,2010.0999755859375
20200105_prof.nc,2020-01-05,2903390,-4.969,79.543,False,A,1,1127,4512.5
20200105_prof.nc,2020-01-05,1901441,-2.416,97.484,False,D,1,72,1979.0999755859375
20200105_prof.nc,2020-01-05,1901841,-12.02095,64.33537,False,D,1,1009,2005.0400390625
20200105_prof.nc,2020-01-05,5905168,-40.388,125.234,False,D,1,993,1987.699951171875
20200105_prof.nc,2020-01-05,3901113,-48.21832,53.57565,False,D,1,1008,2005.760009765625
20200105_prof.nc,2020-01-05,7900868,-62.51,122.395,False,R,1,873,3498.0
20200106_prof.nc,2020-01-06,5902372,-37.76577,136.16255,False,D,1,934,1857.9599609375
20200106_prof.nc,2020-01-06,1902333,-19.878,80.353,False,A,1,1126,4505.89990234375
20200106_prof.nc,2020-01-06,5905174,-37.2588,91.8576,False,D,1,1004,2008.300048828125
20200106_prof.nc,2020-01-06,2902223,-51.615,135.652,False,D,1,58,1899.800048828125
20200106_prof.nc,2020-01-06,2902147,-8.071,55.246,False,D,1,58,1899.9000244140625
20200106_prof.nc,2020-01-06,5904788,-26.705,42.176,False,D,1,509,1997.9000244140625
20200106_prof.nc,2020-01-06,5904837,-34.691,39.508,False,D,1,510,1997.9000244140625
20200106_prof.nc,2020-01-06,3901222,-47.70436,55.74591,False,D,1,1013,2016.3199462890625
20200106_prof.nc,2020-01-06,1902191,-19.55,51.219,False,D,1,978,1958.0
20200106_prof.nc,2020-01-06,1901843,-15.3963,70.5402,False,D,1,1008,2003.280029296875
20200106_prof.nc,2020-01-06,5905878,-54.8678,111.3888,False,D,1,1007,2015.4000244140625
20200106_prof.nc,2020-01-06,1902194,4.871,64.212,False,D,1,1000,2002.199951171875
20200106_prof.nc,2020-01-06,1901320,-40.307,71.32,False,D,1,69,1803.0999755859375
20200106_prof.nc,2020-01-06,5906007,-56.945,36.56,False,D,1,498,1798.8299560546875
20200106_prof.nc,2020-01-06,5904450,-27.818,99.423,False,D,1,70,1950.0
20200106_prof.nc,2020-01-06,2903131,1.24699,84.47116,False,D,1,1010,2009.1199951171875
20200106_prof.nc,2020-01-06,5905368,-51.383,81.994,False,D,1,498,1997.0400390625
20200106_prof.nc,2020-01-06,2902275,20.113199,68.163063,True,D,1,992,1985.780029296875
20200106_prof.nc,2020-01-06,7900617,-55.835,98.332,False,D,1,996,1993.0999755859375
20200106_prof.nc,2020-01-06,2902220,-33.247,40.313,False,D,1,58,1900.199951171875
20200106_prof.nc,2020-01-06,5902360,-34.84659,69.06492,False,D,1,996,1981.800048828125
20200106_prof.nc,2020-01-06,2903391,-9.777,79.863,False,A,1,1124,4500.7001953125
20200106_prof.nc,2020-01-06,2901849,4.0,64.453,False,D,1,71,2002.4000244140625
20200106_prof.nc,2020-01-06,1901304,-43.8959,53.9837,False,A,1,71,2000.0999755859375
20200106_prof.nc,2020-01-06,5904569,-16.566,94.624,False,D,1,996,1993.800048828125
20200106_prof.nc,2020-01-06,5905085,11.009,63.512,True,D,1,510,1947.199951171875
20200106_prof.nc,2020-01-06,5905084,11.989,60.527,True,D,1,509,1997.9000244140625
20200106_prof.nc,2020-01-06,6902759,-40.899,77.717,False,D,1,98,1964.0
20200106_prof.nc,2020-01-06,5904815,-27.658,108.048,False,D,1,509,1997.699951171875
20200106_prof.nc,2020-01-06,6902946,10.970843333333333,44.55087833333333,False,D,1,614,1053.4000244140625
20200106_prof.nc,2020-01-06,6902947,11.662218333333334,46.74349,True,D,1,698,1208.9000244140625
20200106_prof.nc,2020-01-06,6902948,13.47179,49.47604333333334,True,D,1,700,1221.5
20200106_prof.nc,2020-01-06,2902288,-5.865,84.608,False,D,1,102,2009.0
20200106_prof.nc,2020-01-06,2902146,-4.6980916666666666,100.12287666666667,False,D,1,96,1989.199951171875
20200106_prof.nc,2020-01-06,2902282,16.842,89.407,True,D,1,103,2031.0
20200106_prof.nc,2020-01-06,5902347,-41.98238,106.98604,False,D,1,998,1985.239990234375
20200106_prof.nc,2020-01-06,2902289,-7.038,79.84,False,D,1,100,1938.0
20200106_prof.nc,2020-01-06,2902280,15.707,92.544,True,D,1,94,1976.0
20200106_prof.nc,2020-01-06,2902267,16.345,58.189,True,D,1,334,1961.0
20200106_prof.nc,2020-01-06,1901163,1.759,48.234,False,D,1,71,2003.9000244140625
20200106_prof.nc,2020-01-06,3901539,-46.7115,49.9296,False,D,1,55,1699.300048828125
20200106_prof.nc,2020-01-06,2902201,18.38,61.371,True,D,1,58,1899.9000244140625
20200106_prof.nc,2020-01-06,2902255,13.176,62.742,True,A,1,311,1964.0
20200106_prof.nc,2020-01-06,7900678,-64.06404,140.13274,False,D,1,544,3676.60009765625
20200106_prof.nc,2020-01-06,5904825,-28.818,33.556,False,D,1,509,1997.9000244140625
20200106_prof.nc,2020-01-06,1902332,-11.594,78.841,False,A,1,370,978.5
20200106_prof.nc,2020-01-06,7900678,-64.06299,140.13443,False,A,1,0,
20200106_prof.nc,2020-01-06,6902942,-46.232595,112.06485833333333,False,D,1,1006,1982.800048828125
20200106_prof.nc,2020-01-06,5904800,-35.517,121.086,False,D,1,510,1997.699951171875
20200106_prof.nc,2020-01-06,7900116,-38.08179,27.35102,False,D,1,1003,1995.9599609375
20200106_prof.nc,2020-01-06,5904436,-44.625,131.878,False,D,1,70,1949.5
20200106_prof.nc,2020-01-06,6902951,-8.007061666666667,49.68689166666667,False,D,1,966,2007.300048828125
20200106_prof.nc,2020-01-06,5905177,-23.567,104.339,False,D,1,996,1991.5999755859375
20200106_prof.nc,2020-01-06,1901742,-50.8589,94.5509,False,D,1,1122,2246.0
20200106_prof.nc,2020-01-06,1902337,-36.3594,57.504,False,D,1,1007,2015.5
20200106_prof.nc,2020-01-06,2902680,10.459,90.902,True,D,1,74,1998.0
20200106_prof.nc,2020-01-06,5905195,-34.1695,129.0706,False,D,1,997,1996.199951171875
20200106_prof.nc,2020-01-06,5902451,-53.70867,140.08765,False,D,1,1005,1997.5999755859375
20200106_prof.nc,2020-01-06,5906034,-62.88,28.054,False,D,1,501,1998.6600341796875
20200106_prof.nc,2020-01-06,5904832,-29.17,40.211,False,D,1,510,1998.0999755859375
20200106_prof.nc,2020-01-06,7900647,-64.3302001953125,50.2163200378418,False,D,1,1002,2005.3399658203125
20200106_prof.nc,2020-01-06,2902257,17.312,70.317,True,D,1,337,1987.0
20200106_prof.nc,2020-01-06,2902256,17.334,64.171,True,D,1,334,1988.0
20200106_prof.nc,2020-01-06,7900642,-62.225704,30.506191,False,D,1,994,1989.989990234375
20200106_prof.nc,2020-01-06,1901698,-58.18131,128.35593,False,D,1,514,1017.4400024414062
20200106_prof.nc,2020-01-06,5904456,-26.217,43.164,False,D,1,71,1999.9000244140625
20200106_prof.nc,2020-01-06,2902163,-29.802,44.203,False,D,1,58,1899.4000244140625
20200106_prof.nc,2020-01-06,2902222,-53.044,100.78,False,D,1,59,1999.0
20200106_prof.nc,2020-01-06,5902526,-38.19967,117.53812,False,D,1,616,5266.10009765625
20200106_prof.nc,2020-01-06,5902500,-45.88115,99.76129,False,D,1,1006,1999.47998046875
20200106_prof.nc,2020-01-06,2902689,-14.052,75.164,False,D,1,69,1900.300048828125
20200106_prof.nc,2020-01-06,1901747,-35.846927642822266,57.49321365356445,False,D,1,996,1993.6099853515625
20200106_prof.nc,2020-01-06,3901538,-40.2212,26.6037,False,D,1,56,1900.5
20200106_prof.nc,2020-01-06,7900515,-49.519621666666666,28.602136666666667,False,D,1,96,2027.199951171875
20200106_prof.nc,2020-01-06,7900511,-52.36273,34.832053333333334,False,D,1,96,1976.800048828125
20200106_prof.nc,2020-01-06,7900510,-55.211821666666665,29.436756666666668,False,D,1,97,2002.9000244140625
20200106_prof.nc,2020-01-06,5905083,9.597,67.373,True,D,1,511,1997.5999755859375
20200106_prof.nc,2020-01-06,7900512,-47.490385,37.70791833333333,False,D,1,96,1986.0
20200106_prof.nc,2020-01-06,5902351,-32.11014,96.80893,False,D,1,598,1185.8399658203125
20200106_prof.nc,2020-01-06,7900646,-64.05664825439453,52.23876190185547,False,D,1,996,1991.989990234375
20200106_prof.nc,2020-01-06,6903220,-47.258376999999996,75.2592826,False,D,1,162,1989.5999755859375
20200106_prof.nc,2020-01-06,7900865,-62.903,88.9135,False,D,1,1006,2013.5
20200106_prof.nc,2020-01-06,5902357,-21.19034,72.54909,False,D,1,609,1207.199951171875
20200106_prof.nc,2020-01-06,5904257,-42.133,132.011,False,D,1,995,1989.4000244140625
20200106_prof.nc,2020-01-06,5902354,-29.89992,97.30918,False,D,1,604,1197.719970703125
20200106_prof.nc,2020-01-06,1902214,-41.70095,28.20462,False,D,1,1012,2013.1600341796875
20200106_prof.nc,2020-01-06,1901835,-55.20019,131.01825,False,D,1,1002,1991.5999755859375
20200106_prof.nc,2020-01-06,2902186,-7.074,63.827,False,D,1,271,1898.239990234375
20200106_prof.nc,2020-01-06,2902557,12.977,46.715,True,D,1,99,1934.0
20200106_prof.nc,2020-01-06,2902605,9.929,88.577,True,D,1,99,1977.0
20200106_prof.nc,2020-01-06,5904239,-32.594,108.1,False,D,1,994,1990.5
20200106_prof.nc,2020-01-06,5903694,-18.464,72.948,False,D,1,70,1987.0999755859375
20200107_prof.nc,2020-01-07,2902388,10.20725,65.94666,True,D,1,522,1033.3599853515625
20200107_prof.nc,2020-01-07,2902606,1.226,78.939,False,D,1,100,1982.0
20200107_prof.nc,2020-01-07,2901900,8.9116,55.624,True,D,1,54,1982.4000244140625
20200107_prof.nc,2020-01-07,7900864,-56.071,88.888,False,A,1,558,2234.89990234375
20200107_prof.nc,2020-01-07,1901794,-41.76232,30.21822,False,D,1,511,1011.5599975585938
20200107_prof.nc,2020-01-07,1901884,-35.8473,45.4322,False,D,1,57,1900.0
20200107_prof.nc,2020-01-07,1901834,-50.29306,125.59589,False,D,1,1002,1991.280029296875
20200107_prof.nc,2020-01-07,1902269,-56.052,31.559,False,D,1,995,1989.5
20200107_prof.nc,2020-01-07,5905996,-50.067,22.441,False,D,1,509,2001.0999755859375
20200107_prof.nc,2020-01-07,1901881,-22.3516,37.4068,False,D,1,57,1900.0
20200107_prof.nc,2020-01-07,5904831,-9.929,67.874,False,D,1,511,1997.0
20200107_prof.nc,2020-01-07,5904446,-31.37,114.527,False,D,1,69,1897.0
20200107_prof.nc,2020-01-07,1901443,-7.493,76.444,False,D,1,69,1697.9000244140625
20200107_prof.nc,2020-01-07,5904659,-49.039,49.902,False,D,1,498,1798.77001953125
20200107_prof.nc,2020-01-07,3901960,-63.034391666666664,71.684275,False,D,1,604,2026.0
20200107_prof.nc,2020-01-07,5904830,-17.25,65.085,False,D,1,509,2000.9000244140625
20200107_prof.nc,2020-01-07,5904809,-49.379,131.596,False,D,1,510,1997.5999755859375
20200107_prof.nc,2020-01-07,1901902,-12.8479,42.4443,False,A,1,66,1997.5999755859375
20200107_prof.nc,2020-01-07,1902212,-42.11148,21.44686,False,D,1,1009,2007.239990234375
20200107_prof.nc,2020-01-07,1902190,-13.414,54.593,False,D,1,1001,2003.699951171875
20200107_prof.nc,2020-01-07,5904846,-37.845,138.09,False,D,1,509,1949.5999755859375
20200107_prof.nc,2020-01-07,1902043,-30.35425,61.08036,False,D,1,1007,2001.9200439453125
20200107_prof.nc,2020-01-07,5905196,-35.2667,131.8227,False,D,1,869,1737.0
20200107_prof.nc,2020-01-07,5902490,-16.84312,94.69197,False,D,1,1004,1996.43994140625
20200107_prof.nc,2020-01-07,1901802,-14.283,63.863,False,D,1,999,1999.699951171875
20200107_prof.nc,2020-01-07,5905021,-10.767,113.548,False,D,1,995,1991.0999755859375
20200107_prof.nc,2020-01-07,1902045,-40.16855,51.68748,False,D,1,1011,2010.1600341796875
20200107_prof.nc,2020-01-07,2902261,13.955,68.951,True,D,1,336,1982.0
20200107_prof.nc,2020-01-07,2902260,11.75,70.671,True,D,1,333,1976.0
20200107_prof.nc,2020-01-07,2902259,13.98,64.792,True,D,1,335,2026.0
20200107_prof.nc,2020-01-07,5905175,-41.0082,99.0076,False,D,1,999,1999.5
20200107_prof.nc,2020-01-07,2902244,0.06301833333333333,71.856985,False,R,1,341,2007.699951171875
20200107_prof.nc,2020-01-07,2902245,2.7015716666666667,89.37752333333333,False,R,1,340,1966.5999755859375
20200107_prof.nc,2020-01-07,2902243,0.5390116666666667,88.96457166666667,False,D,1,340,1973.5999755859375
20200107_prof.nc,2020-01-07,5905089,11.4,67.485,True,D,1,510,1997.9000244140625
20200107_prof.nc,2020-01-07,2902277,19.682463,66.372787,True,D,1,995,1991.449951171875
20200107_prof.nc,2020-01-07,5905170,-41.7131,115.6119,False,D,1,986,1974.0999755859375
20200107_prof.nc,2020-01-07,5902526,-38.20168,117.55209,False,D,1,623,5303.89990234375
20200107_prof.nc,2020-01-07,2902393,11.55355,68.18897,True,D,1,513,1016.1199951171875
20200107_prof.nc,2020-01-07,6902943,14.018288333333333,60.77231833333333,True,D,1,921,1537.800048828125
20200107_prof.nc,2020-01-07,1901444,-6.919,100.877,False,D,1,72,2000.4000244140625
20200107_prof.nc,2020-01-07,2902268,18.077,61.438,True,D,1,336,2009.0
20200107_prof.nc,2020-01-07,2901861,0.841,70.6549,False,D,1,989,1979.0999755859375
20200107_prof.nc,2020-01-07,2902287,-4.074,80.295,False,D,1,101,2014.0
20200107_prof.nc,2020-01-07,5905416,-17.3392,115.8103,False,D,1,994,1987.0
20200107_prof.nc,2020-01-07,2902283,14.103,87.579,True,D,1,101,2006.0
20200107_prof.nc,2020-01-07,5902345,-35.68563,113.13965,False,D,1,629,1247.4000244140625
20200107_prof.nc,2020-01-07,1901514,1.626,44.635,False,A,1,1,-0.20000000298023224
20200107_prof.nc,2020-01-07,2902203,16.772,65.401,True,D,1,59,2000.5999755859375
20200107_prof.nc,2020-01-07,5904658,-43.659,22.226,False,D,1,498,1898.27001953125
20200107_prof.nc,2020-01-07,2902181,-1.034,79.831,False,D,1,271,1997.9599609375
20200107_prof.nc,2020-01-07,5904426,-38.837,135.277,False,D,1,68,1849.5
20200107_prof.nc,2020-01-07,2901851,7.907,66.419,True,D,1,70,1972.5
20200107_prof.nc,2020-01-07,5904241,-37.93,91.058,False,D,1,997,1995.699951171875
20200107_prof.nc,2020-01-07,2902149,-4.781,91.691,False,D,1,57,1899.5
20200107_prof.nc,2020-01-07,1902332,-11.573,78.797,False,A,1,370,978.7999877929688
20200107_prof.nc,2020-01-07,1902040,-35.71289,68.70968,False,D,1,1007,2002.239990234375
20200107_prof.nc,2020-01-07,1901736,-13.5648,84.397,False,D,1,1002,2005.300048828125
20200107_prof.nc,2020-01-07,2903130,2.19865,89.70422,False,D,1,1007,2003.8800048828125
20200107_prof.nc,2020-01-07,6902949,-9.553138333333333,42.25192,False,D,1,1001,2026.800048828125
20200107_prof.nc,2020-01-07,6902950,-3.085255,43.169195,False,D,1,1011,2011.0999755859375
20200107_prof.nc,2020-01-07,2902118,13.231211666666667,68.56990833333333,True,D,1,137,1977.5
20200107_prof.nc,2020-01-07,5904836,-12.427,64.242,False,D,1,509,1997.5
20200107_prof.nc,2020-01-07,5905088,9.845,70.194,True,D,1,510,1997.4000244140625
20200107_prof.nc,2020-01-07,5904892,-29.918,95.466,False,D,1,988,1976.4000244140625
20200107_prof.nc,2020-01-07,5904813,-41.421,105.467,False,D,1,510,1998.0999755859375
20200107_prof.nc,2020-01-07,5906002,-57.086,95.915,False,D,1,498,1799.7099609375
20200107_prof.nc,2020-01-07,1901873,-40.9424,39.1607,False,D,1,526,2001.06005859375
20200107_prof.nc,2020-01-07,3901507,-41.6935,40.749,False,D,1,58,1900.0
20200107_prof.nc,2020-01-07,5904824,-15.857,68.459,False,D,1,511,1997.5
20200107_prof.nc,2020-01-07,5905432,-17.393640518188477,108.49116516113281,False,D,1,970,1993.6400146484375
20200107_prof.nc,2020-01-07,5904905,-17.875,89.119,False,D,1,997,1995.300048828125
20200107_prof.nc,2020-01-07,6902905,-49.81632333333334,66.464135,False,D,1,323,992.2999877929688
20200107_prof.nc,2020-01-07,5905189,-38.944,137.262,False,D,1,993,1987.199951171875
20200107_prof.nc,2020-01-07,3901916,-42.82029333333333,41.599203333333335,False,D,1,363,1895.0
20200107_prof.nc,2020-01-07,2902249,-61.625,70.449,False,D,1,337,2012.0
20200107_prof.nc,2020-01-07,2902250,-40.876,99.024,False,D,1,331,2001.0
20200107_prof.nc,2020-01-07,2902170,-61.29878910945702,132.34511693172985,False,R,2,98,2028.800048828125
20200107_prof.nc,2020-01-07,3901917,-43.027165,32.17102166666667,False,D,1,377,2022.4000244140625
20200107_prof.nc,2020-01-07,2901860,13.332,55.422,True,D,1,996,1992.0
20200107_prof.nc,2020-01-07,5904833,-18.53,113.379,False,D,1,498,1394.5
20200107_prof.nc,2020-01-07,3901914,-45.496361666666665,62.44502166666667,False,D,1,377,2013.5
20200107_prof.nc,2020-01-07,3901913,-32.13516333333333,53.244946666666664,False,D,1,376,2001.9000244140625
20200107_prof.nc,2020-01-07,2902148,-1.053,91.503,False,D,1,59,2000.0999755859375
20200107_prof.nc,2020-01-07,6902734,-47.938255,111.53491166666667,False,D,1,324,1002.0999755859375
20200107_prof.nc,2020-01-07,5905214,-16.1282,106.0895,False,D,1,994,1989.199951171875
20200107_prof.nc,2020-01-07,5904453,-29.51,100.678,False,D,1,70,1948.4000244140625
20200107_prof.nc,2020-01-07,7900677,-57.97203,123.88535,False,D,1,555,4748.89990234375
20200107_prof.nc,2020-01-07,1901340,-22.48,77.827,False,D,1,997,1993.300048828125
20200107_prof.nc,2020-01-07,2903390,-4.981,79.519,False,A,1,1123,4501.7998046875
20200107_prof.nc,2020-01-07,5906030,-51.682,46.349,False,D,1,498,1798.989990234375
20200107_prof.nc,2020-01-07,2902390,15.36331,59.97665,True,D,1,951,1891.9200439453125
20200107_prof.nc,2020-01-07,1901901,-8.1252,41.8604,False,D,1,90,1995.9000244140625
20200107_prof.nc,2020-01-07,1901787,-21.16642,71.02142,False,D,1,629,1247.43994140625
20200107_prof.nc,2020-01-07,1902041,-32.62768,67.66376,False,D,1,1007,2002.0
20200107_prof.nc,2020-01-07,1902335,-30.025,55.191,False,A,1,1124,4507.7001953125
20200107_prof.nc,2020-01-07,5904791,-36.562,122.854,False,D,1,511,1996.699951171875
20200107_prof.nc,2020-01-07,5902373,-38.33194,119.91693,False,D,1,999,1987.280029296875
20200107_prof.nc,2020-01-07,2902622,3.106,51.703,False,D,1,97,1963.0
20200107_prof.nc,2020-01-07,5905415,-24.6972283333333,109.886345,False,D,1,1014,2023.0
20200107_prof.nc,2020-01-07,5904798,-48.655,126.376,False,D,1,510,1997.5
20200107_prof.nc,2020-01-07,5905366,-53.788,66.275,False,D,1,501,1998.72998046875
20200108_prof.nc,2020-01-08,1901871,-12.136,44.4225,False,A,1,1,3276.800048828125
20200108_prof.nc,2020-01-08,5905070,-57.363,128.544,False,D,1,500,1999.3199462890625
20200108_prof.nc,2020-01-08,5902492,-20.85676,89.02205,False,D,1,1004,1995.6800537109375
20200108_prof.nc,2020-01-08,1901605,1.807,44.923,False,D,1,2,0.30000001192092896
20200108_prof.nc,2020-01-08,2901854,1.779,60.552,False,D,1,997,1995.9000244140625
20200108_prof.nc,2020-01-08,1902031,-37.83841,59.58309,False,D,1,1016,2019.3199462890625
20200108_prof.nc,2020-01-08,2902614,-1.578,96.295,False,D,1,100,1985.0
20200108_prof.nc,2020-01-08,1901796,-24.92795,50.08243,False,D,1,506,1001.6400146484375
20200108_prof.nc,2020-01-08,5905215,-57.81,110.851,False,D,1,116,1996.199951171875
20200108_prof.nc,2020-01-08,5905217,-59.535,130.418,False,D,1,116,1999.699951171875
20200108_prof.nc,2020-01-08,1901812,-47.86076,144.81754,False,D,1,1023,2036.0
20200108_prof.nc,2020-01-08,1901516,-25.442,49.738,False,D,1,72,1993.0999755859375
20200108_prof.nc,2020-01-08,2902392,2.59304,48.0994,False,D,1,1021,2032.0799560546875
20200108_prof.nc,2020-01-08,5904244,-20.753,111.82,False,D,1,720,1440.9000244140625
20200108_prof.nc,2020-01-08,5902483,-39.98465,111.16895,False,D,1,1007,2001.43994140625
20200108_prof.nc,2020-01-08,5904821,-17.087,68.853,False,D,1,510,1997.5999755859375
20200108_prof.nc,2020-01-08,1901743,-61.30684280395508,49.41315460205078,False,D,1,995,1991.550048828125
20200108_prof.nc,2020-01-08,2903391,-9.734,79.86,False,A,1,1127,4508.0
20200108_prof.nc,2020-01-08,1902216,-42.6693,41.16194,False,D,1,1008,2006.0400390625
20200108_prof.nc,2020-01-08,5904686,-59.081,125.775,False,D,1,509,1947.699951171875
20200108_prof.nc,2020-01-08,1901789,-36.20655,27.30569,False,D,1,494,977.5599975585938
20200108_prof.nc,2020-01-08,5902489,-18.57337,106.34237,False,D,1,1007,2001.6400146484375
20200108_prof.nc,2020-01-08,5904689,-29.701,92.871,False,D,1,561,1997.9100341796875
20200108_prof.nc,2020-01-08,2902216,1.873,82.59,False,R,1,245,491.20001220703125
20200108_prof.nc,2020-01-08,2902183,-4.415,89.025,False,D,1,292,1999.300048828125
20200108_prof.nc,2020-01-08,2902179,-3.482,75.6,False,A,1,246,492.0
20200108_prof.nc,2020-01-08,5902362,-46.22495,109.53119,False,D,1,506,1001.52001953125
20200108_prof.nc,2020-01-08,1902196,2.458,64.811,False,D,1,1002,2006.0999755859375
20200108_prof.nc,2020-01-08,2902262,11.908,58.408,True,D,1,337,1986.0
20200108_prof.nc,2020-01-08,2902238,1.0170266666666667,85.93752666666667,False,R,1,340,1969.199951171875
20200108_prof.nc,2020-01-08,1901741,-55.6254,77.5089,False,D,1,1002,2005.199951171875
20200108_prof.nc,2020-01-08,1901345,-6.845,49.792,False,D,1,990,1982.5
20200108_prof.nc,2020-01-08,5904893,-27.926,62.608,False,D,1,997,1993.5
20200108_prof.nc,2020-01-08,5902502,-44.77892,107.53354,False,D,1,1010,2007.239990234375
20200108_prof.nc,2020-01-08,1901145,-50.064,141.717,False,D,1,69,1995.699951171875
20200108_prof.nc,2020-01-08,5905012,-20.324,113.661,False,D,1,563,1125.199951171875
20200108_prof.nc,2020-01-08,2902269,15.561,62.706,True,D,1,333,1982.0
20200108_prof.nc,2020-01-08,7900203,-46.52438,38.90594,False,D,1,1002,1993.280029296875
20200108_prof.nc,2020-01-08,1902030,-37.32972,30.03241,False,D,1,1004,1995.1600341796875
20200108_prof.nc,2020-01-08,6902946,11.138905,44.481653333333334,False,D,1,548,913.0
20200108_prof.nc,2020-01-08,3901223,-48.2784,53.39652,False,D,1,1007,2004.1600341796875
20200108_prof.nc,2020-01-08,6902948,13.24174,49.36631,True,D,1,699,1210.699951171875
20200108_prof.nc,2020-01-08,5904427,-44.261,71.859,False,D,1,71,1999.5999755859375
20200108_prof.nc,2020-01-08,6902947,11.943805,46.383608333333335,True,D,1,694,1225.699951171875
20200108_prof.nc,2020-01-08,1901325,-19.222,65.652,False,D,1,71,2006.800048828125
20200108_prof.nc,2020-01-08,1902332,-11.547,78.748,False,A,1,370,978.7999877929688
20200108_prof.nc,2020-01-08,2902165,-16.306,54.068,False,D,1,56,1799.5
20200108_prof.nc,2020-01-08,5905428,-30.6826,67.7824,False,D,1,996,1991.800048828125
20200108_prof.nc,2020-01-08,5902361,-26.70534,66.02236,False,D,1,523,1035.6800537109375
20200108_prof.nc,2020-01-08,2902187,-9.758,41.245,False,D,1,291,1947.4300537109375
20200108_prof.nc,2020-01-08,1901746,-51.058868,32.480648,False,D,1,995,1991.219970703125
20200108_prof.nc,2020-01-08,2901853,10.388,59.662,True,D,1,996,1992.0999755859375
20200108_prof.nc,2020-01-08,1902047,-32.87716,41.2348,False,D,1,1010,2007.800048828125
20200108_prof.nc,2020-01-08,2901345,-38.671,135.175,False,D,1,58,1899.9000244140625
20200108_prof.nc,2020-01-08,5905011,-26.192,107.273,False,D,1,986,1974.5
20200108_prof.nc,2020-01-08,1901897,10.7708,57.4613,True,D,1,54,2000.199951171875
20200108_prof.nc,2020-01-08,1902213,-47.21884,40.33712,False,D,1,1009,2007.52001953125
20200108_prof.nc,2020-01-08,5902481,-35.57412,123.23703,False,D,1,1008,2003.4000244140625
20200108_prof.nc,2020-01-08,1901748,-40.20142364501953,57.674861907958984,False,D,1,1001,2003.68994140625
20200108_prof.nc,2020-01-08,5902355,-27.22251,73.60879,False,D,1,562,1113.3199462890625
20200108_prof.nc,2020-01-08,2902120,16.669986666666667,66.15306166666667,True,D,1,137,1977.4000244140625
20200108_prof.nc,2020-01-08,5904819,-21.708,98.857,False,D,1,509,1997.300048828125
20200108_prof.nc,2020-01-08,2902137,-1.62,82.272,False,D,1,59,1998.699951171875
20200108_prof.nc,2020-01-08,5906208,-40.188,57.645,False,D,1,485,1600.22998046875
20200108_prof.nc,2020-01-08,5902345,-35.7833,113.27881,False,D,1,660,1309.800048828125
20200108_prof.nc,2020-01-08,5904242,-37.344,104.883,False,D,1,997,1995.300048828125
20200108_prof.nc,2020-01-08,1901701,-38.65815,65.01995,False,D,1,503,995.8400268554688
20200108_prof.nc,2020-01-08,5905849,-61.472,126.503,False,A,1,998,4007.10009765625
20200108_prof.nc,2020-01-08,1902046,-30.73227,51.01869,False,D,1,1008,2003.6800537109375
20200108_prof.nc,2020-01-08,5905018,-11.628,96.275,False,D,1,989,1977.0999755859375
20200108_prof.nc,2020-01-08,2902389,11.54517,63.2071,True,D,1,510,1009.3200073242188
20200108_prof.nc,2020-01-08,1902217,-38.63908,26.30165,False,D,1,1008,2005.4000244140625
20200108_prof.nc,2020-01-08,1902033,-47.83976,95.34815,False,D,1,1010,2007.719970703125
20200108_prof.nc,2020-01-08,1901447,-13.507,68.619,False,D,1,72,2002.5
20200108_prof.nc,2020-01-08,1901445,-11.072,94.124,False,D,1,71,1854.199951171875
20200108_prof.nc,2020-01-08,7900114,-36.99803,55.59832,False,D,1,974,1935.4000244140625
20200108_prof.nc,2020-01-08,5905876,-11.497,110.603,False,A,1,759,3045.39990234375
20200108_prof.nc,2020-01-08,5905201,-7.534,78.639,False,D,1,995,1991.9000244140625
20200108_prof.nc,2020-01-08,5905090,4.409,73.855,False,D,1,509,1996.5
20200108_prof.nc,2020-01-08,2901859,15.789,53.986,True,D,1,997,1993.800048828125
20200108_prof.nc,2020-01-08,3901920,-42.679,70.847,False,D,1,95,1958.0
20200108_prof.nc,2020-01-08,1901810,-41.43922,93.16166,False,D,1,1009,2007.52001953125
20200108_prof.nc,2020-01-08,2902230,12.5,85.2,True,D,1,263,2033.0999755859375
20200108_prof.nc,2020-01-08,1901739,12.481,59.464,True,D,1,991,1984.300048828125
20200108_prof.nc,2020-01-08,1901809,-43.82659,108.10297,False,D,1,1008,2006.280029296875
20200108_prof.nc,2020-01-08,1902024,-12.27663,49.76923,False,D,1,770,1527.52001953125
20200108_prof.nc,2020-01-08,7900113,-43.3369,36.90557,False,D,1,1002,1991.800048828125
20200108_prof.nc,2020-01-08,5904429,-29.378,93.667,False,D,1,68,1849.699951171875
20200108_prof.nc,2020-01-08,5905417,-14.1682,115.3021,False,D,1,999,2000.5
20200108_prof.nc,2020-01-08,1901872,-21.405,50.0207,False,R,1,49,2885.699951171875
20200108_prof.nc,2020-01-08,2902578,-2.337,95.711,False,D,1,101,1976.0
20200109_prof.nc,2020-01-09,5904820,-33.482,97.372,False,D,1,510,1997.800048828125
20200109_prof.nc,2020-01-09,5904854,-47.26,28.847,False,D,1,989,1998.6600341796875
20200109_prof.nc,2020-01-09,5904243,-22.54,80.986,False,D,1,951,1903.9000244140625
20200109_prof.nc,2020-01-09,1902025,-19.82065,50.28935,False,D,1,1006,2002.6400146484375
20200109_prof.nc,2020-01-09,5905200,-26.379,104.37,False,D,1,995,1989.5
20200109_prof.nc,2020-01-09,1902034,-37.5572,48.2206,False,D,1,1002,1993.47998046875
20200109_prof.nc,2020-01-09,5903950,-15.387,119.335,False,D,1,994,1990.5
20200109_prof.nc,2020-01-09,3901962,-54.715005,30.627898333333334,False,D,1,603,2025.5
20200109_prof.nc,2020-01-09,7900616,-58.052,127.101,False,D,1,992,1985.300048828125
20200109_prof.nc,2020-01-09,7900614,-60.293,106.193,False,D,1,997,1995.4000244140625
20200109_prof.nc,2020-01-09,5904826,-21.212,108.765,False,D,1,510,1997.0999755859375
20200109_prof.nc,2020-01-09,5905425,-31.3328,94.9712,False,D,1,708,1417.9000244140625
20200109_prof.nc,2020-01-09,3901966,-47.501975,31.132435,False,D,1,599,2007.0
20200109_prof.nc,2020-01-09,2901855,7.398,59.37,True,D,1,981,1962.0999755859375
20200109_prof.nc,2020-01-09,5904448,-37.303,26.725,False,D,1,70,1949.800048828125
20200109_prof.nc,2020-01-09,2902271,15.593395,69.336685,True,D,1,994,1989.780029296875
20200109_prof.nc,2020-01-09,2902241,-5.847553333333334,84.465335,False,R,1,340,1976.699951171875
20200109_prof.nc,2020-01-09,2902240,0.032578333333333334,85.42143666666666,False,R,1,340,1971.0999755859375
20200109_prof.nc,2020-01-09,2902242,-5.587466666666667,82.55629,False,R,1,340,1970.199951171875
20200109_prof.nc,2020-01-09,5904834,-19.971,70.602,False,D,1,511,1997.800048828125
20200109_prof.nc,2020-01-09,5904568,-9.874,84.523,False,D,1,996,1994.0
20200109_prof.nc,2020-01-09,5904567,-11.59,93.673,False,D,1,985,1972.199951171875
20200109_prof.nc,2020-01-09,5903914,-17.099,87.14,False,D,1,67,1840.5
20200109_prof.nc,2020-01-09,2902276,19.632713,67.761909,True,D,1,993,1987.989990234375
20200109_prof.nc,2020-01-09,5904723,-3.225,100.983,False,D,1,472,946.2999877929688
20200109_prof.nc,2020-01-09,5902358,-21.28809,78.44327,False,D,1,602,1194.1600341796875
20200109_prof.nc,2020-01-09,6902943,13.977803333333334,60.788125,True,D,1,911,1507.699951171875
20200109_prof.nc,2020-01-09,5904424,-37.83,98.708,False,D,1,68,1849.800048828125
20200109_prof.nc,2020-01-09,5902346,-22.59879,79.21425,False,D,1,649,1305.199951171875
20200109_prof.nc,2020-01-09,1901517,6.683,55.318,True,D,1,72,1951.800048828125
20200109_prof.nc,2020-01-09,2901522,-0.939,66.326,False,D,1,73,1900.199951171875
20200109_prof.nc,2020-01-09,2902285,14.349,84.865,True,D,1,102,2007.0
20200109_prof.nc,2020-01-09,1902332,-11.522,78.71,False,A,1,370,978.7000122070312
20200109_prof.nc,2020-01-09,1901912,-38.4924,50.6467,False,D,1,53,2008.0999755859375
20200109_prof.nc,2020-01-09,5904441,-36.539,102.835,False,D,1,69,1899.300048828125
20200109_prof.nc,2020-01-09,5902454,-57.73071,135.59191,False,D,1,1003,1993.0400390625
20200109_prof.nc,2020-01-09,1901749,-41.9660530090332,57.94728469848633,False,D,1,997,1995.1800537109375
20200109_prof.nc,2020-01-09,5905019,-10.226,93.441,False,D,1,999,1997.300048828125
20200109_prof.nc,2020-01-09,1902028,-37.97104,50.08863,False,D,1,983,1953.3599853515625
20200109_prof.nc,2020-01-09,2902209,10.5,53.211,True,D,1,246,491.20001220703125
20200109_prof.nc,2020-01-09,2901902,-27.0736,33.9448,False,D,1,43,1109.199951171875
20200109_prof.nc,2020-01-09,2901894,4.538,91.212,False,D,1,299,1947.3199462890625
20200109_prof.nc,2020-01-09,2901895,8.917,89.87,True,D,1,298,1945.6800537109375
20200109_prof.nc,2020-01-09,2901341,-22.436,57.403,False,D,1,59,1998.9000244140625
20200109_prof.nc,2020-01-09,5905210,-12.3519,144.3689,False,D,1,986,1973.800048828125
20200109_prof.nc,2020-01-09,2903390,-4.996,79.476,False,A,1,1125,4506.0
20200109_prof.nc,2020-01-09,2901898,10.8524,89.3553,True,D,1,352,2001.4000244140625
20200109_prof.nc,2020-01-09,1901510,-30.206,35.759,False,D,1,71,1892.9000244140625
20200109_prof.nc,2020-01-09,2901852,4.111,65.112,False,D,1,999,1997.5
20200109_prof.nc,2020-01-09,5905385,-29.8993,103.8409,False,D,1,1000,2001.0999755859375
20200109_prof.nc,2020-01-09,1901735,-9.1014,64.9441,False,D,1,1002,2003.9000244140625
20200109_prof.nc,2020-01-09,6902905,-49.81399,66.37831833333334,False,D,1,321,972.2999877929688
20200109_prof.nc,2020-01-09,2902252,-62.15,91.76666666666667,False,D,1,104,2025.699951171875
20200109_prof.nc,2020-01-09,2902251,-65.33333333333333,66.18333333333334,False,A,1,103,2012.0
20200109_prof.nc,2020-01-09,5904274,-34.282,40.383,False,D,1,1002,2005.300048828125
20200109_prof.nc,2020-01-09,5904795,-40.301,123.593,False,D,1,511,1997.5
20200109_prof.nc,2020-01-09,3901899,-37.226038333333335,134.02332666666666,False,D,1,964,2002.300048828125
20200109_prof.nc,2020-01-09,1901911,-39.1136,38.0756,False,A,1,54,2010.800048828125
20200109_prof.nc,2020-01-09,1902048,-33.40469,50.22393,False,D,1,1011,2009.4000244140625
20200109_prof.nc,2020-01-09,1901798,-37.7444,57.49894,False,D,1,574,1137.800048828125
20200109_prof.nc,2020-01-09,7900200,-46.48521,23.65352,False,D,1,1004,1995.1199951171875
20200109_prof.nc,2020-01-09,1901117,-37.598,49.443,False,D,1,70,1949.0999755859375
20200109_prof.nc,2020-01-09,3901923,-31.957,35.024,False,D,1,97,2002.0
20200109_prof.nc,2020-01-09,2902234,14.483333333333333,85.25,True,D,1,226,2012.0
20200109_prof.nc,2020-01-09,7900202,-46.72519,49.26171,False,D,1,1008,2003.6400146484375
20200109_prof.nc,2020-01-09,2902232,10.9,85.58333333333333,True,D,1,264,2010.4000244140625
20200109_prof.nc,2020-01-09,3901527,-43.7662,66.9486,False,D,1,57,1898.300048828125
20200109_prof.nc,2020-01-09,2902235,13.55,92.08333333333333,True,D,1,268,2005.699951171875
20200109_prof.nc,2020-01-09,5905771,-30.24455,97.2354,False,D,1,1012,2011.239990234375
20200109_prof.nc,2020-01-09,2902233,13.43894,86.78327,True,D,1,45,1238.0
20200109_prof.nc,2020-01-09,1902335,-29.98,55.182,False,A,1,1031,4128.0
20200109_prof.nc,2020-01-09,5904828,-19.253,99.479,False,D,1,509,1997.9000244140625
20200109_prof.nc,2020-01-09,1901790,-31.13457,30.63423,False,D,1,516,1021.5999755859375
20200109_prof.nc,2020-01-09,5905384,-32.7514,110.8358,False,D,1,986,1973.300048828125
20200109_prof.nc,2020-01-09,1902333,-19.889,80.392,False,A,1,1124,4505.10009765625
20200109_prof.nc,2020-01-09,5905176,-26.4605,91.479,False,D,1,1002,2006.300048828125
20200109_prof.nc,2020-01-09,2902558,10.524,67.925,True,D,1,98,1983.0
20200109_prof.nc,2020-01-09,1901799,-25.98533,75.58899,False,D,1,508,1005.3599853515625
20200110_prof.nc,2020-01-10,5905269,-64.00615,125.34436,False,D,1,488,3996.60009765625
20200110_prof.nc,2020-01-10,5904807,-38.593,95.082,False,D,1,510,1997.699951171875
20200110_prof.nc,2020-01-10,2903391,-9.712,79.85,False,A,1,1128,4515.10009765625
20200110_prof.nc,2020-01-10,5906209,-44.954,57.837,False,D,1,482,1299.6099853515625
20200110_prof.nc,2020-01-10,1902214,-41.59961,28.43823,False,D,1,1008,2005.6400146484375
20200110_prof.nc,2020-01-10,5905269,-64.00555,125.34392,False,D,1,0,
20200110_prof.nc,2020-01-10,5902504,-42.92228,139.79401,False,D,1,1003,1993.239990234375
20200110_prof.nc,2020-01-10,5905220,-58.489,77.841,False,A,1,504,1010.0
20200110_prof.nc,2020-01-10,2902274,19.44846,64.468102,True,D,1,993,1988.010009765625
20200110_prof.nc,2020-01-10,7900869,-64.0649,112.808,False,D,1,1001,2003.0999755859375
20200110_prof.nc,2020-01-10,2901857,11.136,66.715,True,D,1,987,1973.300048828125
20200110_prof.nc,2020-01-10,5905773,-34.89659,78.28307,False,D,1,1007,2001.52001953125
20200110_prof.nc,2020-01-10,6902642,-43.657,27.44,False,D,1,80,1999.800048828125
20200110_prof.nc,2020-01-10,1901831,-45.1347,58.46731,False,D,1,1002,1993.800048828125
20200110_prof.nc,2020-01-10,2902397,0.38379,83.34794,False,D,1,515,1019.1599731445312
20200110_prof.nc,2020-01-10,1902189,-3.044,57.028,False,D,1,985,1972.300048828125
20200110_prof.nc,2020-01-10,6902638,-50.814,34.015,False,D,1,80,1949.5999755859375
20200110_prof.nc,2020-01-10,5904894,-30.99,91.14,False,D,1,993,1985.5999755859375
20200110_prof.nc,2020-01-10,3901514,-49.1528,43.0504,False,D,1,56,1799.0999755859375
20200110_prof.nc,2020-01-10,5905171,-36.3882,99.6527,False,D,1,994,1987.300048828125
20200110_prof.nc,2020-01-10,5904829,-18.575,81.674,False,D,1,510,1997.699951171875
20200110_prof.nc,2020-01-10,2902264,13.097968333333334,88.63261333333334,True,D,1,340,1970.300048828125
20200110_prof.nc,2020-01-10,2902239,1.14099,84.54468666666666,False,R,1,340,1971.199951171875
20200110_prof.nc,2020-01-10,5904679,-57.0,122.039,False,D,1,501,1999.43994140625
20200110_prof.nc,2020-01-10,5904789,-39.338,119.105,False,D,1,508,1897.300048828125
20200110_prof.nc,2020-01-10,1901805,-10.321,50.177,False,D,1,503,1007.5999755859375
20200110_prof.nc,2020-01-10,5905020,-10.0,100.263,False,D,1,990,1981.5999755859375
20200110_prof.nc,2020-01-10,5904729,1.737,87.281,False,D,1,1003,2005.0999755859375
20200110_prof.nc,2020-01-10,6902782,-53.034,48.748,False,D,1,70,1263.0
20200110_prof.nc,2020-01-10,5904940,-11.573,91.097,False,D,1,1004,2009.199951171875
20200110_prof.nc,2020-01-10,1901792,-16.1873,52.66465,False,D,1,507,1003.8800048828125
20200110_prof.nc,2020-01-10,6902715,-46.236,129.516,False,D,1,97,2003.0
20200110_prof.nc,2020-01-10,7900634,-65.9971,71.7331,False,D,1,1000,2000.0
20200110_prof.nc,2020-01-10,6902780,-57.259,46.873,False,D,1,101,2028.0
20200110_prof.nc,2020-01-10,2902286,0.161,78.648,False,D,1,97,1958.0
20200110_prof.nc,2020-01-10,2902273,18.117886,69.034851,True,D,1,993,1987.9100341796875
20200110_prof.nc,2020-01-10,6902946,11.313445,44.528018333333335,False,D,1,554,919.0999755859375
20200110_prof.nc,2020-01-10,6902781,-52.258,39.765,False,D,1,99,1984.0
20200110_prof.nc,2020-01-10,7900637,-63.116870199999994,123.194403,False,A,1,580,4050.39990234375
20200110_prof.nc,2020-01-10,1902332,-11.5,78.668,False,A,1,370,978.2000122070312
20200110_prof.nc,2020-01-10,2902278,17.266,91.711,True,D,1,100,1962.0
20200110_prof.nc,2020-01-10,6902947,12.355231666666667,46.208931666666665,True,D,1,691,1203.699951171875
20200110_prof.nc,2020-01-10,6902948,13.201963333333333,49.1415,True,D,1,699,1203.5
20200110_prof.nc,2020-01-10,5902345,-36.04582,113.3854,False,D,1,620,1230.0
20200110_prof.nc,2020-01-10,2903133,2.27871,80.9137,False,D,1,1151,2002.3599853515625
20200110_prof.nc,2020-01-10,2902279,18.057,91.217,True,D,1,103,2011.0
20200110_prof.nc,2020-01-10,5904822,-11.987,60.387,False,D,1,510,1998.0
20200110_prof.nc,2020-01-10,3901516,-50.2571,20.0853,False,D,1,57,1899.699951171875
20200110_prof.nc,2020-01-10,5903575,-13.61,144.498,False,D,1,71,2000.300048828125
20200110_prof.nc,2020-01-10,3901879,-53.95993166666667,37.14232,False,D,1,966,1982.5
20200110_prof.nc,2020-01-10,6902940,-52.441625,92.82636166666667,False,D,1,1016,2011.0999755859375
20200110_prof.nc,2020-01-10,5904442,-40.434,122.004,False,D,1,67,1798.199951171875
20200110_prof.nc,2020-01-10,2901513,4.709,70.197,False,D,1,73,1900.0
20200110_prof.nc,2020-01-10,2902184,-16.544,68.725,False,D,1,59,2000.699951171875
20200110_prof.nc,2020-01-10,5902491,-17.31473,88.16839,False,D,1,823,1633.3199462890625
20200110_prof.nc,2020-01-10,5902501,-46.44099,108.88849,False,D,1,1003,1993.199951171875
20200110_prof.nc,2020-01-10,2902272,17.140467,67.048248,True,D,1,995,1991.81005859375
20200110_prof.nc,2020-01-10,1902330,-55.3039,58.4007,False,D,1,981,1964.199951171875
20200110_prof.nc,2020-01-10,1901744,-56.475364685058594,43.274681091308594,False,D,1,995,1991.1199951171875
20200110_prof.nc,2020-01-10,5904671,-60.114,84.328,False,D,1,487,975.7000122070312
20200110_prof.nc,2020-01-10,2902254,13.963,70.122,True,A,1,337,2004.0
20200110_prof.nc,2020-01-10,1901165,0.772,88.035,False,D,1,70,1995.800048828125
20200110_prof.nc,2020-01-10,5900689,-23.88,103.153,False,D,1,51,972.0
20200110_prof.nc,2020-01-10,5905190,-39.2291,128.2177,False,D,1,1000,2001.9000244140625
20200110_prof.nc,2020-01-10,2902391,14.90056,56.4806,True,D,1,1023,2036.0400390625
20200110_prof.nc,2020-01-10,1901786,-20.70443,48.92437,False,D,1,612,1213.6400146484375
20200110_prof.nc,2020-01-10,5904899,-41.818,108.355,False,D,1,997,1995.9000244140625
20200110_prof.nc,2020-01-10,6900900,-43.454,80.794,False,D,1,95,1963.0
20200110_prof.nc,2020-01-10,3901528,-57.6731,35.8435,False,A,1,56,1900.5
20200110_prof.nc,2020-01-10,2902773,-5.667,89.052,False,D,1,100,1961.699951171875
20200110_prof.nc,2020-01-10,2901897,4.6059,79.8014,False,D,1,350,1998.5999755859375
20200110_prof.nc,2020-01-10,2902767,-1.855,79.143,False,D,1,102,1984.699951171875
20200110_prof.nc,2020-01-10,5905997,-64.724,119.985,False,D,1,988,1999.010009765625
20200110_prof.nc,2020-01-10,6901688,-55.23998666666667,126.44232666666667,False,D,1,323,992.4000244140625
20200110_prof.nc,2020-01-10,3901924,-45.136,47.72,False,D,1,97,2003.0
20200110_prof.nc,2020-01-10,7900633,-63.3103,89.2764,False,D,1,1000,2000.5
20200110_prof.nc,2020-01-10,5906036,-38.128,48.012,False,D,1,0,
20200110_prof.nc,2020-01-10,2903131,1.47228,84.62123,False,D,1,1013,2013.719970703125
20200110_prof.nc,2020-01-10,1902032,-33.57103,56.44541,False,D,1,1007,2001.6800537109375
20200110_prof.nc,2020-01-10,1901797,-23.64286,69.50588,False,D,1,509,1008.0399780273438
20200110_prof.nc,2020-01-10,2902236,16.566666666666666,85.16666666666667,True,A,1,103,2013.699951171875
20200110_prof.nc,2020-01-10,7900630,-64.95350652410569,124.10035046501191,False,D,8,998,1991.199951171875
20200110_prof.nc,2020-01-10,2901569,5.686,74.904,True,D,1,97,1962.0
20200110_prof.nc,2020-01-10,2901856,13.183,69.468,True,D,1,991,1984.4000244140625
20200111_prof.nc,2020-01-11,1902035,-37.39852,87.47019,False,D,1,1008,2003.6800537109375
20200111_prof.nc,2020-01-11,1901833,-40.03164,45.49242,False,D,1,741,1471.3599853515625
20200111_prof.nc,2020-01-11,1902078,-59.454,52.534,False,D,1,116,2000.800048828125
20200111_prof.nc,2020-01-11,5905169,-35.931,111.539,False,D,1,993,1988.5
20200111_prof.nc,2020-01-11,2902669,1.959,85.554,False,D,1,101,2006.0
20200111_prof.nc,2020-01-11,2902586,-22.12,83.893,False,D,1,100,1985.0
20200111_prof.nc,2020-01-11,5904827,-21.669,96.606,False,D,1,510,1997.800048828125
20200111_prof.nc,2020-01-11,5904994,-6.291,100.845,False,D,1,995,1992.300048828125
20200111_prof.nc,2020-01-11,3901961,-57.81729,21.485976666666666,False,D,1,605,2032.9000244140625
20200111_prof.nc,2020-01-11,5905191,-48.2696,123.7759,False,D,1,1000,2002.4000244140625
20200111_prof.nc,2020-01-11,1901346,-1.594,80.443,False,D,1,997,1993.699951171875
20200111_prof.nc,2020-01-11,5902343,-39.79121,117.58875,False,D,1,600,1189.9200439453125
20200111_prof.nc,2020-01-11,1902056,-6.698,60.612,False,D,1,989,1979.0999755859375
20200111_prof.nc,2020-01-11,1902057,-1.115,47.575,False,D,1,985,2000.199951171875
20200111_prof.nc,2020-01-11,5904440,-29.417,88.455,False,D,1,69,1900.199951171875
20200111_prof.nc,2020-01-11,2902141,-13.337,51.254,False,D,1,58,1900.199951171875
20200111_prof.nc,2020-01-11,2902275,20.162855,68.194244,True,D,1,991,1983.6700439453125
20200111_prof.nc,2020-01-11,6901983,-49.744,55.968,False,D,1,52,1000.5
20200111_prof.nc,2020-01-11,5905183,-41.822,132.051,False,D,1,988,1978.5
20200111_prof.nc,2020-01-11,5904720,-16.04,77.218,False,D,1,976,1954.0999755859375
20200111_prof.nc,2020-01-11,5904902,-22.702,94.314,False,D,1,996,1992.300048828125
20200111_prof.nc,2020-01-11,5903947,-17.12,116.312,False,D,1,993,1986.0
20200111_prof.nc,2020-01-11,2902151,0.379,86.782,False,D,1,58,1900.0
20200111_prof.nc,2020-01-11,5905772,-50.08648,94.59059,False,D,1,114,215.0800018310547
20200111_prof.nc,2020-01-11,1902198,-0.904,73.0,False,D,1,574,1149.800048828125
20200111_prof.nc,2020-01-11,5905779,-38.90632,87.04092,False,D,1,1008,2003.3199462890625
20200111_prof.nc,2020-01-11,5904371,-42.82685,134.28058,False,D,1,628,1243.760009765625
20200111_prof.nc,2020-01-11,1902332,-11.47,78.627,False,A,1,370,978.9000244140625
20200111_prof.nc,2020-01-11,6902777,-49.935,46.959,False,D,1,100,2013.0
20200111_prof.nc,2020-01-11,6902779,-57.064,35.963,False,D,1,99,1988.0
20200111_prof.nc,2020-01-11,6902778,-48.844,53.636,False,D,1,100,2007.0
20200111_prof.nc,2020-01-11,5904261,-43.919,130.379,False,D,1,991,1981.800048828125
20200111_prof.nc,2020-01-11,6902943,13.931915,60.779125,True,D,1,890,1497.300048828125
20200111_prof.nc,2020-01-11,2902280,15.591,92.577,True,D,1,101,1979.0
20200111_prof.nc,2020-01-11,2902282,16.89,89.357,True,D,1,102,2013.0
20200111_prof.nc,2020-01-11,5905778,-33.79974,91.37732,False,D,1,1010,2007.199951171875
20200111_prof.nc,2020-01-11,2902150,2.264,88.438,False,D,1,101,2007.0
20200111_prof.nc,2020-01-11,2902156,2.976,79.093,False,D,1,245,489.29998779296875
20200111_prof.nc,2020-01-11,2902266,13.852,67.498,True,D,1,335,1983.0
20200111_prof.nc,2020-01-11,5904418,-41.724,140.958,False,D,1,71,2000.199951171875
20200111_prof.nc,2020-01-11,5905429,-35.0538,84.5717,False,D,1,1004,2009.5999755859375
20200111_prof.nc,2020-01-11,1901740,-42.0608,78.6281,False,D,1,994,1990.5
20200111_prof.nc,2020-01-11,5902379,-33.6978,105.63597,False,D,1,508,1006.0
20200111_prof.nc,2020-01-11,5904796,-34.087,114.205,False,D,1,492,1148.5
20200111_prof.nc,2020-01-11,3901529,-47.8505,39.7605,False,D,1,57,1900.199951171875
20200111_prof.nc,2020-01-11,2901307,8.005,66.682,True,D,1,58,1899.699951171875
20200111_prof.nc,2020-01-11,5905178,-17.7872,108.4469,False,D,1,994,1988.4000244140625
20200111_prof.nc,2020-01-11,2903390,-4.991,79.464,False,A,1,1128,4514.10009765625
20200111_prof.nc,2020-01-11,5902380,-26.49633,96.60542,False,D,1,602,1193.5999755859375
20200111_prof.nc,2020-01-11,2902221,-52.487,142.549,False,D,1,58,1900.0
20200111_prof.nc,2020-01-11,5904452,-36.337,109.344,False,D,1,68,1848.0999755859375
20200111_prof.nc,2020-01-11,1902335,-29.952,55.174,False,A,1,1079,4325.2998046875
20200111_prof.nc,2020-01-11,6902905,-49.82557333333333,66.27389166666667,False,D,1,323,992.2999877929688
20200111_prof.nc,2020-01-11,5902506,-44.94658,134.07432,False,D,1,1008,2003.3599853515625
20200111_prof.nc,2020-01-11,2902125,12.395048333333333,62.511298333333336,True,D,1,95,1952.9000244140625
20200111_prof.nc,2020-01-11,1901832,-47.069,59.07286,False,D,1,1002,1993.280029296875
20200111_prof.nc,2020-01-11,5905386,-38.5994,123.2085,False,D,1,1001,2003.199951171875
20200111_prof.nc,2020-01-11,5904799,-31.14,33.622,False,D,1,509,1997.300048828125
20200111_prof.nc,2020-01-11,5904888,-41.596,135.408,False,D,1,998,1995.0999755859375
20200111_prof.nc,2020-01-11,2902777,-0.003,80.061,False,D,1,102,1978.0999755859375
20200111_prof.nc,2020-01-11,2902771,7.556,83.8,True,D,1,101,1976.9000244140625
20200111_prof.nc,2020-01-11,5904410,-28.782,47.589,False,D,1,71,1999.800048828125
20200111_prof.nc,2020-01-11,1902333,-19.917,80.43,False,A,1,1127,4513.10009765625
20200111_prof.nc,2020-01-11,2901347,-51.76,143.589,False,D,1,59,2001.0
20200111_prof.nc,2020-01-11,1901797,-23.59186,69.52559,False,D,1,951,1891.9200439453125
20200111_prof.nc,2020-01-11,5904443,-24.314,102.411,False,D,1,69,1899.800048828125
20200111_prof.nc,2020-01-11,2901512,10.514,63.02,True,D,1,74,2000.5
20200111_prof.nc,2020-01-11,2901904,-33.7079,31.0656,False,D,1,57,1900.300048828125
20200111_prof.nc,2020-01-11,2901905,-24.2004,41.7576,False,D,1,57,1900.300048828125
20200111_prof.nc,2020-01-11,5905418,-13.4718433333333,119.272865,False,D,1,998,1995.0999755859375
20200111_prof.nc,2020-01-11,1901910,-4.8207,74.668,False,A,1,57,1900.199951171875
20200111_prof.nc,2020-01-11,2902581,-36.001,79.57,False,D,1,100,1964.0
20200111_prof.nc,2020-01-11,2902594,-28.616,97.713,False,D,1,101,1976.0
20200111_prof.nc,2020-01-11,2902609,6.362,60.901,True,D,1,99,2010.0
20200111_prof.nc,2020-01-11,1901813,-49.21288,82.30166,False,D,1,506,1001.4400024414062
20200112_prof.nc,2020-01-12,2902596,13.165,89.289,True,D,1,100,1963.0
20200112_prof.nc,2020-01-12,1902036,-37.69652,79.61866,False,D,1,945,1877.9200439453125
20200112_prof.nc,2020-01-12,5905182,-46.1439,139.1088,False,D,1,1002,2005.199951171875
20200112_prof.nc,2020-01-12,5904889,-41.517,136.298,False,D,1,996,1993.5
20200112_prof.nc,2020-01-12,7900389,-67.762,39.379,False,D,8,993,1995.300048828125
20200112_prof.nc,2020-01-12,5905064,-7.991,95.814,False,D,1,116,2001.0999755859375
20200112_prof.nc,2020-01-12,1902076,-44.557,71.612,False,D,1,116,2000.800048828125
20200112_prof.nc,2020-01-12,7900871,-65.0507,107.7757,False,D,8,74,245.39999389648438
20200112_prof.nc,2020-01-12,5905026,-58.529,134.615,False,D,1,991,1983.5999755859375
20200112_prof.nc,2020-01-12,2902396,-1.0836,67.44677,False,D,1,1023,2036.1199951171875
20200112_prof.nc,2020-01-12,6902814,-63.403992651515146,143.00425060606057,False,D,1,259,3454.89990234375
20200112_prof.nc,2020-01-12,5904818,-44.656,116.861,False,D,1,21,1997.5999755859375
20200112_prof.nc,2020-01-12,4902950,-0.416,57.01,False,D,1,996,1993.699951171875
20200112_prof.nc,2020-01-12,5904812,-37.775,44.579,False,D,1,509,1995.9000244140625
20200112_prof.nc,2020-01-12,5905427,-40.7039,83.34,False,D,1,995,1991.5
20200112_prof.nc,2020-01-12,5906206,-47.913,57.66,False,D,1,484,1399.5899658203125
20200112_prof.nc,2020-01-12,5906222,-37.992,108.268,False,D,1,496,1599.739990234375
20200112_prof.nc,2020-01-12,5904995,-13.847,119.054,False,D,1,996,1993.0999755859375
20200112_prof.nc,2020-01-12,5905013,-12.413,112.598,False,D,1,990,1979.5
20200112_prof.nc,2020-01-12,2902245,2.479235,89.16724333333333,False,R,1,340,1964.199951171875
20200112_prof.nc,2020-01-12,2902244,-0.4798033333333333,72.136615,False,R,1,340,1969.800048828125
20200112_prof.nc,2020-01-12,2902243,0.41115,89.31963,False,D,1,341,2001.5
20200112_prof.nc,2020-01-12,1901811,-59.41743,92.91152,False,D,1,528,1045.3599853515625
20200112_prof.nc,2020-01-12,5904941,-10.069,82.136,False,D,1,995,1991.0
20200112_prof.nc,2020-01-12,1902212,-41.84325,21.99987,False,D,1,1013,2016.56005859375
20200112_prof.nc,2020-01-12,5904265,-15.473,76.019,False,D,1,997,1993.9000244140625
20200112_prof.nc,2020-01-12,1902332,-11.434,78.581,False,A,1,370,978.4000244140625
20200112_prof.nc,2020-01-12,5904570,-8.761,105.612,False,D,1,1001,2001.5
20200112_prof.nc,2020-01-12,6902758,-40.033,74.424,False,D,1,99,1982.0
20200112_prof.nc,2020-01-12,6901980,-45.131,91.353,False,D,1,51,949.2000122070312
20200112_prof.nc,2020-01-12,5906031,-53.8,42.59,False,D,1,498,1898.3599853515625
20200112_prof.nc,2020-01-12,6902774,-39.927,36.742,False,D,1,100,2002.0
20200112_prof.nc,2020-01-12,2902398,2.13186,81.84117,False,D,1,1023,2036.0
20200112_prof.nc,2020-01-12,6902946,11.422448333333334,44.69929,False,D,1,601,1024.9000244140625
20200112_prof.nc,2020-01-12,6902776,-46.649,40.992,False,D,1,99,1989.0
20200112_prof.nc,2020-01-12,2901340,14.333,66.901,True,D,1,59,1998.800048828125
20200112_prof.nc,2020-01-12,6902947,12.812863333333333,46.29398,True,D,1,696,1202.199951171875
20200112_prof.nc,2020-01-12,6902948,13.377195,48.960676666666664,True,D,1,700,1236.0999755859375
20200112_prof.nc,2020-01-12,6902775,-43.481,41.261,False,D,1,99,1984.0
20200112_prof.nc,2020-01-12,1902222,-40.20884,30.05832,False,D,1,1009,2005.760009765625
20200112_prof.nc,2020-01-12,2902283,14.307,87.384,True,D,1,101,1982.0
20200112_prof.nc,2020-01-12,2902265,15.901,72.293,True,D,1,308,1362.0
20200112_prof.nc,2020-01-12,1901853,-54.8503,73.8861,False,D,1,55,1700.0999755859375
20200112_prof.nc,2020-01-12,5905086,4.608,52.662,False,D,1,509,1947.4000244140625
20200112_prof.nc,2020-01-12,5902345,-36.34494,113.25092,False,D,1,616,1221.3599853515625
20200112_prof.nc,2020-01-12,1901342,-29.309,44.893,False,D,1,997,1995.5
20200112_prof.nc,2020-01-12,2902212,0.284,88.999,False,D,1,59,1998.0999755859375
20200112_prof.nc,2020-01-12,1901343,-25.418,60.597,False,D,1,980,1961.9000244140625
20200112_prof.nc,2020-01-12,1901800,-55.42704,89.55177,False,D,1,1007,2003.43994140625
20200112_prof.nc,2020-01-12,5905776,-32.06507,83.9015,False,D,1,1008,2003.1199951171875
20200112_prof.nc,2020-01-12,5905268,-58.65176,141.95599,False,D,1,552,4068.800048828125
20200112_prof.nc,2020-01-12,5902484,-29.42948,101.33556,False,D,1,1005,1997.6400146484375
20200112_prof.nc,2020-01-12,1901846,-35.425,20.8539,False,D,1,12,80.5999984741211
20200112_prof.nc,2020-01-12,1901848,-44.8417,58.7135,False,D,1,56,1800.0999755859375
20200112_prof.nc,2020-01-12,1901850,-39.545,85.6907,False,D,1,57,1899.300048828125
20200112_prof.nc,2020-01-12,5903908,-7.208,105.492,False,D,1,667,1335.9000244140625
20200112_prof.nc,2020-01-12,5904431,-22.141,40.35,False,D,1,69,1899.5999755859375
20200112_prof.nc,2020-01-12,5905777,-30.79955,86.26639,False,D,1,1009,2005.6800537109375
20200112_prof.nc,2020-01-12,2902172,-58.19,133.474,False,D,1,59,1997.199951171875
20200112_prof.nc,2020-01-12,5903248,-45.248,42.665,False,D,1,66,1547.4000244140625
20200112_prof.nc,2020-01-12,1901900,-4.6096,71.4882,False,A,1,54,1983.300048828125
20200112_prof.nc,2020-01-12,5905393,-44.257781982421875,128.2966766357422,False,D,1,990,1987.6700439453125
20200112_prof.nc,2020-01-12,3901649,-44.641,40.08,False,D,1,97,2011.0
20200112_prof.nc,2020-01-12,2902764,5.454,89.419,True,A,1,99,1984.300048828125
20200112_prof.nc,2020-01-12,2902206,16.485,68.582,True,D,1,59,2000.699951171875
20200112_prof.nc,2020-01-12,5906204,-29.841,55.419,False,D,1,495,1600.6300048828125
20200112_prof.nc,2020-01-12,5904793,-43.83,91.701,False,D,1,510,1996.9000244140625
20200112_prof.nc,2020-01-12,3901928,-50.226,56.154,False,D,1,97,2007.0
20200112_prof.nc,2020-01-12,5905426,-40.1867,85.9021,False,D,1,996,1992.199951171875
20200112_prof.nc,2020-01-12,5903861,-15.009,82.466,False,D,1,72,2000.199951171875
20200112_prof.nc,2020-01-12,5904810,-36.879,100.422,False,D,1,510,1998.199951171875
20200112_prof.nc,2020-01-12,5904422,-48.763,123.255,False,D,1,69,1899.800048828125
20200112_prof.nc,2020-01-12,1901446,-7.475,62.157,False,D,1,69,1721.0
20200112_prof.nc,2020-01-12,7900115,-48.79589,102.39962,False,D,1,1009,2005.199951171875
20200112_prof.nc,2020-01-12,5902493,-15.82152,94.17844,False,D,1,1010,2007.56005859375
20200112_prof.nc,2020-01-12,7900679,-63.43311,125.01402,False,D,1,570,3993.0
20200112_prof.nc,2020-01-12,2902168,-33.854,72.113,False,D,1,58,1899.9000244140625
20200112_prof.nc,2020-01-12,7900679,-63.43365,125.01665,False,D,1,0,
20200112_prof.nc,2020-01-12,2902608,-8.537,68.769,False,D,1,103,2028.0
20200112_prof.nc,2020-01-12,7900333,-60.408,106.648,False,D,1,995,1992.0999755859375
20200112_prof.nc,2020-01-12,1901606,-5.286,41.252,False,D,1,72,2000.4000244140625
20200112_prof.nc,2020-01-12,5904903,-22.289,97.543,False,D,1,993,1987.699951171875
20200112_prof.nc,2020-01-12,2902214,-12.737,68.86,False,D,1,59,1999.300048828125
20200112_prof.nc,2020-01-12,2902600,-27.041,95.635,False,D,1,100,2002.0
20200112_prof.nc,2020-01-12,2902619,8.897,57.284,True,D,1,99,1969.0
20200112_prof.nc,2020-01-12,2902652,11.929,55.523,True,D,1,101,2002.0
20200113_prof.nc,2020-01-13,5905848,-39.333,106.519,False,A,1,997,4001.60009765625
20200113_prof.nc,2020-01-13,2902612,3.861,93.165,False,D,1,99,1963.0
20200113_prof.nc,2020-01-13,7900612,-50.315,109.395,False,D,1,992,1985.199951171875
20200113_prof.nc,2020-01-13,2902175,15.759,69.908,True,D,1,990,1979.9000244140625
20200113_prof.nc,2020-01-13,2902210,20.05,65.429,True,A,1,993,1983.0999755859375
20200113_prof.nc,2020-01-13,2902211,17.629,66.767,True,A,1,994,1988.0
20200113_prof.nc,2020-01-13,2903135,5.1266,86.27069,True,D,1,1152,2003.1600341796875
20200113_prof.nc,2020-01-13,5904805,-44.385,114.96,False,D,1,511,1997.4000244140625
20200113_prof.nc,2020-01-13,1901837,-31.04856,56.57466,False,D,1,1003,1993.43994140625
20200113_prof.nc,2020-01-13,7900638,-67.18079376220703,20.07283592224121,False,D,1,994,1989.8199462890625
20200113_prof.nc,2020-01-13,2902202,17.368,68.175,True,A,1,996,1991.5
20200113_prof.nc,2020-01-13,7900335,-62.488,98.66,False,D,1,997,1995.0999755859375
20200113_prof.nc,2020-01-13,5905014,-12.112,109.753,False,D,1,996,1993.800048828125
20200113_prof.nc,2020-01-13,5902487,-20.63834,109.1317,False,D,1,1008,2003.9599609375
20200113_prof.nc,2020-01-13,1901862,-42.2022,106.6045,False,D,1,57,1899.5
20200113_prof.nc,2020-01-13,2902224,-54.557,119.898,False,D,1,58,1899.9000244140625
20200113_prof.nc,2020-01-13,5904689,-29.858,92.806,False,D,1,561,1997.81005859375
20200113_prof.nc,2020-01-13,5902494,-8.95362,66.70335,False,D,1,1007,2001.239990234375
20200113_prof.nc,2020-01-13,1902200,-6.635,68.889,False,D,1,1001,2003.4000244140625
20200113_prof.nc,2020-01-13,2902238,0.9893249999999999,85.99401,False,R,1,340,1973.300048828125
20200113_prof.nc,2020-01-13,5905421,-13.953852,115.550095,False,D,1,979,1989.3499755859375
20200113_prof.nc,2020-01-13,2901862,-4.239,85.334,False,D,1,996,1994.0
20200113_prof.nc,2020-01-13,1901860,-42.9165,54.5286,False,D,1,57,1898.5999755859375
20200113_prof.nc,2020-01-13,1902332,-11.406,78.545,False,A,1,370,978.5999755859375
20200113_prof.nc,2020-01-13,5905010,-16.26,110.297,False,D,1,997,1995.699951171875
20200113_prof.nc,2020-01-13,7900613,-65.348,88.153,False,D,8,994,1990.0
20200113_prof.nc,2020-01-13,5905218,-60.375,119.555,False,A,1,345,4028.39990234375
20200113_prof.nc,2020-01-13,3901062,-46.89356,40.50859,False,D,1,1009,2007.199951171875
20200113_prof.nc,2020-01-13,5905027,-59.77,89.872,False,D,1,995,1989.5999755859375
20200113_prof.nc,2020-01-13,5905403,-16.329,107.611,False,D,1,996,1993.9000244140625
20200113_prof.nc,2020-01-13,1901863,-42.0277,55.0938,False,D,1,56,1900.0
20200113_prof.nc,2020-01-13,5902485,-42.11787,100.92618,False,D,1,1008,2003.56005859375
20200113_prof.nc,2020-01-13,5902497,-49.18296,137.12908,False,D,1,1003,1995.43994140625
20200113_prof.nc,2020-01-13,6902943,13.88241,60.75389333333333,True,D,1,908,1511.0
20200113_prof.nc,2020-01-13,5905420,-12.538805,113.960823,False,D,1,982,1989.3900146484375
20200113_prof.nc,2020-01-13,2902142,-20.584433333333333,39.15918333333333,False,D,1,95,1959.0
20200113_prof.nc,2020-01-13,1901793,-26.92101,38.95335,False,D,1,505,999.3599853515625
20200113_prof.nc,2020-01-13,1901907,2.8913,58.2891,False,D,1,49,2000.199951171875
20200113_prof.nc,2020-01-13,2902293,-13.329,80.099,False,D,1,101,1986.0
20200113_prof.nc,2020-01-13,5905388,-35.002,121.3916,False,D,1,1001,2004.300048828125
20200113_prof.nc,2020-01-13,2902292,-10.713,78.171,False,D,1,98,1962.0
20200113_prof.nc,2020-01-13,2902215,-1.999,79.892,False,A,1,245,489.5
20200113_prof.nc,2020-01-13,2902182,0.589,85.826,False,D,1,291,1947.9100341796875
20200113_prof.nc,2020-01-13,2903390,-4.993,79.414,False,A,1,1125,4508.10009765625
20200113_prof.nc,2020-01-13,2903131,1.39293,84.86388,False,D,1,1010,2009.3199462890625
20200113_prof.nc,2020-01-13,5905998,-60.328,116.813,False,D,1,499,1998.6700439453125
20200113_prof.nc,2020-01-13,1901864,-37.3253,29.677,False,D,1,57,1899.300048828125
20200113_prof.nc,2020-01-13,5904794,-44.97,136.169,False,D,1,510,1997.9000244140625
20200113_prof.nc,2020-01-13,6902938,-47.226085,75.73656,False,D,1,1011,1983.0999755859375
20200113_prof.nc,2020-01-13,1902224,-42.87762,37.05201,False,D,1,1008,2005.8399658203125
20200113_prof.nc,2020-01-13,2901337,16.189,70.266,True,D,1,59,1999.0999755859375
20200113_prof.nc,2020-01-13,5904423,-26.662,52.402,False,D,1,71,2000.300048828125
20200113_prof.nc,2020-01-13,1902335,-29.922,55.176,False,A,1,1106,4428.0
20200113_prof.nc,2020-01-13,2902178,-36.658,30.587,False,D,1,245,489.6000061035156
20200113_prof.nc,2020-01-13,1901909,-27.8588,42.4801,False,D,1,57,1900.199951171875
20200113_prof.nc,2020-01-13,5905419,-14.621092,119.161476,False,D,1,977,1989.260009765625
20200113_prof.nc,2020-01-13,1902213,-47.46996,41.04726,False,D,1,1012,2013.4000244140625
20200113_prof.nc,2020-01-13,5902527,-38.04741,110.1399,False,D,1,537,4702.7001953125
20200113_prof.nc,2020-01-13,5905184,-42.346,117.505,False,D,1,995,1991.800048828125
20200113_prof.nc,2020-01-13,1902333,-19.937,80.461,False,A,1,1125,4515.0
20200113_prof.nc,2020-01-13,5905875,-40.565,108.856,False,A,1,999,3999.0
20200113_prof.nc,2020-01-13,5905007,-9.065,98.031,False,D,1,997,1995.5
20200113_prof.nc,2020-01-13,5902367,-25.18355,98.9553,False,D,1,519,1027.280029296875
20200113_prof.nc,2020-01-13,6902905,-49.827148333333334,65.95898166666667,False,D,1,321,972.4000244140625
20200113_prof.nc,2020-01-13,7900115,-48.81831,102.34685,False,D,1,881,1749.47998046875
20200113_prof.nc,2020-01-13,5902359,-22.85368,66.27609,False,D,1,593,1175.280029296875
20200113_prof.nc,2020-01-13,2902128,10.332348333333334,67.26636666666667,True,D,1,94,1965.800048828125
20200113_prof.nc,2020-01-13,3901648,-44.457,60.883,False,D,1,97,2006.0
20200113_prof.nc,2020-01-13,2902774,-0.168,93.769,False,D,1,101,1982.199951171875
20200113_prof.nc,2020-01-13,2902778,1.606,80.073,False,D,1,100,1964.0
20200113_prof.nc,2020-01-13,1902218,-45.60769,29.50231,False,D,1,1009,2007.4000244140625
20200113_prof.nc,2020-01-13,5902496,-45.48535,116.26671,False,D,1,1008,2003.1600341796875
20200113_prof.nc,2020-01-13,1901737,-19.1228,65.5874,False,D,1,1001,2003.300048828125
20200113_prof.nc,2020-01-13,1902223,-40.07454,38.40598,False,D,1,1010,2009.1199951171875
20200113_prof.nc,2020-01-13,2902230,12.283333333333333,85.21666666666667,True,D,1,264,2012.0999755859375
20200113_prof.nc,2020-01-13,5904823,-17.864,89.478,False,D,1,510,1996.0999755859375
20200113_prof.nc,2020-01-13,5905405,-10.9838,106.7723,False,D,1,979,1959.4000244140625
20200113_prof.nc,2020-01-13,2903391,-9.7,79.829,False,A,1,1131,4523.7998046875
20200113_prof.nc,2020-01-13,5903862,-9.838,88.181,False,D,1,72,2000.0
20200113_prof.nc,2020-01-13,2902682,5.354,86.941,True,D,1,74,1899.5999755859375
20200113_prof.nc,2020-01-13,2902228,-56.104,103.129,False,D,1,59,2000.0
20200113_prof.nc,2020-01-13,5902368,-38.48832,116.06902,False,D,1,511,1011.9199829101562
20200113_prof.nc,2020-01-13,2902659,4.256,60.973,False,D,1,99,1961.0
20200114_prof.nc,2020-01-14,5902480,-38.26301,120.66838,False,D,1,1004,1996.199951171875
20200114_prof.nc,2020-01-14,7900868,-63.068,122.982,False,R,1,872,3500.39990234375
20200114_prof.nc,2020-01-14,2901339,11.753,67.185,True,D,1,58,1899.5999755859375
20200114_prof.nc,2020-01-14,5904451,-31.353,54.339,False,D,1,70,1949.699951171875
20200114_prof.nc,2020-01-14,2902588,-25.035,92.965,False,D,1,100,1977.0
20200114_prof.nc,2020-01-14,5904444,-33.234,68.514,False,D,1,71,1998.0999755859375
20200114_prof.nc,2020-01-14,1901898,17.849,56.0913,True,D,1,5,45.599998474121094
20200114_prof.nc,2020-01-14,5904895,-23.856,73.869,False,D,1,994,1987.800048828125
20200114_prof.nc,2020-01-14,3901113,-48.62712,53.38762,False,D,1,1008,2006.0799560546875
20200114_prof.nc,2020-01-14,3901533,-46.3664,32.1297,False,A,1,70,1899.5
20200114_prof.nc,2020-01-14,5906033,-66.728,20.505,False,D,1,498,1799.0400390625
20200114_prof.nc,2020-01-14,3901959,-51.24241833333333,40.030143333333335,False,D,1,602,2017.0
20200114_prof.nc,2020-01-14,2902174,14.312,72.396,True,D,1,995,1989.300048828125
20200114_prof.nc,2020-01-14,5905414,-22.9108,107.3192,False,D,1,978,1957.199951171875
20200114_prof.nc,2020-01-14,6902813,-62.86455,121.47170833333334,False,D,1,273,3955.0
20200114_prof.nc,2020-01-14,5905168,-40.336,125.258,False,D,1,995,1991.5999755859375
20200114_prof.nc,2020-01-14,5905423,-32.2584,101.468,False,D,1,950,1901.699951171875
20200114_prof.nc,2020-01-14,5906035,-40.524,22.429,False,D,1,511,2000.0
20200114_prof.nc,2020-01-14,1902039,-34.68626,65.36002,False,D,1,1009,2005.239990234375
20200114_prof.nc,2020-01-14,5904890,-37.917,122.602,False,D,1,991,1981.4000244140625
20200114_prof.nc,2020-01-14,1902193,-0.598,56.541,False,D,1,1000,2001.0
20200114_prof.nc,2020-01-14,1901745,-51.59644317626953,42.39762878417969,False,D,1,972,1945.050048828125
20200114_prof.nc,2020-01-14,1901804,-0.702,56.701,False,D,1,1002,2003.5999755859375
20200114_prof.nc,2020-01-14,1901899,-38.832,34.7021,False,D,1,54,1998.199951171875
20200114_prof.nc,2020-01-14,5902348,-37.98757,95.77065,False,D,1,582,1153.6800537109375
20200114_prof.nc,2020-01-14,5905009,-11.609,86.125,False,D,1,997,1996.300048828125
20200114_prof.nc,2020-01-14,2902270,15.510567,68.219872,True,D,1,999,1997.4599609375
20200114_prof.nc,2020-01-14,2902241,-5.801936666666666,84.57722666666666,False,R,1,340,1974.4000244140625
20200114_prof.nc,2020-01-14,1902332,-11.374,78.504,False,A,1,370,978.9000244140625
20200114_prof.nc,2020-01-14,2902240,-0.09331833333333334,85.67354833333333,False,R,1,340,1965.0999755859375
20200114_prof.nc,2020-01-14,2902263,17.433708333333332,65.40309833333333,True,R,1,340,1966.9000244140625
20200114_prof.nc,2020-01-14,2902242,-5.629363333333333,82.60257333333334,False,R,1,340,1970.300048828125
20200114_prof.nc,2020-01-14,5902486,-24.75323,91.7194,False,D,1,1008,2003.52001953125
20200114_prof.nc,2020-01-14,5903706,-18.593,72.775,False,D,1,69,1989.0
20200114_prof.nc,2020-01-14,5902345,-36.59625,112.8729,False,D,1,606,1201.800048828125
20200114_prof.nc,2020-01-14,5904904,-19.342,74.684,False,D,1,992,1983.5
20200114_prof.nc,2020-01-14,2902152,5.355,75.442,True,D,1,58,1900.4000244140625
20200114_prof.nc,2020-01-14,7900394,-61.357,88.91,False,D,1,996,1993.0999755859375
20200114_prof.nc,2020-01-14,2902213,-14.845,75.876,False,D,1,59,2000.199951171875
20200114_prof.nc,2020-01-14,5905015,-16.158,102.78,False,D,1,997,1993.5
20200114_prof.nc,2020-01-14,6902948,13.590448333333333,48.95930666666667,True,D,1,694,1213.699951171875
20200114_prof.nc,2020-01-14,6902946,11.33667,44.892563333333335,False,D,1,685,1186.5999755859375
20200114_prof.nc,2020-01-14,6902947,13.051773333333333,46.78653166666667,True,D,1,693,1235.0999755859375
20200114_prof.nc,2020-01-14,5905212,-13.5177,111.161,False,D,1,1000,2001.0999755859375
20200114_prof.nc,2020-01-14,5902505,-46.46487,126.19116,False,D,1,1007,2001.239990234375
20200114_prof.nc,2020-01-14,2902285,14.099,84.853,True,D,1,101,1976.0
20200114_prof.nc,2020-01-14,5905008,-13.357,98.623,False,D,1,993,1987.0999755859375
20200114_prof.nc,2020-01-14,5904247,-42.709,87.904,False,D,1,995,1992.0
20200114_prof.nc,2020-01-14,1901332,-5.577,77.053,False,D,1,994,1988.0
20200114_prof.nc,2020-01-14,1902331,-59.328,58.2252,False,D,1,1002,2005.800048828125
20200114_prof.nc,2020-01-14,2901338,16.023,68.632,True,D,1,59,1999.199951171875
20200114_prof.nc,2020-01-14,5904263,-12.328,81.69,False,D,1,993,1987.5
20200114_prof.nc,2020-01-14,2902225,-51.451,74.178,False,D,1,32,360.1000061035156
20200114_prof.nc,2020-01-14,6901701,-41.933,38.67,False,D,1,121,2028.0
20200114_prof.nc,2020-01-14,5905770,-27.67211,112.42284,False,D,1,530,1047.0
20200114_prof.nc,2020-01-14,1902037,-33.63521,70.73283,False,D,1,1009,2005.9599609375
20200114_prof.nc,2020-01-14,1901839,-9.58974,64.25473,False,D,1,1008,2003.8800048828125
20200114_prof.nc,2020-01-14,2901892,9.794,88.685,True,D,1,298,1946.4300537109375
20200114_prof.nc,2020-01-14,5902458,-40.62116,132.30372,False,D,1,1005,1997.239990234375
20200114_prof.nc,2020-01-14,5905135,-49.301,28.944,False,D,1,500,1999.3399658203125
20200114_prof.nc,2020-01-14,5905017,-8.224,107.876,False,D,1,995,1991.199951171875
20200114_prof.nc,2020-01-14,1901858,-49.0547,30.5989,False,D,1,57,1899.800048828125
20200114_prof.nc,2020-01-14,5904447,-25.407,81.051,False,D,1,71,1999.5999755859375
20200114_prof.nc,2020-01-14,1901344,-35.492,51.884,False,D,1,970,1940.0999755859375
20200114_prof.nc,2020-01-14,1902038,-35.22179,67.66551,False,D,1,1007,2001.4000244140625
20200114_prof.nc,2020-01-14,5905422,-27.449,103.3487,False,D,1,999,1999.0
20200114_prof.nc,2020-01-14,1902334,-19.601,67.055,False,A,1,915,1829.0999755859375
20200114_prof.nc,2020-01-14,5904817,-56.331,115.748,False,D,1,510,1998.0999755859375
20200114_prof.nc,2020-01-14,7900624,-66.333,72.315,False,D,1,934,1869.0
20200114_prof.nc,2020-01-14,5905211,-14.0482,114.8764,False,D,1,992,1984.0
20200114_prof.nc,2020-01-14,3901647,-51.844,62.025,False,D,1,97,2014.0
20200114_prof.nc,2020-01-14,2901896,4.817,86.0134,False,D,1,331,950.0999755859375
20200114_prof.nc,2020-01-14,5903227,-48.754,56.646,False,D,1,68,1900.4000244140625
20200114_prof.nc,2020-01-14,7900866,-61.383,96.568,False,A,1,925,3705.89990234375
20200114_prof.nc,2020-01-14,2902234,14.283333333333333,85.13333333333334,True,D,1,271,2029.5
20200114_prof.nc,2020-01-14,7900632,-64.0293,92.8755,False,D,1,1004,2007.4000244140625
20200114_prof.nc,2020-01-14,5905404,-14.1777,110.3344,False,D,1,1000,2002.4000244140625
20200114_prof.nc,2020-01-14,5904246,-27.036,68.521,False,D,1,990,1980.4000244140625
20200114_prof.nc,2020-01-14,2902232,11.05,85.7,True,D,1,269,1976.800048828125
20200114_prof.nc,2020-01-14,2902233,13.7,86.93333333333334,True,D,1,264,1989.199951171875
20200114_prof.nc,2020-01-14,2902235,13.4,92.05,True,D,1,264,2005.300048828125
20200114_prof.nc,2020-01-14,5902377,-34.89708,129.64772,False,D,1,507,1003.239990234375
20200114_prof.nc,2020-01-14,1901875,-41.251,46.5555,False,D,1,587,2000.800048828125
20200114_prof.nc,2020-01-14,2902185,-15.805,63.188,False,D,1,59,1997.0
20200114_prof.nc,2020-01-14,1901290,-62.3075,62.4114,False,D,1,69,2000.0999755859375
20200114_prof.nc,2020-01-14,5903859,-7.388,59.575,False,D,1,72,2000.199951171875
20200114_prof.nc,2020-01-14,5902470,-35.45091,128.81434,False,D,1,1007,2001.0400390625
20200114_prof.nc,2020-01-14,1902221,-41.39478,33.77714,False,D,1,1010,2007.239990234375
20200114_prof.nc,2020-01-14,5906032,-46.153,40.969,False,D,1,499,1998.8399658203125
20200114_prof.nc,2020-01-14,1901840,-9.70135,70.30227,False,D,1,1003,1993.8800048828125
20200114_prof.nc,2020-01-14,5904420,-29.71,63.851,False,D,1,69,1900.0999755859375
20200114_prof.nc,2020-01-14,2901343,-31.316,70.876,False,D,1,58,1899.699951171875
20200114_prof.nc,2020-01-14,5905073,-58.326,129.688,False,D,1,509,1949.5
20200115_prof.nc,2020-01-15,5902351,-31.98919,96.59062,False,D,1,599,1187.280029296875
20200115_prof.nc,2020-01-15,2902589,-26.006,66.438,False,D,1,99,1964.0
20200115_prof.nc,2020-01-15,5904257,-41.883,132.243,False,D,1,994,1988.300048828125
20200115_prof.nc,2020-01-15,5903685,-42.588,107.419,False,D,1,71,2000.0999755859375
20200115_prof.nc,2020-01-15,5902357,-21.22534,72.07233,False,D,1,607,1203.6400146484375
20200115_prof.nc,2020-01-15,5905775,-40.90069,77.25114,False,D,1,1009,2005.280029296875
20200115_prof.nc,2020-01-15,1902226,-43.9803,30.25504,False,D,1,1153,2005.47998046875
20200115_prof.nc,2020-01-15,5902354,-29.92233,96.99706,False,D,1,608,1205.52001953125
20200115_prof.nc,2020-01-15,3901958,-54.22456833333333,53.141688333333335,False,D,1,604,2026.800048828125
20200115_prof.nc,2020-01-15,4903028,-10.787,48.357,False,D,1,992,1986.0
20200115_prof.nc,2020-01-15,5905213,-17.2756,116.4957,False,D,1,1003,2007.9000244140625
20200115_prof.nc,2020-01-15,2902186,-7.311,64.391,False,D,1,271,1997.760009765625
20200115_prof.nc,2020-01-15,1902214,-41.46005,28.81732,False,D,1,1014,2018.0799560546875
20200115_prof.nc,2020-01-15,1901509,-5.039,60.891,False,D,1,72,1976.5999755859375
20200115_prof.nc,2020-01-15,2902395,4.96499,78.02802,False,D,1,1023,2036.0
20200115_prof.nc,2020-01-15,1902192,-22.467,41.817,False,D,1,998,1998.300048828125
20200115_prof.nc,2020-01-15,1902202,-4.801,48.534,False,D,1,1005,2009.0
20200115_prof.nc,2020-01-15,1901838,-62.63608,125.3538,False,D,1,951,1890.0
20200115_prof.nc,2020-01-15,2902226,-51.811,72.938,False,D,1,33,599.0999755859375
20200115_prof.nc,2020-01-15,2902219,-33.178,51.674,False,D,1,58,1899.9000244140625
20200115_prof.nc,2020-01-15,7900644,-63.375518798828125,56.60393524169922,False,D,1,998,1997.6400146484375
20200115_prof.nc,2020-01-15,5904239,-32.546,108.32,False,D,1,995,1992.0
20200115_prof.nc,2020-01-15,1902332,-11.342,78.468,False,A,1,370,978.7000122070312
20200115_prof.nc,2020-01-15,5902356,-21.72478,70.31942,False,D,1,613,1215.1600341796875
20200115_prof.nc,2020-01-15,1902201,-12.951,65.624,False,D,1,985,1971.699951171875
20200115_prof.nc,2020-01-15,1902026,-15.17282,52.55009,False,D,1,1003,1993.43994140625
20200115_prof.nc,2020-01-15,2901344,-37.782,85.275,False,D,1,59,1999.0
20200115_prof.nc,2020-01-15,6901982,-44.046,40.496,False,D,1,51,949.7999877929688
20200115_prof.nc,2020-01-15,2902264,13.026943333333334,88.65871,True,D,1,340,1969.199951171875
20200115_prof.nc,2020-01-15,2902239,1.0592483333333333,84.67842,False,R,1,340,1972.699951171875
20200115_prof.nc,2020-01-15,5904722,-7.808,82.453,False,D,1,1002,2003.0999755859375
20200115_prof.nc,2020-01-15,7900111,-45.91338,90.3233,False,D,1,1004,1997.6400146484375
20200115_prof.nc,2020-01-15,7900110,-56.35544,25.02092,False,D,1,1008,2003.760009765625
20200115_prof.nc,2020-01-15,5904897,-41.844,77.38,False,D,1,998,1995.199951171875
20200115_prof.nc,2020-01-15,5902364,-34.03076,91.33274,False,D,1,502,993.0399780273438
20200115_prof.nc,2020-01-15,5905877,-50.758,113.313,False,D,1,1006,2013.5999755859375
20200115_prof.nc,2020-01-15,5903909,-18.12,91.882,False,D,1,70,1990.5
20200115_prof.nc,2020-01-15,6902833,-54.798,90.577,False,D,1,98,2027.0
20200115_prof.nc,2020-01-15,2903390,-5.013,79.38,False,A,1,1123,4505.10009765625
20200115_prof.nc,2020-01-15,2901858,12.807,71.733,True,D,1,67,1695.0999755859375
20200115_prof.nc,2020-01-15,5905071,-37.817,84.787,False,D,1,510,2002.0
20200115_prof.nc,2020-01-15,5904835,-11.356,74.135,False,D,1,509,1998.0999755859375
20200115_prof.nc,2020-01-15,7900643,-62.5477294921875,58.229671478271484,False,D,1,999,1999.1800537109375
20200115_prof.nc,2020-01-15,1902029,-33.22329,36.18899,False,D,1,1007,2001.9599609375
20200115_prof.nc,2020-01-15,6902943,13.81618,60.718331666666664,True,D,1,908,1520.9000244140625
20200115_prof.nc,2020-01-15,5905387,-18.297,101.981,False,D,1,997,1995.0999755859375
20200115_prof.nc,2020-01-15,2902143,-7.909,85.559,False,D,1,101,2001.0
20200115_prof.nc,2020-01-15,1902225,-33.19632,38.95812,False,D,1,1153,2005.3199462890625
20200115_prof.nc,2020-01-15,2902278,17.153,91.818,True,D,1,98,2009.0
20200115_prof.nc,2020-01-15,1902335,-29.896,55.18,False,A,1,1107,4442.7998046875
20200115_prof.nc,2020-01-15,5902350,-28.45398,85.70482,False,D,1,601,1192.0
20200115_prof.nc,2020-01-15,2902279,17.926,91.262,True,D,1,99,1964.0
20200115_prof.nc,2020-01-15,2902290,-8.914,74.911,False,D,1,337,2005.0
20200115_prof.nc,2020-01-15,6901699,-53.082,44.636,False,D,1,45,476.0
20200115_prof.nc,2020-01-15,5905448,-45.6634,98.8651,False,D,1,1003,2007.5999755859375
20200115_prof.nc,2020-01-15,1901842,-5.61791,65.10291,False,D,1,1003,1993.280029296875
20200115_prof.nc,2020-01-15,5904445,-22.88,72.268,False,D,1,70,1949.9000244140625
20200115_prof.nc,2020-01-15,5902345,-36.6525,112.63066,False,D,1,682,1353.760009765625
20200115_prof.nc,2020-01-15,5905179,-19.6592,99.5099,False,D,1,989,1979.0999755859375
20200115_prof.nc,2020-01-15,2902394,5.01436,80.87053,True,D,1,501,992.0399780273438
20200115_prof.nc,2020-01-15,6902941,-50.786973333333336,93.29797666666667,False,D,1,1021,2030.699951171875
20200115_prof.nc,2020-01-15,6902939,-48.837045,83.290955,False,D,1,1022,2015.699951171875
20200115_prof.nc,2020-01-15,1901302,-41.2865,121.5294,False,D,1,70,1899.9000244140625
20200115_prof.nc,2020-01-15,3901883,-49.608088333333335,30.474608333333332,False,D,1,968,1994.0
20200115_prof.nc,2020-01-15,1902333,-19.971,80.49,False,A,1,1128,4519.0
20200115_prof.nc,2020-01-15,2903132,4.93422,87.32251,False,D,1,1008,2005.8399658203125
20200115_prof.nc,2020-01-15,5904816,-36.09,99.524,False,D,1,507,1897.800048828125
20200115_prof.nc,2020-01-15,5902369,-41.2367,119.25613,False,D,1,509,1007.9600219726562
20200115_prof.nc,2020-01-15,5906000,-63.076,97.369,False,D,1,498,1798.4000244140625
20200115_prof.nc,2020-01-15,2902199,15.057,68.272,True,A,1,997,1993.199951171875
20200115_prof.nc,2020-01-15,1901441,-2.474,97.622,False,A,1,1,2002.0
20200115_prof.nc,2020-01-15,1900979,-43.549,138.862,False,D,1,72,2011.5999755859375
20200115_prof.nc,2020-01-15,5905774,-37.70624,90.01138,False,D,1,1008,2003.0
20200115_prof.nc,2020-01-15,5905180,-18.3745,99.5411,False,D,1,1001,2003.199951171875
20200115_prof.nc,2020-01-15,5902344,-24.88178,104.07022,False,D,1,605,1199.8399658203125
20200115_prof.nc,2020-01-15,7900393,-63.067,144.51,False,D,1,999,1997.300048828125
20200115_prof.nc,2020-01-15,7900198,-55.18999,39.9464,False,D,1,1004,1995.56005859375
20200115_prof.nc,2020-01-15,5902498,-45.74571,116.1951,False,D,1,1008,2003.5999755859375
20200115_prof.nc,2020-01-15,6902905,-49.794673333333336,65.66364833333333,False,D,1,323,990.4000244140625
20200115_prof.nc,2020-01-15,5904790,-46.697,119.564,False,D,1,510,1997.300048828125
20200115_prof.nc,2020-01-15,5904891,-38.031,97.13,False,D,1,990,1981.5
20200115_prof.nc,2020-01-15,1901393,-47.996,140.078,False,D,1,71,1999.9000244140625
20200115_prof.nc,2020-01-15,2902248,-58.619,109.263,False,D,1,99,1938.0
20200115_prof.nc,2020-01-15,7900514,-45.63098333333333,22.409986666666665,False,D,1,97,2002.5
20200115_prof.nc,2020-01-15,7900513,-47.85006333333333,39.10067333333333,False,D,1,96,1978.699951171875
20200115_prof.nc,2020-01-15,7900641,-58.717075,51.809292,False,D,1,995,1991.760009765625
20200115_prof.nc,2020-01-15,5902352,-36.22842,97.81738,False,D,1,604,1197.4000244140625
20200115_prof.nc,2020-01-15,2902188,0.137,57.558,False,D,1,292,2000.8800048828125
20200115_prof.nc,2020-01-15,2902775,5.476,81.787,True,D,1,102,2002.0
20200115_prof.nc,2020-01-15,5905424,-26.7244,96.3382,False,D,1,984,1970.199951171875
20200115_prof.nc,2020-01-15,2903391,-9.693,79.801,False,A,1,1126,4504.60009765625
20200115_prof.nc,2020-01-15,2902162,-15.041,51.341,False,D,1,57,1899.9000244140625
20200115_prof.nc,2020-01-15,1901750,-50.15432357788086,57.694644927978516,False,D,1,1000,2001.27001953125
20200115_prof.nc,2020-01-15,5902488,-14.82443,106.13375,False,D,1,1003,1993.5999755859375
20200115_prof.nc,2020-01-15,5902499,-48.03732,137.48014,False,D,1,1004,1995.56005859375
20200115_prof.nc,2020-01-15,5902353,-28.28879,74.47253,False,D,1,610,1210.0400390625
20200115_prof.nc,2020-01-15,5905082,14.76,54.583,True,D,1,510,1997.4000244140625
20200115_prof.nc,2020-01-15,1901331,-5.646,67.506,False,D,1,997,1995.300048828125
20200115_prof.nc,2020-01-15,2902236,16.433333333333334,84.8,True,A,1,102,2009.800048828125
20200115_prof.nc,2020-01-15,2902198,11.714,60.401,True,D,1,58,1899.9000244140625
20200115_prof.nc,2020-01-15,2902663,10.166,69.745,True,D,1,100,1964.0
20200115_prof.nc,2020-01-15,1901841,-11.61707,65.2178,False,D,1,1009,2005.1600341796875
20200115_prof.nc,2020-01-15,1902338,-39.952,37.91,False,A,1,1002,2003.9000244140625
20200115_prof.nc,2020-01-15,5903860,-13.089,66.016,False,D,1,72,2000.5
20200116_prof.nc,2020-01-16,5905174,-37.0662,91.8835,False,D,1,992,1984.5
20200116_prof.nc,2020-01-16,5904450,-27.785,99.36,False,D,1,70,1949.9000244140625
20200116_prof.nc,2020-01-16,5906207,-53.983,56.512,False,D,1,484,1399.6600341796875
20200116_prof.nc,2020-01-16,2902147,-8.469,55.022,False,D,1,59,1900.0999755859375
20200116_prof.nc,2020-01-16,1901320,-40.557,71.235,False,D,1,68,1793.300048828125
20200116_prof.nc,2020-01-16,2903131,1.43308,84.93315,False,D,1,1013,2015.9200439453125
20200116_prof.nc,2020-01-16,2902223,-51.66,135.197,False,D,1,59,1997.9000244140625
20200116_prof.nc,2020-01-16,5906007,-56.472,35.617,False,D,1,499,1799.449951171875
20200116_prof.nc,2020-01-16,5905368,-50.605,83.798,False,D,1,501,1999.1099853515625
20200116_prof.nc,2020-01-16,1901843,-15.80544,70.69609,False,D,1,1008,2003.4000244140625
20200116_prof.nc,2020-01-16,2901849,3.813,64.22,False,D,1,70,1975.5999755859375
20200116_prof.nc,2020-01-16,2902390,15.62885,59.46585,True,D,1,578,1145.1600341796875
20200116_prof.nc,2020-01-16,5904788,-27.881,40.352,False,D,1,510,1997.699951171875
20200116_prof.nc,2020-01-16,1901787,-20.85775,71.30391,False,D,1,632,1253.3199462890625
20200116_prof.nc,2020-01-16,1902191,-19.887,50.937,False,D,1,996,1994.5
20200116_prof.nc,2020-01-16,5904837,-34.756,40.096,False,D,1,510,1995.0
20200116_prof.nc,2020-01-16,1902194,5.096,64.326,True,D,1,983,1967.0999755859375
20200116_prof.nc,2020-01-16,5902372,-38.28704,135.53524,False,D,1,510,1009.239990234375
20200116_prof.nc,2020-01-16,5902373,-38.32252,119.6247,False,D,1,509,1007.7999877929688
20200116_prof.nc,2020-01-16,5904684,-62.895,126.781,False,D,1,497,1599.0699462890625
20200116_prof.nc,2020-01-16,7900110,-56.43575,24.83661,False,D,1,1004,1995.52001953125
20200116_prof.nc,2020-01-16,7900111,-45.86482,90.40529,False,D,1,1005,1997.3599853515625
20200116_prof.nc,2020-01-16,2902220,-33.74,40.791,False,D,1,59,2000.0
20200116_prof.nc,2020-01-16,2902275,20.291262,68.180618,True,D,1,995,1989.52001953125
20200116_prof.nc,2020-01-16,5905878,-55.1448,111.382,False,D,1,1007,2015.300048828125
20200116_prof.nc,2020-01-16,3901222,-47.89424,55.81109,False,D,1,1013,2016.280029296875
20200116_prof.nc,2020-01-16,1901304,-44.6675,54.6677,False,A,1,70,1899.5999755859375
20200116_prof.nc,2020-01-16,5904569,-16.234,94.596,False,D,1,985,1972.5
20200116_prof.nc,2020-01-16,6902759,-41.394,77.756,False,D,1,100,2008.0
20200116_prof.nc,2020-01-16,5905084,11.791,61.172,True,D,1,511,1996.0999755859375
20200116_prof.nc,2020-01-16,5905085,11.062,63.6,True,D,1,509,1997.5999755859375
20200116_prof.nc,2020-01-16,5904815,-27.358,107.26,False,D,1,510,1997.5999755859375
20200116_prof.nc,2020-01-16,5904436,-44.875,132.576,False,D,1,70,1950.300048828125
20200116_prof.nc,2020-01-16,5902521,-38.21093,128.75566,False,D,1,534,5697.0
20200116_prof.nc,2020-01-16,1901163,1.898,47.537,False,D,1,71,2001.300048828125
20200116_prof.nc,2020-01-16,6902948,13.720695,49.137605,True,D,1,701,1231.4000244140625
20200116_prof.nc,2020-01-16,6902946,11.102836666666667,44.92990666666667,False,D,1,687,1203.0999755859375
20200116_prof.nc,2020-01-16,6902947,12.943095,47.306355,True,D,1,689,1261.0999755859375
20200116_prof.nc,2020-01-16,2902289,-7.17,80.151,False,D,1,101,1988.0
20200116_prof.nc,2020-01-16,2902282,16.937,89.285,True,D,1,99,1935.0
20200116_prof.nc,2020-01-16,2902146,-4.8758,99.782655,False,D,1,95,1964.0999755859375
20200116_prof.nc,2020-01-16,2902280,15.485,92.591,True,D,1,103,2026.0
20200116_prof.nc,2020-01-16,7900617,-56.016,97.397,False,D,1,993,1985.4000244140625
20200116_prof.nc,2020-01-16,2902288,-5.736,84.769,False,D,1,101,1981.0
20200116_prof.nc,2020-01-16,2902267,16.049,57.808,True,D,1,336,2008.0
20200116_prof.nc,2020-01-16,3901539,-46.9633,50.1681,False,D,1,57,1898.9000244140625
20200116_prof.nc,2020-01-16,2902257,17.372,70.359,True,D,1,317,2001.0
20200116_prof.nc,2020-01-16,2902201,18.2,61.718,True,D,1,59,2000.0999755859375
20200116_prof.nc,2020-01-16,7900116,-39.66214,29.30427,False,D,1,1009,2005.0799560546875
20200116_prof.nc,2020-01-16,5904800,-35.187,120.196,False,D,1,509,1997.5999755859375
20200116_prof.nc,2020-01-16,6902942,-47.75004,110.7766,False,D,1,1005,2022.4000244140625
20200116_prof.nc,2020-01-16,5902360,-34.41526,68.83375,False,D,1,513,1015.0399780273438
20200116_prof.nc,2020-01-16,7900198,-55.09682,40.12158,False,D,1,897,1781.52001953125
20200116_prof.nc,2020-01-16,6902951,-8.412435,49.98393333333333,False,D,1,998,2007.0
20200116_prof.nc,2020-01-16,5904825,-29.942,32.786,False,D,1,506,1798.699951171875
20200116_prof.nc,2020-01-16,5904456,-25.42,43.169,False,D,1,71,1999.199951171875
20200116_prof.nc,2020-01-16,3901608,-50.437,20.164,False,D,1,245,1987.0
20200116_prof.nc,2020-01-16,2902680,10.525,91.041,True,D,1,74,1899.9000244140625
20200116_prof.nc,2020-01-16,5905195,-33.9232,128.735,False,D,1,1000,2001.5
20200116_prof.nc,2020-01-16,5906034,-63.336,27.722,False,D,1,499,1998.6500244140625
20200116_prof.nc,2020-01-16,5902451,-53.30019,140.81453,False,D,1,1003,1993.800048828125
20200116_prof.nc,2020-01-16,5904832,-28.552,40.191,False,D,1,510,1997.5
20200116_prof.nc,2020-01-16,1902337,-36.2055,57.0534,False,D,1,1007,2015.4000244140625
20200116_prof.nc,2020-01-16,5902347,-42.0758,107.10479,False,D,1,588,1165.760009765625
20200116_prof.nc,2020-01-16,2902222,-53.296,101.801,False,D,1,58,1899.300048828125
20200116_prof.nc,2020-01-16,5905881,-60.03,110.18,False,A,1,1004,4023.39990234375
20200116_prof.nc,2020-01-16,2902256,17.054,64.211,True,D,1,102,1981.0
20200116_prof.nc,2020-01-16,2902255,13.281,62.636,True,A,1,336,2009.0
20200116_prof.nc,2020-01-16,5902524,-42.92546,116.15598,False,D,1,548,4588.5
20200116_prof.nc,2020-01-16,1901751,-52.30652618408203,56.93804168701172,False,D,1,995,1991.8199462890625
20200116_prof.nc,2020-01-16,7900647,-64.24250793457031,49.68288803100586,False,D,1,999,1999.050048828125
20200116_prof.nc,2020-01-16,7900642,-62.432514,31.455257,False,D,1,994,1989.969970703125
20200116_prof.nc,2020-01-16,2902163,-29.901,44.45,False,D,1,58,1899.4000244140625
20200116_prof.nc,2020-01-16,7900678,-64.06098,140.11622,False,D,1,528,3501.39990234375
20200116_prof.nc,2020-01-16,7900678,-64.06098,140.11506,False,A,1,0,
20200116_prof.nc,2020-01-16,5905177,-23.371,104.818,False,D,1,995,1989.800048828125
20200116_prof.nc,2020-01-16,5902352,-36.19991,97.82033,False,D,1,999,1987.56005859375
20200116_prof.nc,2020-01-16,5902500,-46.28487,101.3183,False,D,1,1007,2001.800048828125
20200116_prof.nc,2020-01-16,3901538,-40.2394,26.843,False,D,1,57,1899.4000244140625
20200116_prof.nc,2020-01-16,7900510,-56.11002,28.140308333333333,False,D,1,98,2028.0
20200116_prof.nc,2020-01-16,7900511,-51.88158833333333,34.3217,False,D,1,90,1988.0
20200116_prof.nc,2020-01-16,7900512,-46.859278333333336,39.48676833333333,False,D,1,98,2025.800048828125
20200116_prof.nc,2020-01-16,7900515,-49.59511833333333,31.06729,False,D,1,95,2003.699951171875
20200116_prof.nc,2020-01-16,7900646,-63.91424560546875,52.816001892089844,False,D,1,999,1999.1400146484375
20200116_prof.nc,2020-01-16,5905083,9.598,67.267,True,D,1,509,1947.800048828125
20200116_prof.nc,2020-01-16,1901747,-35.19401168823242,57.642112731933594,False,D,1,1002,2003.93994140625
20200116_prof.nc,2020-01-16,6903220,-48.653284299999996,75.45364719999998,False,D,1,162,1990.9000244140625
20200116_prof.nc,2020-01-16,7900865,-63.1771,88.9538,False,D,1,1010,2021.9000244140625
20200116_prof.nc,2020-01-16,5904415,-30.558,61.454,False,D,1,69,1899.199951171875
20200116_prof.nc,2020-01-16,5906205,-35.123,57.532,False,D,1,497,1900.0
20200116_prof.nc,2020-01-16,5903581,-47.169,103.857,False,D,1,71,1997.699951171875
20200116_prof.nc,2020-01-16,5905449,-46.9708,96.7011,False,D,1,997,1995.5999755859375
20200116_prof.nc,2020-01-16,1901835,-55.49384,130.4524,False,D,1,1002,1991.8800048828125
20200116_prof.nc,2020-01-16,2902557,12.785,48.082,True,D,1,101,1985.0
20200116_prof.nc,2020-01-16,2902200,12.624,63.402,True,D,1,59,2000.300048828125
20200116_prof.nc,2020-01-16,5903694,-18.494,73.163,False,D,1,69,1997.300048828125
20200116_prof.nc,2020-01-16,2902605,9.98,88.635,True,D,1,98,1978.0
20200116_prof.nc,2020-01-16,1901698,-58.27636,128.46039,False,D,1,509,1007.0399780273438
20200117_prof.nc,2020-01-17,2902606,1.151,79.668,False,D,1,99,1982.0
20200117_prof.nc,2020-01-17,2902389,11.47236,63.15455,True,D,1,519,1027.800048828125
20200117_prof.nc,2020-01-17,1901884,-35.5266,43.6088,False,D,1,57,1900.199951171875
20200117_prof.nc,2020-01-17,1901834,-51.24307,125.51034,False,D,1,1002,1991.9200439453125
20200117_prof.nc,2020-01-17,1901739,12.698,59.444,True,D,1,997,1995.4000244140625
20200117_prof.nc,2020-01-17,5905996,-49.772,22.353,False,D,1,508,1949.699951171875
20200117_prof.nc,2020-01-17,2901900,8.651,55.2379,True,D,1,54,2002.699951171875
20200117_prof.nc,2020-01-17,1902269,-56.759,31.632,False,D,1,1001,2002.4000244140625
20200117_prof.nc,2020-01-17,2902388,9.91416,65.694,True,D,1,1023,2036.0799560546875
20200117_prof.nc,2020-01-17,5904831,-9.837,66.53,False,D,1,509,1997.5
20200117_prof.nc,2020-01-17,3901960,-63.09126166666667,72.03947166666667,False,D,1,605,2030.699951171875
20200117_prof.nc,2020-01-17,5904658,-43.043,23.077,False,D,1,498,1898.449951171875
20200117_prof.nc,2020-01-17,1901881,-22.1224,37.3338,False,D,1,57,1900.199951171875
20200117_prof.nc,2020-01-17,1901753,-56.256103515625,55.81939697265625,False,D,1,995,1989.6600341796875
20200117_prof.nc,2020-01-17,5904830,-17.28,65.555,False,D,1,508,1998.0
20200117_prof.nc,2020-01-17,1902190,-13.76,54.571,False,D,1,983,1967.0
20200117_prof.nc,2020-01-17,6903026,-52.50172462025351,66.9965334982762,False,D,8,224,974.5
20200117_prof.nc,2020-01-17,1901802,-13.292,63.753,False,D,1,987,1975.0999755859375
20200117_prof.nc,2020-01-17,5904809,-47.654,132.684,False,D,1,510,1998.199951171875
20200117_prof.nc,2020-01-17,5904846,-37.413,137.892,False,D,1,509,1999.699951171875
20200117_prof.nc,2020-01-17,5905849,-61.98,125.774,False,A,1,1002,4008.5
20200117_prof.nc,2020-01-17,5902490,-16.40348,94.47669,False,D,1,1005,1997.9599609375
20200117_prof.nc,2020-01-17,2902261,13.94,68.989,True,D,1,332,2013.0
20200117_prof.nc,2020-01-17,2902260,11.676,70.668,True,D,1,335,2033.0
20200117_prof.nc,2020-01-17,2903390,-5.022,79.317,False,A,1,1127,4516.60009765625
20200117_prof.nc,2020-01-17,5905196,-35.1157,132.0378,False,D,1,706,1414.800048828125
20200117_prof.nc,2020-01-17,5905175,-40.7077,99.2994,False,D,1,982,1965.5999755859375
20200117_prof.nc,2020-01-17,1902335,-29.884,55.179,False,A,1,1119,4482.7001953125
20200117_prof.nc,2020-01-17,2902245,2.175988333333333,88.88918833333334,False,R,1,340,1967.800048828125
20200117_prof.nc,2020-01-17,2902243,0.6005900000000001,89.76851833333333,False,D,1,340,1967.9000244140625
20200117_prof.nc,2020-01-17,2902244,-0.813525,72.52667,False,R,1,341,2007.0999755859375
20200117_prof.nc,2020-01-17,5904426,-39.104,134.606,False,D,1,68,1850.0999755859375
20200117_prof.nc,2020-01-17,1902043,-30.27792,61.22644,False,D,1,1008,2003.3199462890625
20200117_prof.nc,2020-01-17,1901902,-13.8134,41.6724,False,A,1,100,1997.0999755859375
20200117_prof.nc,2020-01-17,5905089,11.613,67.368,True,D,1,510,1997.5
20200117_prof.nc,2020-01-17,1902045,-39.85033,54.44048,False,D,1,1007,2001.52001953125
20200117_prof.nc,2020-01-17,2902277,19.347721,66.37532,True,D,1,996,1993.68994140625
20200117_prof.nc,2020-01-17,2902268,17.9,61.523,True,D,1,329,1977.0
20200117_prof.nc,2020-01-17,5902520,-41.03181,128.94054,False,D,1,533,5498.7998046875
20200117_prof.nc,2020-01-17,5905170,-41.3691,115.9464,False,D,1,998,1998.4000244140625
20200117_prof.nc,2020-01-17,1902333,-20.0,80.518,False,A,1,1124,4502.39990234375
20200117_prof.nc,2020-01-17,6902943,13.733081666666667,60.68827,True,D,1,896,1502.0999755859375
20200117_prof.nc,2020-01-17,7900116,-39.55151,29.8309,False,D,1,1001,1992.0
20200117_prof.nc,2020-01-17,1902212,-42.43508,21.42588,False,D,1,1013,2015.199951171875
20200117_prof.nc,2020-01-17,2902203,16.767,65.414,True,D,1,59,1900.199951171875
20200117_prof.nc,2020-01-17,1901794,-42.47818,29.65425,False,D,1,488,965.760009765625
20200117_prof.nc,2020-01-17,2902287,-3.639,80.031,False,D,1,101,1976.0
20200117_prof.nc,2020-01-17,2901861,-0.1038,71.6859,False,D,1,1002,2005.0999755859375
20200117_prof.nc,2020-01-17,2902283,14.662,87.084,True,D,1,101,1980.0
20200117_prof.nc,2020-01-17,5905416,-17.4589,115.7033,False,D,1,1001,2004.0
20200117_prof.nc,2020-01-17,5905021,-9.084,112.933,False,D,1,912,1824.5
20200117_prof.nc,2020-01-17,2901851,7.717,66.477,True,D,1,70,1992.9000244140625
20200117_prof.nc,2020-01-17,1901736,-13.3162,84.3303,False,D,1,995,1992.0999755859375
20200117_prof.nc,2020-01-17,7900864,-56.47,88.964,False,A,1,556,2227.39990234375
20200117_prof.nc,2020-01-17,2902149,-4.661,91.049,False,D,1,58,2000.5
20200117_prof.nc,2020-01-17,5906030,-51.318,45.976,False,D,1,497,1798.800048828125
20200117_prof.nc,2020-01-17,6902949,-10.36225,42.796773333333334,False,D,1,1004,2025.699951171875
20200117_prof.nc,2020-01-17,6902950,-2.3963083333333333,44.068933333333334,False,D,1,1004,1996.0
20200117_prof.nc,2020-01-17,2902118,13.256,68.802665,True,D,1,137,1982.300048828125
20200117_prof.nc,2020-01-17,1902040,-36.05554,68.78256,False,D,1,1008,2004.0
20200117_prof.nc,2020-01-17,2903130,1.63831,89.46856,False,D,1,1007,2003.800048828125
20200117_prof.nc,2020-01-17,5904836,-11.715,64.866,False,D,1,510,1997.5999755859375
20200117_prof.nc,2020-01-17,5905876,-11.841,110.991,False,A,1,762,3058.39990234375
20200117_prof.nc,2020-01-17,5902345,-36.63248,112.23329,False,D,1,609,1207.56005859375
20200117_prof.nc,2020-01-17,2902181,-0.647,79.927,False,D,1,270,1897.449951171875
20200117_prof.nc,2020-01-17,5904453,-29.637,101.124,False,D,1,70,1949.699951171875
20200117_prof.nc,2020-01-17,5905088,10.163,70.03,True,D,1,508,1947.4000244140625
20200117_prof.nc,2020-01-17,5904241,-38.163,90.751,False,D,1,989,1980.5
20200117_prof.nc,2020-01-17,5905432,-17.222402572631836,108.21234893798828,False,D,1,968,1989.449951171875
20200117_prof.nc,2020-01-17,1901873,-41.1287,40.189,False,D,1,525,1948.9200439453125
20200117_prof.nc,2020-01-17,5904813,-41.139,105.622,False,D,1,509,1995.0
20200117_prof.nc,2020-01-17,2903391,-9.687,79.785,False,A,1,1127,4514.7001953125
20200117_prof.nc,2020-01-17,5906002,-56.694,96.411,False,D,1,498,1799.510009765625
20200117_prof.nc,2020-01-17,5904824,-16.406,68.354,False,D,1,510,1996.9000244140625
20200117_prof.nc,2020-01-17,3901507,-41.626,41.5733,False,D,1,70,1900.0999755859375
20200117_prof.nc,2020-01-17,6902905,-49.65558333333333,65.38700166666666,False,D,1,323,992.7999877929688
20200117_prof.nc,2020-01-17,2902393,11.7297,68.12184,True,D,1,502,993.3200073242188
20200117_prof.nc,2020-01-17,1901752,-55.09564971923828,56.25267028808594,False,D,1,996,1991.43994140625
20200117_prof.nc,2020-01-17,5905450,-49.9589,92.6203,False,D,1,946,1894.0
20200117_prof.nc,2020-01-17,3901913,-32.60114333333333,53.202576666666666,False,D,1,378,2012.5
20200117_prof.nc,2020-01-17,2902170,-61.41427685714285,131.51709314285714,False,R,1,98,2027.4000244140625
20200117_prof.nc,2020-01-17,3901914,-45.23880166666667,63.52193,False,D,1,376,2012.5
20200117_prof.nc,2020-01-17,2902249,-62.041,70.299,False,D,1,103,2028.0
20200117_prof.nc,2020-01-17,2902250,-40.459,99.328,False,D,1,331,2003.0
20200117_prof.nc,2020-01-17,3901917,-43.01734166666667,32.27372166666667,False,D,1,377,2005.5999755859375
20200117_prof.nc,2020-01-17,3901916,-42.926768333333335,42.19950166666667,False,D,1,378,2032.5999755859375
20200117_prof.nc,2020-01-17,2902148,-1.52,92.217,False,D,1,58,1900.300048828125
20200117_prof.nc,2020-01-17,5904833,-18.791,113.021,False,D,1,506,1799.300048828125
20200117_prof.nc,2020-01-17,5905214,-16.1284,106.3131,False,D,1,1002,2005.0999755859375
20200117_prof.nc,2020-01-17,7900677,-57.22443,123.91884,False,D,1,558,4771.10009765625
20200117_prof.nc,2020-01-17,5904892,-29.878,95.598,False,D,1,999,1997.800048828125
20200117_prof.nc,2020-01-17,5904905,-17.844,89.343,False,D,1,997,1993.5999755859375
20200117_prof.nc,2020-01-17,5902357,-21.24179,72.03806,False,D,1,996,1982.0
20200117_prof.nc,2020-01-17,5905366,-54.0,66.561,False,D,1,500,1999.3800048828125
20200117_prof.nc,2020-01-17,1901901,-8.8648,41.9119,False,D,1,27,1249.699951171875
20200117_prof.nc,2020-01-17,5902351,-31.96383,96.56511,False,D,1,680,1349.239990234375
20200117_prof.nc,2020-01-17,5904791,-36.431,122.965,False,D,1,510,1997.0999755859375
20200117_prof.nc,2020-01-17,1902041,-32.29538,67.67262,False,D,1,1007,2001.760009765625
20200117_prof.nc,2020-01-17,5905415,-24.8977533333333,108.616208333333,False,D,1,990,1975.0999755859375
20200117_prof.nc,2020-01-17,2902622,2.366,52.69,False,D,1,100,1964.0
20200117_prof.nc,2020-01-17,2901860,14.198,55.034,True,D,1,995,1991.800048828125
20200117_prof.nc,2020-01-17,1901340,-22.588,78.1,False,D,1,997,1993.5
20200117_prof.nc,2020-01-17,5902354,-29.9251,96.95612,False,D,1,963,1915.6800537109375
20200117_prof.nc,2020-01-17,5904798,-49.852,127.327,False,D,1,510,1998.5
20200117_prof.nc,2020-01-17,5905189,-38.785,137.254,False,D,1,997,1995.4000244140625
20200118_prof.nc,2020-01-18,1901445,-11.171,94.219,False,D,1,71,1855.0
20200118_prof.nc,2020-01-18,1901871,-12.1363,44.4234,False,A,1,1,3276.800048828125
20200118_prof.nc,2020-01-18,1902031,-37.64982,60.34905,False,D,1,1008,2004.1199951171875
20200118_prof.nc,2020-01-18,5902492,-20.9369,88.72551,False,D,1,1004,1996.0400390625
20200118_prof.nc,2020-01-18,2902614,-1.484,97.085,False,D,1,100,1983.0
20200118_prof.nc,2020-01-18,5905215,-57.114,111.197,False,D,1,116,2002.300048828125
20200118_prof.nc,2020-01-18,5905217,-59.503,131.492,False,D,1,105,1999.5999755859375
20200118_prof.nc,2020-01-18,1902216,-42.70044,41.55567,False,D,1,1007,2003.3199462890625
20200118_prof.nc,2020-01-18,1901790,-31.99322,29.79195,False,D,1,582,1153.8399658203125
20200118_prof.nc,2020-01-18,5902483,-39.81144,111.11135,False,D,1,1010,2007.6800537109375
20200118_prof.nc,2020-01-18,5906211,-58.199,55.253,False,D,1,486,1699.25
20200118_prof.nc,2020-01-18,5904686,-59.08,124.477,False,D,1,509,2001.800048828125
20200118_prof.nc,2020-01-18,1901812,-47.36668,144.44273,False,D,1,1023,2036.0
20200118_prof.nc,2020-01-18,1901743,-61.593563079833984,49.19196319580078,False,D,1,994,1989.47998046875
20200118_prof.nc,2020-01-18,5904821,-17.403,68.827,False,D,1,510,1998.0
20200118_prof.nc,2020-01-18,2901854,1.356,60.505,False,D,1,988,1975.5
20200118_prof.nc,2020-01-18,5904427,-45.117,72.737,False,D,1,71,1999.800048828125
20200118_prof.nc,2020-01-18,5904689,-29.983,92.72,False,D,1,561,1998.0
20200118_prof.nc,2020-01-18,5902489,-18.9347,106.96655,False,D,1,1010,2007.0799560546875
20200118_prof.nc,2020-01-18,1902196,2.849,64.662,False,D,1,992,1985.199951171875
20200118_prof.nc,2020-01-18,1901799,-26.27356,75.43282,False,D,1,513,1015.7999877929688
20200118_prof.nc,2020-01-18,2902262,11.728,58.159,True,D,1,335,2026.0
20200118_prof.nc,2020-01-18,2902238,1.0796183333333333,86.00519333333334,False,R,1,340,1965.9000244140625
20200118_prof.nc,2020-01-18,1901796,-25.66819,49.96961,False,D,1,565,1120.3199462890625
20200118_prof.nc,2020-01-18,5902502,-44.62938,106.58052,False,D,1,1010,2007.280029296875
20200118_prof.nc,2020-01-18,5904244,-21.018,112.205,False,D,1,765,1531.0999755859375
20200118_prof.nc,2020-01-18,1901741,-54.8645,78.4005,False,D,1,1001,2004.300048828125
20200118_prof.nc,2020-01-18,1901145,-49.229,144.486,False,D,1,70,1981.199951171875
20200118_prof.nc,2020-01-18,1901325,-19.068,65.25,False,D,1,70,1990.5999755859375
20200118_prof.nc,2020-01-18,5906208,-38.189,56.813,False,D,1,496,1599.72998046875
20200118_prof.nc,2020-01-18,7900203,-46.44749,39.34622,False,D,1,1005,1997.1199951171875
20200118_prof.nc,2020-01-18,6902948,13.714968333333333,49.329455,True,D,1,698,1206.5
20200118_prof.nc,2020-01-18,6902946,10.957751666666667,44.87319166666666,False,D,1,692,1207.0
20200118_prof.nc,2020-01-18,1901443,-7.306,76.823,False,D,1,69,1699.199951171875
20200118_prof.nc,2020-01-18,1902030,-37.8871,29.86525,False,D,1,1002,1991.1199951171875
20200118_prof.nc,2020-01-18,6902947,12.661531666666667,47.59262666666667,True,D,1,690,1222.300048828125
20200118_prof.nc,2020-01-18,2902216,1.799,83.112,False,R,1,244,489.8999938964844
20200118_prof.nc,2020-01-18,2902183,-4.468,88.913,False,D,1,291,1947.9300537109375
20200118_prof.nc,2020-01-18,6903026,-52.50955833333333,67.06163166666667,False,D,1,224,982.2999877929688
20200118_prof.nc,2020-01-18,1901789,-36.3091,27.6271,False,D,1,562,1113.5999755859375
20200118_prof.nc,2020-01-18,5904893,-28.056,62.046,False,D,1,995,1990.199951171875
20200118_prof.nc,2020-01-18,2902269,15.469,62.701,True,D,1,334,2001.0
20200118_prof.nc,2020-01-18,1901897,10.3319,56.8654,True,D,1,54,1986.5999755859375
20200118_prof.nc,2020-01-18,2902179,-3.496,74.986,False,A,1,247,493.1000061035156
20200118_prof.nc,2020-01-18,2902165,-16.213,53.813,False,D,1,57,1800.199951171875
20200118_prof.nc,2020-01-18,1901746,-51.446892,33.768009,False,D,1,995,1991.81005859375
20200118_prof.nc,2020-01-18,2902392,2.85177,47.58092,False,D,1,509,1007.719970703125
20200118_prof.nc,2020-01-18,3901223,-48.53268,53.24861,False,D,1,1012,2014.3199462890625
20200118_prof.nc,2020-01-18,2901345,-38.918,134.5,False,D,1,57,1899.5999755859375
20200118_prof.nc,2020-01-18,5902362,-46.16637,111.26831,False,D,1,577,1143.3199462890625
20200118_prof.nc,2020-01-18,5905428,-30.9165,67.1273,False,D,1,1003,2007.9000244140625
20200118_prof.nc,2020-01-18,2902137,-1.842,82.664,False,D,1,58,1899.5
20200118_prof.nc,2020-01-18,1901345,-6.575,49.413,False,D,1,997,1993.5
20200118_prof.nc,2020-01-18,2902120,16.660971666666665,66.11368833333333,True,D,1,136,1985.800048828125
20200118_prof.nc,2020-01-18,6903026,-52.51074333333333,67.05684666666667,False,D,1,222,982.9000244140625
20200118_prof.nc,2020-01-18,5902481,-35.8276,123.47515,False,D,1,1009,2005.4000244140625
20200118_prof.nc,2020-01-18,5904819,-21.768,98.287,False,D,1,509,1997.800048828125
20200118_prof.nc,2020-01-18,1901748,-38.36528015136719,56.34199523925781,False,D,1,1004,2007.1099853515625
20200118_prof.nc,2020-01-18,1902047,-32.44379,41.46322,False,D,1,1010,2007.4000244140625
20200118_prof.nc,2020-01-18,5905012,-19.867,113.546,False,D,1,510,1022.5
20200118_prof.nc,2020-01-18,1901444,-7.083,100.706,False,D,1,72,1984.9000244140625
20200118_prof.nc,2020-01-18,2901853,11.344,59.48,True,D,1,997,1995.4000244140625
20200118_prof.nc,2020-01-18,5905011,-25.977,107.505,False,D,1,996,1992.0
20200118_prof.nc,2020-01-18,2902187,-9.739,40.855,False,D,1,292,2000.4599609375
20200118_prof.nc,2020-01-18,7900114,-37.202,56.1577,False,D,1,989,1965.9599609375
20200118_prof.nc,2020-01-18,1901514,1.628,44.639,False,A,1,2,0.0
20200118_prof.nc,2020-01-18,5902361,-26.70265,65.83889,False,D,1,499,987.9600219726562
20200118_prof.nc,2020-01-18,5905881,-60.115,110.479,False,A,1,1005,4023.699951171875
20200118_prof.nc,2020-01-18,1902213,-47.43924,41.84208,False,D,1,1013,2015.9599609375
20200118_prof.nc,2020-01-18,1902033,-47.93728,95.80183,False,D,1,1009,2005.199951171875
20200118_prof.nc,2020-01-18,5902355,-27.41575,73.08589,False,D,1,566,1121.52001953125
20200118_prof.nc,2020-01-18,5904429,-29.638,93.856,False,D,1,68,1849.699951171875
20200118_prof.nc,2020-01-18,5904242,-37.464,104.108,False,D,1,985,1972.300048828125
20200118_prof.nc,2020-01-18,5904659,-49.136,49.37,False,D,1,499,1799.3299560546875
20200118_prof.nc,2020-01-18,1902046,-29.95242,50.45485,False,D,1,1011,2010.0400390625
20200118_prof.nc,2020-01-18,1902217,-38.67803,26.42464,False,D,1,1013,2013.8399658203125
20200118_prof.nc,2020-01-18,3901920,-42.527,72.185,False,D,1,97,2004.0
20200118_prof.nc,2020-01-18,2902230,12.2,85.3,True,D,1,262,2035.5
20200118_prof.nc,2020-01-18,1901810,-42.37617,93.12438,False,D,1,1010,2009.0400390625
20200118_prof.nc,2020-01-18,5905090,4.344,73.723,False,D,1,496,1545.0999755859375
20200118_prof.nc,2020-01-18,1902024,-12.58514,49.72867,False,D,1,888,1763.9200439453125
20200118_prof.nc,2020-01-18,1901701,-37.67727,64.86039,False,D,1,517,1024.719970703125
20200118_prof.nc,2020-01-18,5905417,-14.8419,115.3157,False,D,1,988,1977.5
20200118_prof.nc,2020-01-18,7900113,-43.37029,37.2653,False,D,1,1006,1999.239990234375
20200118_prof.nc,2020-01-18,5905201,-7.582,78.778,False,D,1,999,1999.0999755859375
20200118_prof.nc,2020-01-18,5904446,-31.644,114.314,False,D,1,69,1900.0
20200118_prof.nc,2020-01-18,2901859,15.693,53.607,True,D,1,997,1995.5
20200118_prof.nc,2020-01-18,5905018,-11.63,96.443,False,D,1,998,1995.4000244140625
20200118_prof.nc,2020-01-18,1901809,-44.08204,108.52831,False,D,1,1009,2007.0400390625
20200118_prof.nc,2020-01-18,2902578,-2.169,95.919,False,D,1,101,1977.0
20200118_prof.nc,2020-01-18,2902259,14.275,64.725,True,D,1,331,1982.0
20200118_prof.nc,2020-01-18,5902525,-37.63217,117.03237,False,D,1,568,5103.10009765625
20200119_prof.nc,2020-01-19,5904899,-41.797,107.81,False,D,1,995,1991.4000244140625
20200119_prof.nc,2020-01-19,1902332,-11.192,78.285,False,A,1,370,978.5
20200119_prof.nc,2020-01-19,7900892,-60.09462356567383,54.69176483154297,False,D,1,994,1989.8599853515625
20200119_prof.nc,2020-01-19,5904448,-37.572,29.125,False,D,1,70,1949.199951171875
20200119_prof.nc,2020-01-19,5904820,-33.469,97.276,False,D,1,510,1997.699951171875
20200119_prof.nc,2020-01-19,1901799,-26.32499,75.3998,False,D,1,991,1971.5999755859375
20200119_prof.nc,2020-01-19,1902025,-19.28118,50.40809,False,D,1,1009,2007.1199951171875
20200119_prof.nc,2020-01-19,2902391,13.98217,56.27989,True,D,1,508,1005.719970703125
20200119_prof.nc,2020-01-19,5906036,-39.912,47.096,False,D,1,0,
20200119_prof.nc,2020-01-19,1902335,-29.881,55.183,False,A,1,1094,4383.5
20200119_prof.nc,2020-01-19,5902345,-36.3777,111.92524,False,D,1,614,1217.6400146484375
20200119_prof.nc,2020-01-19,3901962,-55.86774333333334,28.73618,False,D,1,603,2021.5999755859375
20200119_prof.nc,2020-01-19,2903390,-5.052,79.246,False,A,1,1128,4519.2001953125
20200119_prof.nc,2020-01-19,1902034,-38.90146,48.61338,False,D,1,1005,1999.6400146484375
20200119_prof.nc,2020-01-19,3901966,-47.39689333333333,31.675141666666665,False,D,1,596,2012.5999755859375
20200119_prof.nc,2020-01-19,5904826,-21.193,108.442,False,D,1,509,1998.5999755859375
20200119_prof.nc,2020-01-19,5905425,-31.2388,94.9102,False,D,1,762,1525.5999755859375
20200119_prof.nc,2020-01-19,2901856,13.073,69.624,True,D,1,995,1991.5
20200119_prof.nc,2020-01-19,5904243,-22.591,81.012,False,D,1,948,1897.800048828125
20200119_prof.nc,2020-01-19,7900203,-46.37029,39.3738,False,D,1,1005,1997.280029296875
20200119_prof.nc,2020-01-19,5904424,-37.78,98.975,False,D,1,68,1850.199951171875
20200119_prof.nc,2020-01-19,1902333,-20.031,80.543,False,A,1,1125,4502.7998046875
20200119_prof.nc,2020-01-19,2902271,15.52089,69.187462,True,D,1,995,1991.43994140625
20200119_prof.nc,2020-01-19,5905200,-26.292,104.307,False,D,1,998,1995.5999755859375
20200119_prof.nc,2020-01-19,2902241,-5.759576666666667,84.66415333333333,False,R,1,340,1968.4000244140625
20200119_prof.nc,2020-01-19,2902242,-5.693381666666666,82.595405,False,R,1,340,1967.199951171875
20200119_prof.nc,2020-01-19,2902240,0.007905,85.95884833333334,False,R,1,340,1970.0999755859375
20200119_prof.nc,2020-01-19,1901789,-36.37688,27.68765,False,D,1,954,1897.3599853515625
20200119_prof.nc,2020-01-19,1901605,1.812,44.923,False,D,1,2,0.30000001192092896
20200119_prof.nc,2020-01-19,5904834,-20.086,70.139,False,D,1,510,1998.199951171875
20200119_prof.nc,2020-01-19,5903914,-16.856,87.043,False,D,1,67,1840.9000244140625
20200119_prof.nc,2020-01-19,7900614,-60.171,106.474,False,D,1,990,1982.5
20200119_prof.nc,2020-01-19,2901855,7.058,58.921,True,D,1,993,1988.4000244140625
20200119_prof.nc,2020-01-19,2902276,19.344322,67.62487,True,D,1,995,1991.4000244140625
20200119_prof.nc,2020-01-19,5904568,-10.201,84.573,False,D,1,1001,2003.699951171875
20200119_prof.nc,2020-01-19,5904567,-11.734,93.888,False,D,1,1001,2003.0999755859375
20200119_prof.nc,2020-01-19,5904441,-35.749,103.636,False,D,1,69,1899.699951171875
20200119_prof.nc,2020-01-19,5903950,-15.653,119.302,False,D,1,996,1993.5999755859375
20200119_prof.nc,2020-01-19,7900616,-58.702,127.728,False,D,1,998,1995.0999755859375
20200119_prof.nc,2020-01-19,6902943,13.667878333333332,60.674695,True,D,1,896,1487.300048828125
20200119_prof.nc,2020-01-19,5904723,-2.686,100.529,False,D,1,504,1009.7000122070312
20200119_prof.nc,2020-01-19,2902285,14.027,84.8,True,D,1,101,2006.0
20200119_prof.nc,2020-01-19,6903026,-52.520485,67.11773833333334,False,D,1,224,974.2999877929688
20200119_prof.nc,2020-01-19,1901912,-37.4242,49.682,False,D,1,58,2009.800048828125
20200119_prof.nc,2020-01-19,2901522,-0.552,65.059,False,D,1,74,1999.300048828125
20200119_prof.nc,2020-01-19,2901902,-28.2351,33.7529,False,D,1,51,1640.0
20200119_prof.nc,2020-01-19,6903026,-52.52169833333333,67.11318333333334,False,D,1,222,985.2000122070312
20200119_prof.nc,2020-01-19,7900114,-37.26222,56.21711,False,D,1,1004,1995.52001953125
20200119_prof.nc,2020-01-19,1902028,-37.917,49.30581,False,D,1,1011,2009.3199462890625
20200119_prof.nc,2020-01-19,5902454,-58.0193,136.49391,False,D,1,1006,1999.3599853515625
20200119_prof.nc,2020-01-19,2903391,-9.692,79.79,False,A,1,1125,4507.60009765625
20200119_prof.nc,2020-01-19,5902346,-22.46224,79.23809,False,D,1,652,1312.1600341796875
20200119_prof.nc,2020-01-19,2901895,8.421,89.944,True,D,1,299,1996.1400146484375
20200119_prof.nc,2020-01-19,1901749,-41.115909576416016,57.86100387573242,False,D,1,1003,2007.4300537109375
20200119_prof.nc,2020-01-19,5902358,-21.03977,77.96208,False,D,1,596,1181.5999755859375
20200119_prof.nc,2020-01-19,2901894,4.609,90.789,False,D,1,299,1997.3699951171875
20200119_prof.nc,2020-01-19,2901341,-22.223,56.881,False,D,1,59,1998.5
20200119_prof.nc,2020-01-19,2901898,10.7121,89.7207,True,D,1,351,1949.0999755859375
20200119_prof.nc,2020-01-19,5905210,-11.9987,144.5433,False,D,1,1000,2001.0
20200119_prof.nc,2020-01-19,6902905,-49.46541,65.14772333333333,False,D,1,324,1014.9000244140625
20200119_prof.nc,2020-01-19,5904274,-34.26,41.023,False,D,1,992,1985.9000244140625
20200119_prof.nc,2020-01-19,1901117,-39.062,48.788,False,D,1,71,2000.5
20200119_prof.nc,2020-01-19,1901735,-9.2558,63.8376,False,D,1,987,1975.5
20200119_prof.nc,2020-01-19,5905385,-29.5213,103.2856,False,D,1,982,1965.800048828125
20200119_prof.nc,2020-01-19,3901527,-45.2812,69.82,False,D,1,57,1899.9000244140625
20200119_prof.nc,2020-01-19,5905019,-10.329,93.55,False,D,1,990,1980.199951171875
20200119_prof.nc,2020-01-19,2902252,-62.15,91.76666666666667,False,D,1,102,2027.4000244140625
20200119_prof.nc,2020-01-19,2902209,10.954,53.181,True,D,1,246,493.1000061035156
20200119_prof.nc,2020-01-19,5902523,-42.00049,126.47254,False,D,1,526,4907.2001953125
20200119_prof.nc,2020-01-19,3901899,-36.845193333333334,133.96548666666666,False,D,1,962,1977.300048828125
20200119_prof.nc,2020-01-19,2902251,-65.1,65.48333333333333,False,A,1,103,2012.0
20200119_prof.nc,2020-01-19,1901911,-38.807,39.1079,False,A,1,58,2001.5999755859375
20200119_prof.nc,2020-01-19,5904795,-39.988,123.845,False,D,1,511,1997.199951171875
20200119_prof.nc,2020-01-19,7900113,-43.35667,37.32552,False,D,1,1004,1995.3599853515625
20200119_prof.nc,2020-01-19,3901923,-31.142,33.792,False,D,1,97,2010.0
20200119_prof.nc,2020-01-19,2902234,14.2,85.0,True,D,1,269,2027.4000244140625
20200119_prof.nc,2020-01-19,7900202,-47.51021,50.44537,False,D,1,1007,2001.56005859375
20200119_prof.nc,2020-01-19,2902235,13.183333333333334,92.05,True,D,1,262,1928.699951171875
20200119_prof.nc,2020-01-19,7900200,-46.31216,23.73845,False,D,1,1004,1995.5999755859375
20200119_prof.nc,2020-01-19,2902233,14.016666666666667,86.91666666666667,True,D,1,262,2000.800048828125
20200119_prof.nc,2020-01-19,2902232,11.216666666666667,85.8,True,D,1,270,1984.5999755859375
20200119_prof.nc,2020-01-19,1902048,-33.52466,50.15649,False,D,1,1009,2005.6400146484375
20200119_prof.nc,2020-01-19,2901852,4.229,65.198,False,D,1,990,1982.5
20200119_prof.nc,2020-01-19,5904828,-19.047,99.3,False,D,1,509,1997.0999755859375
20200119_prof.nc,2020-01-19,5905771,-30.21448,97.18449,False,D,1,1011,2010.239990234375
20200119_prof.nc,2020-01-19,5905384,-32.9204,110.0895,False,D,1,1002,2005.800048828125
20200119_prof.nc,2020-01-19,1901447,-13.383,68.853,False,D,1,72,1985.800048828125
20200119_prof.nc,2020-01-19,5905176,-25.8768,91.0053,False,D,1,987,1975.699951171875
20200119_prof.nc,2020-01-19,5905070,-57.424,129.109,False,D,1,500,1998.800048828125
20200119_prof.nc,2020-01-19,2902558,10.778,67.831,True,D,1,100,1978.0
20200119_prof.nc,2020-01-19,1901798,-38.33416,58.95011,False,D,1,576,1142.1600341796875
20200120_prof.nc,2020-01-20,2901905,-24.4584,41.1538,False,D,1,57,1899.699951171875
20200120_prof.nc,2020-01-20,1901910,-4.2909,74.4497,False,A,1,57,1899.9000244140625
20200120_prof.nc,2020-01-20,6902642,-43.444,28.132,False,D,1,80,1949.800048828125
20200120_prof.nc,2020-01-20,5904807,-38.733,94.773,False,D,1,510,1997.699951171875
20200120_prof.nc,2020-01-20,1901797,-23.08369,69.50316,False,D,1,604,1197.199951171875
20200120_prof.nc,2020-01-20,5902504,-43.2249,140.70863,False,D,1,1002,1991.6800537109375
20200120_prof.nc,2020-01-20,7900869,-64.0389,112.6609,False,D,1,981,1963.199951171875
20200120_prof.nc,2020-01-20,2902274,19.331778,64.244431,True,D,1,992,1985.780029296875
20200120_prof.nc,2020-01-20,1901813,-49.82011,80.99274,False,D,1,1023,2036.0
20200120_prof.nc,2020-01-20,1901831,-45.33873,59.23911,False,D,1,1002,1993.800048828125
20200120_prof.nc,2020-01-20,5900689,-24.035,103.714,False,D,1,50,949.2000122070312
20200120_prof.nc,2020-01-20,5905220,-58.341,77.145,False,A,1,488,977.0999755859375
20200120_prof.nc,2020-01-20,5905269,-63.90452,124.13573,False,D,1,493,3983.0
20200120_prof.nc,2020-01-20,1902189,-3.487,59.641,False,D,1,1001,2003.699951171875
20200120_prof.nc,2020-01-20,5905773,-35.11382,78.3241,False,D,1,1007,2001.760009765625
20200120_prof.nc,2020-01-20,5905269,-63.90515,124.1359,False,D,1,0,
20200120_prof.nc,2020-01-20,3901514,-49.1298,43.7038,False,D,1,57,1900.4000244140625
20200120_prof.nc,2020-01-20,2901857,11.046,66.725,True,D,1,993,1988.5
20200120_prof.nc,2020-01-20,5905171,-36.2614,99.3494,False,D,1,1000,2002.4000244140625
20200120_prof.nc,2020-01-20,2902239,1.135765,84.80531833333333,False,R,1,340,1971.5999755859375
20200120_prof.nc,2020-01-20,2902264,12.909761666666666,88.64418166666667,True,D,1,340,1974.699951171875
20200120_prof.nc,2020-01-20,6902638,-50.29,34.271,False,D,1,80,1999.5
20200120_prof.nc,2020-01-20,5904829,-18.847,81.728,False,D,1,510,1998.4000244140625
20200120_prof.nc,2020-01-20,5904729,1.495,87.45,False,D,1,988,1977.5
20200120_prof.nc,2020-01-20,5904940,-11.643,90.841,False,D,1,1001,2003.0999755859375
20200120_prof.nc,2020-01-20,5903575,-12.858,144.122,False,D,1,71,1999.0
20200120_prof.nc,2020-01-20,1902214,-41.32882,29.24142,False,D,1,1010,2009.199951171875
20200120_prof.nc,2020-01-20,5904789,-39.48,119.243,False,D,1,507,1897.699951171875
20200120_prof.nc,2020-01-20,1901805,-11.113,50.883,False,D,1,491,983.4000244140625
20200120_prof.nc,2020-01-20,5904442,-40.672,121.827,False,D,1,67,1799.5999755859375
20200120_prof.nc,2020-01-20,7900634,-66.0339,71.5644,False,D,1,988,1976.0
20200120_prof.nc,2020-01-20,6902715,-46.064,129.92,False,D,1,96,1986.0
20200120_prof.nc,2020-01-20,6902782,-52.74,49.716,False,D,1,100,2004.0
20200120_prof.nc,2020-01-20,7900637,-63.0353554,124.1704901,False,A,1,590,4136.2001953125
20200120_prof.nc,2020-01-20,2902273,18.427053,68.955978,True,D,1,992,1985.3699951171875
20200120_prof.nc,2020-01-20,6902781,-51.931,39.944,False,D,1,99,1989.0
20200120_prof.nc,2020-01-20,6902780,-56.704,46.81,False,D,1,99,1976.0
20200120_prof.nc,2020-01-20,6902946,10.89212,44.79168,False,D,1,693,1204.0999755859375
20200120_prof.nc,2020-01-20,6902948,13.621423333333333,49.42843833333333,True,D,1,694,1202.800048828125
20200120_prof.nc,2020-01-20,2903133,2.14457,80.99925,False,D,1,1151,2002.239990234375
20200120_prof.nc,2020-01-20,6902947,12.363066666666667,47.68828333333333,True,D,1,691,1221.300048828125
20200120_prof.nc,2020-01-20,2902279,17.833,91.304,True,D,1,95,1979.0
20200120_prof.nc,2020-01-20,5902346,-22.4382,79.23357,False,D,1,934,1875.3599853515625
20200120_prof.nc,2020-01-20,2902286,0.371,79.633,False,D,1,100,2010.0
20200120_prof.nc,2020-01-20,2902278,17.063,91.956,True,D,1,99,1963.0
20200120_prof.nc,2020-01-20,5904894,-30.794,91.293,False,D,1,997,1995.300048828125
20200120_prof.nc,2020-01-20,5904822,-11.546,60.408,False,D,1,508,1947.5
20200120_prof.nc,2020-01-20,6903026,-52.53783333333333,67.15590333333333,False,D,1,216,982.5
20200120_prof.nc,2020-01-20,2902397,0.16697,84.02084,False,D,1,514,1017.47998046875
20200120_prof.nc,2020-01-20,3901879,-53.26587,37.418865,False,D,1,965,1977.9000244140625
20200120_prof.nc,2020-01-20,6902940,-52.40842833333333,94.37968333333333,False,D,1,1014,2021.5999755859375
20200120_prof.nc,2020-01-20,6903026,-52.537525,67.15670666666666,False,D,1,222,982.4000244140625
20200120_prof.nc,2020-01-20,5902491,-16.83962,88.423,False,D,1,1007,2002.0
20200120_prof.nc,2020-01-20,2901513,4.941,69.995,False,D,1,73,1900.0
20200120_prof.nc,2020-01-20,2902184,-16.971,68.865,False,D,1,58,1899.9000244140625
20200120_prof.nc,2020-01-20,5905020,-10.326,100.495,False,D,1,996,1993.800048828125
20200120_prof.nc,2020-01-20,3901516,-49.4102,20.6412,False,D,1,57,1900.0999755859375
20200120_prof.nc,2020-01-20,2902272,17.10001,67.128349,True,D,1,995,1991.8399658203125
20200120_prof.nc,2020-01-20,1901792,-16.98994,52.20093,False,D,1,571,1131.719970703125
20200120_prof.nc,2020-01-20,5905997,-64.913,119.782,False,D,1,988,1996.6300048828125
20200120_prof.nc,2020-01-20,1902330,-55.5366,58.6864,False,D,1,999,1999.4000244140625
20200120_prof.nc,2020-01-20,5902501,-45.87656,110.53783,False,D,1,1003,1993.800048828125
20200120_prof.nc,2020-01-20,1901744,-56.653934478759766,43.81295394897461,False,D,1,994,1989.43994140625
20200120_prof.nc,2020-01-20,1901517,6.816,54.628,True,D,1,72,1942.4000244140625
20200120_prof.nc,2020-01-20,2902254,14.016,70.107,True,A,1,333,1967.0
20200120_prof.nc,2020-01-20,7900202,-47.57816,50.53652,False,D,1,1001,1991.9200439453125
20200120_prof.nc,2020-01-20,7900200,-46.30397,23.66993,False,D,1,1002,1993.800048828125
20200120_prof.nc,2020-01-20,2903131,1.5783,85.03063,False,D,1,1014,2017.6800537109375
20200120_prof.nc,2020-01-20,5905190,-39.1971,127.9435,False,D,1,992,1985.699951171875
20200120_prof.nc,2020-01-20,5905881,-60.245,110.794,False,A,1,1005,4024.60009765625
20200120_prof.nc,2020-01-20,6900900,-44.116,80.978,False,D,1,96,1976.0
20200120_prof.nc,2020-01-20,2902246,-47.263,106.982,False,D,1,337,2003.0
20200120_prof.nc,2020-01-20,2901897,4.6794,79.6057,False,D,1,349,1998.300048828125
20200120_prof.nc,2020-01-20,2902767,-1.402,78.747,False,D,1,102,1979.699951171875
20200120_prof.nc,2020-01-20,2902773,-5.747,88.682,False,D,1,101,1980.0999755859375
20200120_prof.nc,2020-01-20,5904671,-60.212,84.183,False,D,1,489,1001.0999755859375
20200120_prof.nc,2020-01-20,1901165,0.773,88.247,False,D,1,71,2003.5999755859375
20200120_prof.nc,2020-01-20,7900633,-63.1152,89.8602,False,D,1,984,1968.300048828125
20200120_prof.nc,2020-01-20,6901688,-55.815628333333336,125.26340166666667,False,D,1,323,982.5999755859375
20200120_prof.nc,2020-01-20,3901924,-44.061,47.229,False,D,1,95,1964.0
20200120_prof.nc,2020-01-20,1901798,-38.35764,59.1101,False,D,1,943,1875.8800048828125
20200120_prof.nc,2020-01-20,3901528,-57.0589,34.2889,False,A,1,57,1899.699951171875
20200120_prof.nc,2020-01-20,1902032,-33.88954,56.42224,False,D,1,1004,1996.199951171875
20200120_prof.nc,2020-01-20,2901569,6.087,74.839,True,D,1,101,1983.0
20200120_prof.nc,2020-01-20,1901510,-30.542,36.004,False,D,1,72,1904.300048828125
20200120_prof.nc,2020-01-20,1901786,-21.83977,48.99457,False,D,1,608,1205.0799560546875
20200120_prof.nc,2020-01-20,2902236,16.45,84.48333333333333,True,A,1,103,2012.199951171875
20200120_prof.nc,2020-01-20,5904854,-46.545,27.993,False,D,1,989,1999.510009765625
20200120_prof.nc,2020-01-20,7900630,-64.95171392499421,123.55684303831788,False,D,8,998,2004.800048828125
20200121_prof.nc,2020-01-21,1901833,-39.97669,45.852,False,D,1,1005,1999.47998046875
20200121_prof.nc,2020-01-21,7900679,-63.20685,125.45912,False,D,1,0,
20200121_prof.nc,2020-01-21,1902035,-37.09223,87.17452,False,D,1,1008,2003.8399658203125
20200121_prof.nc,2020-01-21,2903390,-5.074,79.178,False,A,1,1126,4508.10009765625
20200121_prof.nc,2020-01-21,1902078,-60.226,54.086,False,D,1,116,2000.800048828125
20200121_prof.nc,2020-01-21,2902669,2.21,85.634,False,D,1,99,1980.0
20200121_prof.nc,2020-01-21,2902586,-22.135,83.265,False,D,1,100,1963.0
20200121_prof.nc,2020-01-21,5904440,-29.126,87.633,False,D,1,69,1900.300048828125
20200121_prof.nc,2020-01-21,5904827,-21.768,96.669,False,D,1,510,1998.199951171875
20200121_prof.nc,2020-01-21,5905191,-47.3952,126.0093,False,D,1,985,1971.5
20200121_prof.nc,2020-01-21,1902333,-20.061,80.565,False,A,1,1124,4506.0
20200121_prof.nc,2020-01-21,5906220,-52.892,81.251,False,D,1,500,1899.699951171875
20200121_prof.nc,2020-01-21,3901961,-58.34460166666667,21.67274,False,D,1,604,2026.0
20200121_prof.nc,2020-01-21,5904903,-22.814,97.454,False,D,1,997,1996.0
20200121_prof.nc,2020-01-21,7900333,-60.487,107.07,False,D,1,996,1993.199951171875
20200121_prof.nc,2020-01-21,1902056,-6.601,60.99,False,D,1,1000,2000.5
20200121_prof.nc,2020-01-21,6901983,-49.553,55.453,False,D,1,61,996.9000244140625
20200121_prof.nc,2020-01-21,2902141,-14.106,50.843,False,D,1,58,1899.0999755859375
20200121_prof.nc,2020-01-21,5904720,-16.208,77.14,False,D,1,991,1983.0
20200121_prof.nc,2020-01-21,5905169,-35.053,110.681,False,D,1,997,1993.699951171875
20200121_prof.nc,2020-01-21,1902198,-0.778,73.431,False,D,1,1002,2005.300048828125
20200121_prof.nc,2020-01-21,5904418,-41.602,140.06,False,D,1,71,1999.199951171875
20200121_prof.nc,2020-01-21,1901346,-1.592,80.849,False,D,1,995,1991.5999755859375
20200121_prof.nc,2020-01-21,5904994,-6.41,100.429,False,D,1,994,1989.4000244140625
20200121_prof.nc,2020-01-21,6902777,-50.198,47.187,False,D,1,100,2013.0
20200121_prof.nc,2020-01-21,6902779,-56.608,34.365,False,D,1,100,2002.0
20200121_prof.nc,2020-01-21,2902792,-12.909,108.443,False,D,1,97,1022.0
20200121_prof.nc,2020-01-21,2902151,0.595,87.128,False,D,1,59,2001.0
20200121_prof.nc,2020-01-21,6902778,-48.75,54.329,False,D,1,100,2007.0
20200121_prof.nc,2020-01-21,6902943,13.584976666666666,60.65347833333333,True,D,1,901,1522.0
20200121_prof.nc,2020-01-21,5905779,-38.95311,87.24586,False,D,1,1009,2005.0799560546875
20200121_prof.nc,2020-01-21,2902282,17.006,89.262,True,D,1,103,2011.0
20200121_prof.nc,2020-01-21,2902266,13.533,67.634,True,D,1,336,1981.0
20200121_prof.nc,2020-01-21,2902150,2.203,88.025,False,D,1,101,1981.0
20200121_prof.nc,2020-01-21,2902280,15.518,92.667,True,D,1,101,1988.0
20200121_prof.nc,2020-01-21,5902343,-39.77732,117.27534,False,D,1,565,1119.280029296875
20200121_prof.nc,2020-01-21,2903391,-9.716,79.79,False,A,1,1127,4515.89990234375
20200121_prof.nc,2020-01-21,5905429,-34.8902,84.7294,False,D,1,995,1992.0
20200121_prof.nc,2020-01-21,6903026,-52.549578333333336,67.19814666666667,False,D,1,216,973.0
20200121_prof.nc,2020-01-21,3901529,-47.4367,38.6784,False,D,1,57,1899.9000244140625
20200121_prof.nc,2020-01-21,5905778,-33.68029,91.54283,False,D,1,1009,2005.719970703125
20200121_prof.nc,2020-01-21,5906210,-63.511,53.725,False,D,1,487,1699.0799560546875
20200121_prof.nc,2020-01-21,5904902,-22.487,94.039,False,D,1,997,1993.5
20200121_prof.nc,2020-01-21,1901740,-41.5153,79.3904,False,D,1,1003,2005.9000244140625
20200121_prof.nc,2020-01-21,5905183,-41.944,131.689,False,D,1,995,1991.5
20200121_prof.nc,2020-01-21,5904452,-35.768,109.275,False,D,1,68,1847.699951171875
20200121_prof.nc,2020-01-21,6903026,-52.552236666666666,67.19864166666666,False,D,1,222,984.5999755859375
20200121_prof.nc,2020-01-21,5904261,-43.972,130.365,False,D,1,990,1979.5
20200121_prof.nc,2020-01-21,5904796,-33.878,113.382,False,D,1,510,1997.9000244140625
20200121_prof.nc,2020-01-21,5905178,-17.4175,108.222,False,D,1,1001,2003.0999755859375
20200121_prof.nc,2020-01-21,2902156,2.857,78.38,False,D,1,245,489.29998779296875
20200121_prof.nc,2020-01-21,5904410,-28.391,46.3,False,D,1,71,1997.800048828125
20200121_prof.nc,2020-01-21,5904371,-42.46875,134.21143,False,D,1,576,1139.1600341796875
20200121_prof.nc,2020-01-21,6902905,-49.359295,64.94759166666667,False,D,1,322,981.4000244140625
20200121_prof.nc,2020-01-21,2902221,-51.651,144.573,False,D,1,59,2000.699951171875
20200121_prof.nc,2020-01-21,5904443,-23.753,102.047,False,D,1,69,1900.0
20200121_prof.nc,2020-01-21,2902125,12.66964,62.59036166666667,True,D,1,93,1929.0999755859375
20200121_prof.nc,2020-01-21,1901832,-47.06325,59.33884,False,D,1,1001,1991.8399658203125
20200121_prof.nc,2020-01-21,5902379,-34.05696,105.7937,False,D,1,497,983.52001953125
20200121_prof.nc,2020-01-21,5905386,-38.3351,123.1603,False,D,1,996,1991.199951171875
20200121_prof.nc,2020-01-21,2902777,-0.396,81.037,False,D,1,100,1977.199951171875
20200121_prof.nc,2020-01-21,5904799,-30.728,32.959,False,D,1,509,1947.800048828125
20200121_prof.nc,2020-01-21,2902771,8.716,83.541,True,D,1,101,1979.4000244140625
20200121_prof.nc,2020-01-21,1902336,-31.7801,54.9196,False,D,1,1007,2015.0
20200121_prof.nc,2020-01-21,2901347,-51.334,143.371,False,D,1,59,2000.4000244140625
20200121_prof.nc,2020-01-21,5906209,-44.759,58.0,False,D,1,493,1398.8399658203125
20200121_prof.nc,2020-01-21,5902506,-44.9003,133.7362,False,D,1,1007,2001.199951171875
20200121_prof.nc,2020-01-21,5902380,-26.33325,96.52406,False,D,1,615,1220.0
20200121_prof.nc,2020-01-21,5905772,-51.75288,97.33595,False,D,1,108,203.83999633789062
20200121_prof.nc,2020-01-21,2901512,10.566,63.001,True,D,1,73,1899.300048828125
20200121_prof.nc,2020-01-21,5904888,-41.194,135.237,False,D,1,990,1981.5
20200121_prof.nc,2020-01-21,5905418,-13.4196983333333,119.182015,False,D,1,1017,2030.4000244140625
20200121_prof.nc,2020-01-21,5904679,-57.3,121.812,False,D,1,501,1999.25
20200121_prof.nc,2020-01-21,2901904,-33.5118,30.7509,False,D,1,57,1899.5999755859375
20200121_prof.nc,2020-01-21,2902609,6.242,60.359,True,D,1,101,1984.0
20200121_prof.nc,2020-01-21,2902581,-36.293,80.336,False,D,1,102,2002.0
20200121_prof.nc,2020-01-21,2902594,-28.902,97.834,False,D,1,101,1983.0
20200122_prof.nc,2020-01-22,2902682,5.648,86.853,True,D,1,74,2000.4000244140625
20200122_prof.nc,2020-01-22,5905064,-8.139,95.488,False,D,1,116,1990.199951171875
20200122_prof.nc,2020-01-22,1902076,-45.179,74.475,False,D,1,116,2000.5999755859375
20200122_prof.nc,2020-01-22,5902345,-36.09348,112.07566,False,D,1,662,1313.800048828125
20200122_prof.nc,2020-01-22,1902036,-37.8273,79.81238,False,D,1,1009,2005.3599853515625
20200122_prof.nc,2020-01-22,1901446,-7.455,62.019,False,D,1,69,1720.5999755859375
20200122_prof.nc,2020-01-22,5904818,-44.628,115.401,False,D,1,21,1997.0
20200122_prof.nc,2020-01-22,6902814,-63.995255,140.29126333333335,False,D,1,259,3453.699951171875
20200122_prof.nc,2020-01-22,5904812,-37.936,44.236,False,D,1,509,1998.0
20200122_prof.nc,2020-01-22,5905427,-40.6119,83.5111,False,D,1,1001,2003.4000244140625
20200122_prof.nc,2020-01-22,4902950,-0.154,56.184,False,D,1,1001,2003.9000244140625
20200122_prof.nc,2020-01-22,5902368,-38.31591,116.20419,False,D,1,596,1181.9200439453125
20200122_prof.nc,2020-01-22,1901754,-37.4099,63.9705,False,D,1,1010,2021.800048828125
20200122_prof.nc,2020-01-22,1901606,-4.382,41.482,False,D,1,72,1960.0
20200122_prof.nc,2020-01-22,6901980,-44.09,91.961,False,D,1,71,1950.0999755859375
20200122_prof.nc,2020-01-22,5905875,-40.585,108.75,False,A,1,1000,4000.39990234375
20200122_prof.nc,2020-01-22,5904889,-41.821,136.057,False,D,1,996,1994.300048828125
20200122_prof.nc,2020-01-22,5906031,-53.64,42.234,False,D,1,499,1899.719970703125
20200122_prof.nc,2020-01-22,2902275,20.459278,68.156387,True,D,1,993,1987.5
20200122_prof.nc,2020-01-22,7900389,-67.889,38.954,False,D,8,986,1982.300048828125
20200122_prof.nc,2020-01-22,2902245,2.0964666666666667,88.94480666666666,False,R,1,340,1970.0999755859375
20200122_prof.nc,2020-01-22,2902243,0.94199,90.44055333333333,False,D,1,340,1968.300048828125
20200122_prof.nc,2020-01-22,2902244,-0.7530166666666667,72.97479666666666,False,R,1,340,1968.699951171875
20200122_prof.nc,2020-01-22,5904570,-8.089,104.323,False,D,1,990,1979.4000244140625
20200122_prof.nc,2020-01-22,2902792,-12.939,108.453,False,D,1,114,2037.5
20200122_prof.nc,2020-01-22,2901340,14.213,66.943,True,D,1,58,1899.4000244140625
20200122_prof.nc,2020-01-22,5904941,-10.117,81.965,False,D,1,1003,2008.300048828125
20200122_prof.nc,2020-01-22,6902758,-40.334,74.237,False,D,1,100,2007.0
20200122_prof.nc,2020-01-22,5905026,-58.294,135.012,False,D,1,996,1993.5999755859375
20200122_prof.nc,2020-01-22,6902774,-40.683,35.958,False,D,1,100,2003.0
20200122_prof.nc,2020-01-22,6902948,13.468605,49.370581666666666,True,D,1,697,1228.9000244140625
20200122_prof.nc,2020-01-22,6902776,-47.044,41.074,False,D,1,99,1982.0
20200122_prof.nc,2020-01-22,6902947,12.105771666666667,47.666646666666665,True,D,1,687,1203.5
20200122_prof.nc,2020-01-22,6902775,-43.228,42.026,False,D,1,98,1952.0
20200122_prof.nc,2020-01-22,6902946,10.842305,44.72434666666667,False,D,1,683,1184.0
20200122_prof.nc,2020-01-22,5905013,-10.797,112.737,False,D,1,997,1995.699951171875
20200122_prof.nc,2020-01-22,5904995,-13.842,118.807,False,D,1,995,1989.5999755859375
20200122_prof.nc,2020-01-22,2902283,14.918,86.728,True,D,1,100,1976.0
20200122_prof.nc,2020-01-22,2902265,15.97,72.108,True,D,1,319,1656.0
20200122_prof.nc,2020-01-22,1901847,-37.9795,20.363,False,D,1,57,1900.300048828125
20200122_prof.nc,2020-01-22,1901853,-54.8,73.7238,False,D,1,55,1699.9000244140625
20200122_prof.nc,2020-01-22,5902526,-38.37362,117.41674,False,D,1,581,4889.2001953125
20200122_prof.nc,2020-01-22,5904265,-15.68,76.301,False,D,1,998,1997.699951171875
20200122_prof.nc,2020-01-22,2902396,-2.06588,67.02718,False,D,1,505,1000.0800170898438
20200122_prof.nc,2020-01-22,5905086,3.947,51.824,False,D,1,511,1997.5
20200122_prof.nc,2020-01-22,1902222,-40.50973,30.15735,False,D,1,1009,2007.6800537109375
20200122_prof.nc,2020-01-22,1902212,-42.51651,20.7122,False,D,1,1010,2010.800048828125
20200122_prof.nc,2020-01-22,5905268,-58.61286,142.10981,False,D,1,548,4065.199951171875
20200122_prof.nc,2020-01-22,5904431,-21.754,39.954,False,D,1,69,1899.699951171875
20200122_prof.nc,2020-01-22,5906204,-29.993,55.777,False,D,1,495,1599.4100341796875
20200122_prof.nc,2020-01-22,2902206,16.527,68.817,True,D,1,57,1900.0
20200122_prof.nc,2020-01-22,5904371,-42.43817,134.12768,False,D,1,924,1835.8399658203125
20200122_prof.nc,2020-01-22,2902212,0.809,90.017,False,D,1,58,1899.5999755859375
20200122_prof.nc,2020-01-22,1901800,-55.49064,89.13267,False,D,1,1010,2009.199951171875
20200122_prof.nc,2020-01-22,1901811,-59.09631,94.4763,False,D,1,515,1019.5599975585938
20200122_prof.nc,2020-01-22,1901848,-45.1694,58.2732,False,D,1,56,1799.5999755859375
20200122_prof.nc,2020-01-22,1901846,-35.4072,20.7172,False,D,1,13,90.0999984741211
20200122_prof.nc,2020-01-22,5902484,-29.09198,101.71439,False,D,1,1003,1993.43994140625
20200122_prof.nc,2020-01-22,5905776,-32.02217,84.17686,False,D,1,1009,2005.0
20200122_prof.nc,2020-01-22,2902172,-58.204,132.947,False,D,1,58,1899.800048828125
20200122_prof.nc,2020-01-22,2902398,2.17341,81.65548,False,D,1,509,1008.0
20200122_prof.nc,2020-01-22,5905393,-44.16969680786133,129.58494567871094,False,D,1,990,1987.4599609375
20200122_prof.nc,2020-01-22,6903026,-52.559821666666664,67.23106166666666,False,D,1,216,971.7000122070312
20200122_prof.nc,2020-01-22,1901342,-29.496,44.538,False,D,1,986,1974.5
20200122_prof.nc,2020-01-22,5903248,-45.409,42.632,False,D,1,67,1607.300048828125
20200122_prof.nc,2020-01-22,5904422,-48.124,125.576,False,D,1,69,1899.300048828125
20200122_prof.nc,2020-01-22,1901343,-25.591,60.932,False,D,1,976,1954.5
20200122_prof.nc,2020-01-22,5905881,-60.389,111.052,False,A,1,1002,4019.199951171875
20200122_prof.nc,2020-01-22,1901850,-39.5045,86.4341,False,D,1,57,1899.4000244140625
20200122_prof.nc,2020-01-22,1901900,-4.5752,71.9938,False,A,1,54,2003.0999755859375
20200122_prof.nc,2020-01-22,3901649,-44.57,40.338,False,D,1,96,1986.0
20200122_prof.nc,2020-01-22,2902764,4.873,88.904,False,A,1,101,1977.800048828125
20200122_prof.nc,2020-01-22,6903026,-52.557295,67.23282166666667,False,D,1,221,972.4000244140625
20200122_prof.nc,2020-01-22,5905777,-30.44238,86.29501,False,D,1,1009,2005.52001953125
20200122_prof.nc,2020-01-22,5904793,-43.045,91.784,False,D,1,509,1997.300048828125
20200122_prof.nc,2020-01-22,3901928,-49.446,56.197,False,D,1,96,1986.0
20200122_prof.nc,2020-01-22,5904810,-36.778,99.922,False,D,1,510,1997.9000244140625
20200122_prof.nc,2020-01-22,5905426,-40.7078,84.9846,False,D,1,1002,2005.4000244140625
20200122_prof.nc,2020-01-22,5902493,-15.70728,94.34397,False,D,1,1009,2005.3599853515625
20200122_prof.nc,2020-01-22,5903908,-7.607,105.93,False,D,1,667,1335.699951171875
20200122_prof.nc,2020-01-22,5902345,-36.15383,111.94867,False,D,1,615,1219.47998046875
20200122_prof.nc,2020-01-22,2902652,10.441,55.339,True,D,1,98,1976.0
20200122_prof.nc,2020-01-22,2902619,9.075,58.24,True,D,1,89,1688.0
20200122_prof.nc,2020-01-22,2902608,-8.411,68.893,False,D,1,100,1963.0
20200122_prof.nc,2020-01-22,1902335,-29.898,55.224,False,A,1,1106,4431.7998046875
20200122_prof.nc,2020-01-22,7900679,-63.20666,125.46166,False,D,1,580,4092.10009765625
20200122_prof.nc,2020-01-22,2902168,-33.315,72.852,False,D,1,59,2000.0999755859375
20200122_prof.nc,2020-01-22,2902214,-12.488,69.015,False,D,1,59,1900.199951171875
20200122_prof.nc,2020-01-22,2902600,-27.821,94.747,False,D,1,99,1977.0
20200123_prof.nc,2020-01-23,5904246,-26.94,68.585,False,D,1,998,1997.0
20200123_prof.nc,2020-01-23,2902612,4.144,93.19,False,D,1,101,1978.0
20200123_prof.nc,2020-01-23,2902202,17.368,68.455,True,A,1,998,1995.0999755859375
20200123_prof.nc,2020-01-23,1901837,-31.4274,56.84945,False,D,1,1003,1993.760009765625
20200123_prof.nc,2020-01-23,7900638,-67.18772888183594,20.24600601196289,False,D,1,994,1989.3599853515625
20200123_prof.nc,2020-01-23,5904805,-44.033,115.168,False,D,1,510,1997.9000244140625
20200123_prof.nc,2020-01-23,5902377,-34.34389,129.02892,False,D,1,594,1177.4000244140625
20200123_prof.nc,2020-01-23,2902210,19.921,65.502,True,A,1,998,1989.5
20200123_prof.nc,2020-01-23,2902175,15.759,69.691,True,D,1,997,1994.0
20200123_prof.nc,2020-01-23,2902211,17.5,66.631,True,A,1,1000,1995.5
20200123_prof.nc,2020-01-23,5905848,-38.815,107.79,False,A,1,1997,4001.300048828125
20200123_prof.nc,2020-01-23,1901862,-42.3615,106.6339,False,D,1,56,1900.199951171875
20200123_prof.nc,2020-01-23,2903135,5.23775,86.22679,True,D,1,1154,2007.6800537109375
20200123_prof.nc,2020-01-23,5903862,-9.465,88.226,False,D,1,72,2000.199951171875
20200123_prof.nc,2020-01-23,5902487,-20.77902,108.83154,False,D,1,1008,2004.239990234375
20200123_prof.nc,2020-01-23,7900335,-62.426,98.083,False,D,1,990,1981.699951171875
20200123_prof.nc,2020-01-23,5905421,-14.468041,115.648514,False,D,1,981,1989.7099609375
20200123_prof.nc,2020-01-23,2902792,-12.971,108.426,False,D,1,113,2031.5999755859375
20200123_prof.nc,2020-01-23,5902494,-8.66063,66.11078,False,D,1,1005,1997.56005859375
20200123_prof.nc,2020-01-23,5905014,-12.694,110.102,False,D,1,998,1997.800048828125
20200123_prof.nc,2020-01-23,2902238,1.30633,86.17955666666667,False,R,1,340,1965.5
20200123_prof.nc,2020-01-23,7900612,-50.051,108.89,False,D,1,998,1995.300048828125
20200123_prof.nc,2020-01-23,2902224,-54.228,121.267,False,D,1,58,2000.800048828125
20200123_prof.nc,2020-01-23,1901863,-42.5264,54.8791,False,D,1,57,1900.0999755859375
20200123_prof.nc,2020-01-23,1902075,-48.205,112.863,False,A,1,773,3863.39990234375
20200123_prof.nc,2020-01-23,1901860,-44.4322,56.3309,False,D,1,57,1900.4000244140625
20200123_prof.nc,2020-01-23,2903131,1.67356,85.10193,False,D,1,1010,2009.8399658203125
20200123_prof.nc,2020-01-23,5905218,-60.49,119.692,False,A,1,345,4017.300048828125
20200123_prof.nc,2020-01-23,5905420,-13.11664,113.558594,False,D,1,997,1993.219970703125
20200123_prof.nc,2020-01-23,5904423,-26.18,52.464,False,D,1,70,1949.300048828125
20200123_prof.nc,2020-01-23,5902485,-41.45438,101.87845,False,D,1,1010,2007.280029296875
20200123_prof.nc,2020-01-23,7900893,-64.13652801513672,58.24684524536133,False,D,1,999,1999.050048828125
20200123_prof.nc,2020-01-23,6902943,13.525798333333332,60.649231666666665,True,D,1,910,1508.4000244140625
20200123_prof.nc,2020-01-23,2902142,-19.278935,37.9837,False,D,1,93,1930.5999755859375
20200123_prof.nc,2020-01-23,3901062,-47.33458,41.57289,False,D,1,1009,2007.1600341796875
20200123_prof.nc,2020-01-23,5905388,-34.8252,121.1808,False,D,1,987,1975.0
20200123_prof.nc,2020-01-23,5905998,-59.96,117.246,False,D,1,500,1997.8299560546875
20200123_prof.nc,2020-01-23,5902497,-49.60277,138.87386,False,D,1,1004,1996.8399658203125
20200123_prof.nc,2020-01-23,2902293,-13.173,79.951,False,D,1,102,2002.0
20200123_prof.nc,2020-01-23,2902292,-10.382,78.083,False,D,1,103,2030.0
20200123_prof.nc,2020-01-23,1901907,2.0377,58.5553,False,D,1,54,1954.5999755859375
20200123_prof.nc,2020-01-23,5905027,-59.322,90.521,False,D,1,999,1999.0999755859375
20200123_prof.nc,2020-01-23,2901862,-4.019,84.619,False,D,1,992,1985.699951171875
20200123_prof.nc,2020-01-23,1901755,-39.8942,64.8274,False,D,1,972,1946.199951171875
20200123_prof.nc,2020-01-23,1901864,-38.207,30.0881,False,D,1,57,1899.9000244140625
20200123_prof.nc,2020-01-23,5905403,-16.127,107.488,False,D,1,991,1981.9000244140625
20200123_prof.nc,2020-01-23,5905419,-14.950282,118.933418,False,D,1,980,1989.6600341796875
20200123_prof.nc,2020-01-23,5905010,-16.203,110.616,False,D,1,994,1990.199951171875
20200123_prof.nc,2020-01-23,6902938,-47.82833333333333,76.59693833333333,False,D,1,1012,1991.699951171875
20200123_prof.nc,2020-01-23,7900613,-65.373,88.008,False,D,1,993,1988.199951171875
20200123_prof.nc,2020-01-23,2901337,15.978,70.119,True,D,1,58,1899.699951171875
20200123_prof.nc,2020-01-23,5904794,-45.026,136.455,False,D,1,510,1997.699951171875
20200123_prof.nc,2020-01-23,2902215,-1.549,79.885,False,A,1,247,493.3999938964844
20200123_prof.nc,2020-01-23,1901909,-27.368,41.9004,False,D,1,57,1899.699951171875
20200123_prof.nc,2020-01-23,1901793,-25.87693,39.62282,False,D,1,594,1177.0400390625
20200123_prof.nc,2020-01-23,1902224,-42.87218,37.25374,False,D,1,1008,2005.199951171875
20200123_prof.nc,2020-01-23,2902182,0.915,86.087,False,D,1,293,1997.030029296875
20200123_prof.nc,2020-01-23,6902905,-49.3042,64.74402166666667,False,D,1,324,1006.9000244140625
20200123_prof.nc,2020-01-23,6903026,-52.58927,67.246435,False,D,1,215,973.2000122070312
20200123_prof.nc,2020-01-23,2902128,10.281116666666666,67.15660166666666,True,D,1,96,1981.199951171875
20200123_prof.nc,2020-01-23,1901737,-18.974,65.251,False,D,1,989,1979.9000244140625
20200123_prof.nc,2020-01-23,2902774,0.074,94.017,False,D,1,101,1982.4000244140625
20200123_prof.nc,2020-01-23,6903026,-52.587133333333334,67.24709166666666,False,D,1,222,983.7999877929688
20200123_prof.nc,2020-01-23,2902778,1.171,80.806,False,D,1,102,1977.300048828125
20200123_prof.nc,2020-01-23,3901648,-43.766,62.318,False,D,1,97,2009.0
20200123_prof.nc,2020-01-23,5902496,-45.07275,116.58469,False,D,1,1007,2001.8399658203125
20200123_prof.nc,2020-01-23,2902230,12.283333333333333,85.41666666666667,True,D,1,265,2012.199951171875
20200123_prof.nc,2020-01-23,1902213,-47.24294,42.71074,False,D,1,1009,2005.0
20200123_prof.nc,2020-01-23,2902178,-36.586,30.973,False,A,1,246,491.29998779296875
20200123_prof.nc,2020-01-23,5904823,-17.905,89.789,False,D,1,509,1998.0999755859375
20200123_prof.nc,2020-01-23,2902228,-56.779,102.838,False,D,1,58,1900.199951171875
20200123_prof.nc,2020-01-23,5905007,-8.987,97.839,False,D,1,986,1974.300048828125
20200123_prof.nc,2020-01-23,5905184,-42.154,118.068,False,D,1,994,1989.5999755859375
20200123_prof.nc,2020-01-23,7900871,-64.9567,107.5088,False,D,8,85,264.70001220703125
20200123_prof.nc,2020-01-23,5905405,-10.5453,106.6915,False,D,1,1000,2001.4000244140625
20200123_prof.nc,2020-01-23,1902223,-40.02291,37.73573,False,D,1,1016,2021.9599609375
20200123_prof.nc,2020-01-23,5905182,-45.7577,138.8661,False,D,1,992,1985.800048828125
20200123_prof.nc,2020-01-23,5906222,-37.668,107.174,False,D,1,496,1599.3499755859375
20200123_prof.nc,2020-01-23,1902218,-46.05787,29.69845,False,D,1,1009,2007.760009765625
20200123_prof.nc,2020-01-23,5902367,-25.5564,99.70857,False,D,1,580,1149.8399658203125
20200123_prof.nc,2020-01-23,5906206,-47.656,57.155,False,D,1,494,1497.8399658203125
20200123_prof.nc,2020-01-23,7900115,-48.56324,101.70218,False,D,1,566,1119.199951171875
20200123_prof.nc,2020-01-23,5902359,-23.06367,66.35458,False,D,1,589,1167.6800537109375
20200123_prof.nc,2020-01-23,5903861,-15.087,82.358,False,D,1,72,1993.4000244140625
20200123_prof.nc,2020-01-23,2902596,13.138,89.343,True,D,1,99,1964.0
20200123_prof.nc,2020-01-23,2902659,3.944,61.225,False,D,1,101,1982.0
20200124_prof.nc,2020-01-24,5906033,-66.786,20.335,False,D,1,498,1799.9000244140625
20200124_prof.nc,2020-01-24,2902588,-24.977,93.538,False,D,1,99,1979.0
20200124_prof.nc,2020-01-24,2902174,14.086,72.764,True,A,1,968,1935.0
20200124_prof.nc,2020-01-24,2901339,11.878,67.099,True,D,1,58,1900.300048828125
20200124_prof.nc,2020-01-24,7900868,-62.913,124.031,False,R,1,873,3499.89990234375
20200124_prof.nc,2020-01-24,5903859,-6.327,58.654,False,D,1,72,1971.0
20200124_prof.nc,2020-01-24,5905414,-22.9826,107.0603,False,D,1,989,1980.0
20200124_prof.nc,2020-01-24,1901331,-5.759,67.544,False,D,1,987,1975.0
20200124_prof.nc,2020-01-24,5902353,-27.87784,73.99416,False,D,1,608,1205.47998046875
20200124_prof.nc,2020-01-24,3901959,-51.43071333333334,40.37155833333333,False,D,1,597,2012.5999755859375
20200124_prof.nc,2020-01-24,3901533,-46.2154,32.3491,False,A,1,71,2000.5999755859375
20200124_prof.nc,2020-01-24,6902813,-62.89369,120.562185,False,D,1,273,3876.300048828125
20200124_prof.nc,2020-01-24,2902792,-12.972,108.417,False,D,1,113,2037.199951171875
20200124_prof.nc,2020-01-24,3901113,-49.07212,53.96496,False,D,1,1009,2008.0799560546875
20200124_prof.nc,2020-01-24,1901804,-0.17,55.903,False,D,1,995,1989.699951171875
20200124_prof.nc,2020-01-24,5906035,-40.215,24.167,False,D,1,510,1998.199951171875
20200124_prof.nc,2020-01-24,1902193,-0.061,55.655,False,D,1,980,1959.0
20200124_prof.nc,2020-01-24,5905423,-31.7286,101.502,False,D,1,1002,2006.4000244140625
20200124_prof.nc,2020-01-24,1901745,-51.7159423828125,42.91796875,False,D,1,993,1987.199951171875
20200124_prof.nc,2020-01-24,5904895,-23.807,73.537,False,D,1,997,1993.5999755859375
20200124_prof.nc,2020-01-24,2902242,-5.684453333333334,82.585045,False,R,1,340,1977.0999755859375
20200124_prof.nc,2020-01-24,2902241,-5.703516666666666,84.74313166666667,False,R,1,340,1974.9000244140625
20200124_prof.nc,2020-01-24,1902039,-34.68746,64.97147,False,D,1,1011,2009.9599609375
20200124_prof.nc,2020-01-24,2902270,15.446778,68.0019,True,D,1,997,1995.989990234375
20200124_prof.nc,2020-01-24,1901758,-45.09904479980469,69.1547622680664,False,D,1,998,1997.1800537109375
20200124_prof.nc,2020-01-24,1901898,17.8341,56.1625,True,D,1,6,53.099998474121094
20200124_prof.nc,2020-01-24,2902240,0.16292166666666666,86.28186833333334,False,R,1,340,1969.9000244140625
20200124_prof.nc,2020-01-24,2902263,17.609028333333335,65.07094833333333,True,R,1,340,1976.0
20200124_prof.nc,2020-01-24,5902486,-25.07339,92.27995,False,D,1,1007,2001.8800048828125
20200124_prof.nc,2020-01-24,2902213,-14.82,76.711,False,D,1,58,1900.199951171875
20200124_prof.nc,2020-01-24,1901899,-39.0834,34.0699,False,D,1,54,2004.5999755859375
20200124_prof.nc,2020-01-24,2902152,5.386,75.014,True,D,1,58,1899.9000244140625
20200124_prof.nc,2020-01-24,6902947,11.86182,47.496125,True,D,1,685,1185.699951171875
20200124_prof.nc,2020-01-24,6902948,13.400965,49.15738666666667,True,D,1,699,1231.300048828125
20200124_prof.nc,2020-01-24,5905212,-12.7652,111.5235,False,D,1,988,1977.4000244140625
20200124_prof.nc,2020-01-24,6902946,10.787298333333334,44.7064,False,D,1,686,1193.4000244140625
20200124_prof.nc,2020-01-24,5904890,-37.737,122.298,False,D,1,997,1996.0999755859375
20200124_prof.nc,2020-01-24,5903706,-18.675,72.802,False,D,1,71,2002.699951171875
20200124_prof.nc,2020-01-24,5905168,-40.168,125.376,False,D,1,994,1990.0
20200124_prof.nc,2020-01-24,2902285,14.06,84.658,True,D,1,101,2013.0
20200124_prof.nc,2020-01-24,1901757,-44.0468,67.9322,False,D,1,990,1980.300048828125
20200124_prof.nc,2020-01-24,5904447,-25.564,81.212,False,D,1,70,1950.199951171875
20200124_prof.nc,2020-01-24,2901338,15.957,68.603,True,D,1,59,2000.9000244140625
20200124_prof.nc,2020-01-24,5902348,-37.91227,95.60798,False,D,1,570,1129.6800537109375
20200124_prof.nc,2020-01-24,5904904,-19.2,74.427,False,D,1,997,1993.9000244140625
20200124_prof.nc,2020-01-24,5905009,-11.424,86.271,False,D,1,997,1993.5999755859375
20200124_prof.nc,2020-01-24,5905770,-27.85614,112.39283,False,D,1,799,1585.8399658203125
20200124_prof.nc,2020-01-24,6901701,-42.216,39.022,False,D,1,119,1988.0
20200124_prof.nc,2020-01-24,2902225,-51.449,74.192,False,D,1,32,357.8999938964844
20200124_prof.nc,2020-01-24,1902331,-59.3053,59.1015,False,D,1,1001,2004.199951171875
20200124_prof.nc,2020-01-24,5902505,-46.13464,125.92397,False,D,1,1009,2005.760009765625
20200124_prof.nc,2020-01-24,1901839,-9.69908,63.19914,False,D,1,1008,2003.760009765625
20200124_prof.nc,2020-01-24,7900894,-61.82630920410156,65.36785125732422,False,D,1,999,1999.5999755859375
20200124_prof.nc,2020-01-24,5905015,-16.451,102.734,False,D,1,995,1991.9000244140625
20200124_prof.nc,2020-01-24,7900394,-61.339,90.331,False,D,1,995,1991.800048828125
20200124_prof.nc,2020-01-24,1902037,-33.84775,70.99716,False,D,1,1007,2001.52001953125
20200124_prof.nc,2020-01-24,5905135,-49.503,30.394,False,D,1,500,1999.0799560546875
20200124_prof.nc,2020-01-24,2901892,9.854,89.019,True,D,1,297,1996.0999755859375
20200124_prof.nc,2020-01-24,1901858,-49.2626,32.3924,False,D,1,57,1900.199951171875
20200124_prof.nc,2020-01-24,5905422,-27.046,103.192,False,D,1,974,1950.5
20200124_prof.nc,2020-01-24,5904247,-42.219,88.204,False,D,1,998,1995.699951171875
20200124_prof.nc,2020-01-24,1901332,-5.502,77.587,False,D,1,997,1995.699951171875
20200124_prof.nc,2020-01-24,5905008,-13.21,98.677,False,D,1,994,1989.5
20200124_prof.nc,2020-01-24,5902458,-40.56312,132.13919,False,D,1,1003,1993.6800537109375
20200124_prof.nc,2020-01-24,6903026,-52.61689166666667,67.28581666666666,False,D,1,1,0.30000001192092896
20200124_prof.nc,2020-01-24,1902334,-19.345,67.28,False,A,1,926,1853.5999755859375
20200124_prof.nc,2020-01-24,1902332,-11.056,78.14,False,A,1,370,978.4000244140625
20200124_prof.nc,2020-01-24,5904263,-12.221,81.361,False,D,1,998,1997.5999755859375
20200124_prof.nc,2020-01-24,7900866,-61.241,97.132,False,A,1,927,3717.0
20200124_prof.nc,2020-01-24,1902038,-35.77956,68.41619,False,D,1,1009,2005.56005859375
20200124_prof.nc,2020-01-24,7900632,-64.014,92.6749,False,D,1,1003,2005.699951171875
20200124_prof.nc,2020-01-24,5904817,-56.293,116.791,False,D,1,510,1998.0999755859375
20200124_prof.nc,2020-01-24,5905881,-60.514,111.211,False,A,1,1004,4022.5
20200124_prof.nc,2020-01-24,3901647,-52.104,62.484,False,D,1,98,2029.0
20200124_prof.nc,2020-01-24,6903026,-52.613218333333336,67.283095,False,D,1,222,980.5999755859375
20200124_prof.nc,2020-01-24,2901896,4.9926,85.8652,False,D,1,331,999.9000244140625
20200124_prof.nc,2020-01-24,5905211,-14.4258,114.9612,False,D,1,1002,2005.5999755859375
20200124_prof.nc,2020-01-24,1901290,-62.4084,62.5046,False,D,1,68,1899.199951171875
20200124_prof.nc,2020-01-24,5905017,-8.453,108.313,False,D,1,992,1986.0
20200124_prof.nc,2020-01-24,5905404,-14.0982,110.5206,False,D,1,985,1969.199951171875
20200124_prof.nc,2020-01-24,5904420,-29.197,63.778,False,D,1,69,1899.9000244140625
20200124_prof.nc,2020-01-24,2902234,14.233333333333333,84.85,True,D,1,271,2026.4000244140625
20200124_prof.nc,2020-01-24,2902185,-15.801,63.208,False,D,1,58,1899.300048828125
20200124_prof.nc,2020-01-24,2902232,11.416666666666666,85.86666666666666,True,D,1,269,1975.699951171875
20200124_prof.nc,2020-01-24,2902233,14.3,86.8,True,D,1,268,2027.4000244140625
20200124_prof.nc,2020-01-24,2902235,12.766666666666667,91.98333333333333,True,D,1,263,1953.199951171875
20200124_prof.nc,2020-01-24,1901344,-35.856,51.263,False,D,1,971,1943.699951171875
20200124_prof.nc,2020-01-24,1901875,-41.6951,47.2875,False,D,1,586,1949.5
20200124_prof.nc,2020-01-24,5902495,-47.36196,144.53042,False,D,1,1005,1997.199951171875
20200124_prof.nc,2020-01-24,5903227,-48.822,56.865,False,D,1,69,2001.0
20200124_prof.nc,2020-01-24,5906032,-46.793,41.407,False,D,1,500,1998.530029296875
20200124_prof.nc,2020-01-24,7900624,-66.338,72.088,False,D,1,922,1846.5999755859375
20200124_prof.nc,2020-01-24,5902470,-35.00563,128.94861,False,D,1,1004,1995.56005859375
20200124_prof.nc,2020-01-24,1901756,-42.0968,66.0043,False,D,1,1001,2004.0
20200124_prof.nc,2020-01-24,1901840,-9.49391,70.23507,False,D,1,1001,1990.760009765625
20200124_prof.nc,2020-01-24,5904689,-30.094,92.717,False,D,1,561,2001.47998046875
20200124_prof.nc,2020-01-24,1902221,-41.4844,33.21709,False,D,1,1006,2002.1199951171875
20200124_prof.nc,2020-01-24,2901343,-31.494,70.332,False,D,1,58,1900.199951171875
20200124_prof.nc,2020-01-24,5905073,-58.793,129.344,False,D,1,510,1998.5
20200125_prof.nc,2020-01-25,7900678,-64.38606,139.73334,False,A,1,0,
20200125_prof.nc,2020-01-25,5903685,-42.764,107.617,False,D,1,70,1992.0
20200125_prof.nc,2020-01-25,5903694,-18.547,73.047,False,D,1,71,2000.800048828125
20200125_prof.nc,2020-01-25,5902352,-36.00042,97.88353,False,D,1,607,1203.0
20200125_prof.nc,2020-01-25,2902792,-12.989,108.4,False,D,1,113,2037.199951171875
20200125_prof.nc,2020-01-25,5905213,-17.173,116.5937,False,D,1,997,1996.4000244140625
20200125_prof.nc,2020-01-25,6901982,-43.844,40.801,False,D,1,71,1949.4000244140625
20200125_prof.nc,2020-01-25,1902226,-43.87541,31.27165,False,D,1,1153,2005.1600341796875
20200125_prof.nc,2020-01-25,3901958,-54.54158833333334,53.90361166666667,False,D,1,602,2016.9000244140625
20200125_prof.nc,2020-01-25,5905451,-57.3695,75.028,False,D,1,984,1969.5
20200125_prof.nc,2020-01-25,5903860,-13.663,66.156,False,D,1,72,1981.300048828125
20200125_prof.nc,2020-01-25,1902202,-4.286,48.807,False,D,1,1000,1999.300048828125
20200125_prof.nc,2020-01-25,1902192,-22.515,41.393,False,D,1,982,1965.5999755859375
20200125_prof.nc,2020-01-25,5905775,-41.39976,77.80217,False,D,1,1008,2003.239990234375
20200125_prof.nc,2020-01-25,2901344,-38.029,85.522,False,D,1,58,1899.800048828125
20200125_prof.nc,2020-01-25,4903028,-10.318,47.952,False,D,1,1005,2009.0
20200125_prof.nc,2020-01-25,5904257,-41.941,131.555,False,D,1,994,1987.0999755859375
20200125_prof.nc,2020-01-25,7900644,-62.52859878540039,57.365543365478516,False,D,1,1002,2005.0799560546875
20200125_prof.nc,2020-01-25,1902026,-14.69659,52.79068,False,D,1,1003,1995.0400390625
20200125_prof.nc,2020-01-25,5904722,-7.976,82.837,False,D,1,985,1971.5
20200125_prof.nc,2020-01-25,2902226,-51.814,72.97,False,D,1,37,599.4000244140625
20200125_prof.nc,2020-01-25,2902264,12.800828333333333,88.62807666666667,True,D,1,340,1969.300048828125
20200125_prof.nc,2020-01-25,1902201,-13.592,65.632,False,D,1,1002,2005.9000244140625
20200125_prof.nc,2020-01-25,2902239,1.498295,85.03625333333333,False,R,1,340,1973.0999755859375
20200125_prof.nc,2020-01-25,1901698,-58.09619,128.29254,False,D,1,526,1041.3599853515625
20200125_prof.nc,2020-01-25,5904445,-22.923,72.183,False,D,1,70,1949.5
20200125_prof.nc,2020-01-25,1901838,-62.85763,126.67552,False,D,1,1004,1995.0799560546875
20200125_prof.nc,2020-01-25,5905071,-38.367,85.462,False,D,1,509,1949.199951171875
20200125_prof.nc,2020-01-25,2902186,-7.746,65.118,False,D,1,270,1897.0
20200125_prof.nc,2020-01-25,1902029,-33.16538,35.71839,False,D,1,840,1667.800048828125
20200125_prof.nc,2020-01-25,6902833,-55.093,90.185,False,D,1,96,1980.0
20200125_prof.nc,2020-01-25,5906000,-63.112,96.904,False,D,1,498,1799.7099609375
20200125_prof.nc,2020-01-25,2901858,12.921,71.651,True,D,1,67,1679.0999755859375
20200125_prof.nc,2020-01-25,6902943,13.470056666666666,60.65161666666667,True,D,1,913,1516.9000244140625
20200125_prof.nc,2020-01-25,5905877,-50.6119,114.3536,False,D,1,1005,2011.4000244140625
20200125_prof.nc,2020-01-25,2902278,17.016,92.003,True,D,1,103,2027.0
20200125_prof.nc,2020-01-25,5904835,-11.472,73.608,False,D,1,509,1995.5
20200125_prof.nc,2020-01-25,5903909,-17.991,91.872,False,D,1,71,2000.800048828125
20200125_prof.nc,2020-01-25,2902290,-8.888,74.747,False,D,1,337,2009.0
20200125_prof.nc,2020-01-25,5904239,-32.278,108.744,False,D,1,994,1989.0999755859375
20200125_prof.nc,2020-01-25,2902279,17.87,91.397,True,D,1,102,2014.0
20200125_prof.nc,2020-01-25,6901699,-53.075,44.677,False,D,1,44,481.0
20200125_prof.nc,2020-01-25,2902143,-7.983,85.391,False,D,1,99,1988.0
20200125_prof.nc,2020-01-25,7900643,-62.674461364746094,58.10181427001953,False,D,1,999,1997.5999755859375
20200125_prof.nc,2020-01-25,1902214,-41.31036,29.72336,False,D,1,1012,2013.1600341796875
20200125_prof.nc,2020-01-25,1902225,-32.15172,38.76527,False,D,1,1154,2005.9599609375
20200125_prof.nc,2020-01-25,5902356,-21.97588,70.88632,False,D,1,604,1197.280029296875
20200125_prof.nc,2020-01-25,1901842,-5.94233,65.43405,False,D,1,1004,1995.9200439453125
20200125_prof.nc,2020-01-25,5905179,-20.0462,100.2641,False,D,1,1000,1999.9000244140625
20200125_prof.nc,2020-01-25,5904897,-42.144,78.586,False,D,1,989,1979.4000244140625
20200125_prof.nc,2020-01-25,5905448,-46.3135,98.1229,False,D,1,1008,2017.4000244140625
20200125_prof.nc,2020-01-25,6902941,-50.53098,93.058355,False,D,1,1021,2013.199951171875
20200125_prof.nc,2020-01-25,6902939,-49.446891666666666,82.35119666666667,False,D,1,1012,2003.199951171875
20200125_prof.nc,2020-01-25,3901883,-50.55349833333333,32.18940333333333,False,D,1,965,1990.5
20200125_prof.nc,2020-01-25,2902395,5.27081,78.64587,True,D,1,501,992.0800170898438
20200125_prof.nc,2020-01-25,5902364,-33.84382,91.57321,False,D,1,618,1225.280029296875
20200125_prof.nc,2020-01-25,5904816,-35.851,99.359,False,D,1,508,1897.699951171875
20200125_prof.nc,2020-01-25,1901393,-48.698,140.639,False,D,1,70,1949.5
20200125_prof.nc,2020-01-25,5905387,-18.391,101.608,False,D,1,994,1989.5999755859375
20200125_prof.nc,2020-01-25,1901302,-41.2547,120.2773,False,D,1,71,2000.800048828125
20200125_prof.nc,2020-01-25,5905180,-18.5216,99.7698,False,D,1,994,1988.0
20200125_prof.nc,2020-01-25,2903132,4.86725,87.26294,False,D,1,1013,2015.280029296875
20200125_prof.nc,2020-01-25,5902350,-28.80924,84.5245,False,D,1,602,1193.800048828125
20200125_prof.nc,2020-01-25,6902905,-49.31290333333333,64.564585,False,D,1,323,992.9000244140625
20200125_prof.nc,2020-01-25,5902498,-45.51743,116.97263,False,D,1,1007,2001.5999755859375
20200125_prof.nc,2020-01-25,5905774,-37.94011,90.22019,False,D,1,1010,2007.719970703125
20200125_prof.nc,2020-01-25,6903026,-52.648628333333335,67.32060166666666,False,D,1,1,0.4000000059604645
20200125_prof.nc,2020-01-25,2902199,15.057,68.069,True,A,1,993,1986.199951171875
20200125_prof.nc,2020-01-25,5904790,-47.673,120.837,False,D,1,510,1996.5
20200125_prof.nc,2020-01-25,2902248,-58.89,109.267,False,D,1,101,2013.0
20200125_prof.nc,2020-01-25,7900513,-48.001165,38.56303666666667,False,D,1,97,2009.699951171875
20200125_prof.nc,2020-01-25,7900514,-45.292388333333335,22.597948333333335,False,D,1,96,1985.0999755859375
20200125_prof.nc,2020-01-25,5902369,-41.08665,118.87041,False,D,1,583,1155.0799560546875
20200125_prof.nc,2020-01-25,5905424,-26.5104,96.1133,False,D,1,999,1997.0
20200125_prof.nc,2020-01-25,6903026,-52.64630833333333,67.31866833333333,False,D,1,221,974.7000122070312
20200125_prof.nc,2020-01-25,7900641,-58.846615,51.152405,False,D,1,995,1991.699951171875
20200125_prof.nc,2020-01-25,2902775,6.116,82.252,True,D,1,102,2001.5999755859375
20200125_prof.nc,2020-01-25,2902394,5.41068,80.72424,True,D,1,511,1011.6400146484375
20200125_prof.nc,2020-01-25,5902488,-14.65539,105.6529,False,D,1,1002,1991.43994140625
20200125_prof.nc,2020-01-25,1901750,-50.52858352661133,57.73684310913086,False,D,1,1011,2023.1300048828125
20200125_prof.nc,2020-01-25,7900393,-63.18,143.441,False,D,1,987,1975.800048828125
20200125_prof.nc,2020-01-25,5902344,-25.63622,103.41779,False,D,1,610,1209.9599609375
20200125_prof.nc,2020-01-25,5902499,-47.78578,137.41644,False,D,1,1004,1995.760009765625
20200125_prof.nc,2020-01-25,2902162,-15.937,51.857,False,D,1,59,1998.699951171875
20200125_prof.nc,2020-01-25,5904451,-30.897,53.817,False,D,1,70,1950.199951171875
20200125_prof.nc,2020-01-25,5904444,-33.213,68.213,False,D,1,71,1999.9000244140625
20200125_prof.nc,2020-01-25,5902345,-36.19119,112.42136,False,D,1,624,1237.199951171875
20200125_prof.nc,2020-01-25,5905082,16.384,54.168,True,D,1,510,1997.4000244140625
20200125_prof.nc,2020-01-25,2902188,0.29,56.987,False,D,1,291,1947.280029296875
20200125_prof.nc,2020-01-25,1901841,-12.70721,66.20551,False,D,1,1009,2006.1199951171875
20200125_prof.nc,2020-01-25,2902236,16.5,84.15,True,A,1,103,2010.699951171875
20200125_prof.nc,2020-01-25,2902198,11.489,60.931,True,D,1,58,1900.0
20200125_prof.nc,2020-01-25,2902663,10.476,69.687,True,D,1,100,1964.0
20200125_prof.nc,2020-01-25,5904891,-37.941,97.031,False,D,1,999,1997.4000244140625
20200125_prof.nc,2020-01-25,1902338,-40.491,36.859,False,A,1,993,1987.699951171875
20200125_prof.nc,2020-01-25,5902480,-38.34453,120.50533,False,D,1,1004,1996.1600341796875
20200126_prof.nc,2020-01-26,5904798,-50.348,127.916,False,D,1,509,1997.699951171875
20200126_prof.nc,2020-01-26,5906007,-56.422,36.609,False,D,1,497,1798.93994140625
20200126_prof.nc,2020-01-26,2902792,-12.999,108.397,False,D,1,113,2038.300048828125
20200126_prof.nc,2020-01-26,5905174,-36.9912,91.8149,False,D,1,1000,2001.9000244140625
20200126_prof.nc,2020-01-26,1902041,-31.8629,67.79068,False,D,1,1006,2000.52001953125
20200126_prof.nc,2020-01-26,2902223,-51.796,134.697,False,D,1,58,1900.199951171875
20200126_prof.nc,2020-01-26,2902147,-8.107,55.029,False,D,1,58,1899.800048828125
20200126_prof.nc,2020-01-26,2902393,11.71242,68.15831,True,D,1,508,1005.0399780273438
20200126_prof.nc,2020-01-26,5904905,-17.864,89.732,False,D,1,998,1995.0
20200126_prof.nc,2020-01-26,5902357,-21.16487,71.63338,False,D,1,601,1191.43994140625
20200126_prof.nc,2020-01-26,1901320,-39.875,71.856,False,D,1,69,1800.0999755859375
20200126_prof.nc,2020-01-26,2901860,15.465,54.427,True,D,1,992,1986.5
20200126_prof.nc,2020-01-26,1901843,-15.25701,70.84973,False,D,1,1009,2005.9200439453125
20200126_prof.nc,2020-01-26,5905368,-50.591,84.751,False,D,1,501,1998.9200439453125
20200126_prof.nc,2020-01-26,5905189,-38.539,137.19,False,D,1,994,1988.4000244140625
20200126_prof.nc,2020-01-26,5904436,-44.996,132.839,False,D,1,70,1949.300048828125
20200126_prof.nc,2020-01-26,5902351,-31.73709,96.41233,False,D,1,599,1187.199951171875
20200126_prof.nc,2020-01-26,1902194,4.897,64.605,False,D,1,1000,2002.5
20200126_prof.nc,2020-01-26,1901340,-22.633,78.323,False,D,1,997,1994.0
20200126_prof.nc,2020-01-26,1902191,-20.054,50.523,False,D,1,1000,2001.4000244140625
20200126_prof.nc,2020-01-26,5902354,-29.87967,96.6819,False,D,1,600,1189.239990234375
20200126_prof.nc,2020-01-26,5904837,-34.876,41.025,False,D,1,510,1997.5999755859375
20200126_prof.nc,2020-01-26,1901304,-45.1232,55.0824,False,A,1,70,1899.5
20200126_prof.nc,2020-01-26,2901849,3.177,63.941,False,D,1,71,2005.199951171875
20200126_prof.nc,2020-01-26,5905452,-53.9216194152832,80.00704193115234,False,D,1,997,1993.449951171875
20200126_prof.nc,2020-01-26,5904569,-16.277,94.847,False,D,1,996,1994.199951171875
20200126_prof.nc,2020-01-26,5905878,-55.3189,111.0816,False,D,1,1005,2011.4000244140625
20200126_prof.nc,2020-01-26,6902759,-41.517,79.21,False,D,1,98,1982.0
20200126_prof.nc,2020-01-26,3901222,-47.98933,55.75604,False,D,1,1013,2015.4000244140625
20200126_prof.nc,2020-01-26,1901163,1.575,46.726,False,D,1,70,1980.300048828125
20200126_prof.nc,2020-01-26,5904815,-26.69,107.135,False,D,1,509,1998.0999755859375
20200126_prof.nc,2020-01-26,5905085,11.073,63.833,True,D,1,510,1997.300048828125
20200126_prof.nc,2020-01-26,5902372,-38.847,134.70634,False,D,1,574,1137.5999755859375
20200126_prof.nc,2020-01-26,2902280,15.492,92.608,True,D,1,102,2011.0
20200126_prof.nc,2020-01-26,5905084,11.456,61.637,True,D,1,510,1997.699951171875
20200126_prof.nc,2020-01-26,6902946,10.722378333333333,44.704791666666665,False,D,1,673,1150.9000244140625
20200126_prof.nc,2020-01-26,6902947,11.707628333333334,47.17225333333333,True,D,1,692,1201.300048828125
20200126_prof.nc,2020-01-26,5904456,-24.821,43.432,False,D,1,70,1947.9000244140625
20200126_prof.nc,2020-01-26,6902948,13.487376666666666,49.022845,True,D,1,698,1213.4000244140625
20200126_prof.nc,2020-01-26,5905876,-11.085,111.283,False,A,1,759,3043.10009765625
20200126_prof.nc,2020-01-26,2902289,-7.421,80.579,False,D,1,101,1980.0
20200126_prof.nc,2020-01-26,2902267,15.729,57.355,True,D,1,314,2013.0
20200126_prof.nc,2020-01-26,2902146,-5.004893333333333,99.741745,False,D,1,97,2030.699951171875
20200126_prof.nc,2020-01-26,2902282,17.021,89.201,True,D,1,101,1983.0
20200126_prof.nc,2020-01-26,2902288,-5.617,84.802,False,D,1,103,2026.0
20200126_prof.nc,2020-01-26,1901509,-5.194,61.033,False,D,1,72,1997.4000244140625
20200126_prof.nc,2020-01-26,5902373,-38.29544,119.48332,False,D,1,587,1163.5999755859375
20200126_prof.nc,2020-01-26,7900110,-57.19822,25.54683,False,D,1,572,1131.3599853515625
20200126_prof.nc,2020-01-26,1901787,-20.32311,71.13503,False,D,1,625,1239.43994140625
20200126_prof.nc,2020-01-26,7900111,-45.26796,91.28303,False,D,1,573,1133.800048828125
20200126_prof.nc,2020-01-26,2902201,18.106,61.803,True,D,1,58,1900.0
20200126_prof.nc,2020-01-26,2902390,16.03228,58.99336,True,D,1,581,1151.8399658203125
20200126_prof.nc,2020-01-26,3901539,-47.1845,50.7972,False,D,1,57,1899.300048828125
20200126_prof.nc,2020-01-26,2902782,-14.2,108.892,False,D,1,97,1021.5999755859375
20200126_prof.nc,2020-01-26,2902255,13.229,62.565,True,A,1,330,2013.0
20200126_prof.nc,2020-01-26,2902256,16.534,64.182,True,D,1,333,1982.0
20200126_prof.nc,2020-01-26,2902257,17.327,70.259,True,D,1,330,1978.0
20200126_prof.nc,2020-01-26,5906034,-63.446,26.934,False,D,1,500,1999.5999755859375
20200126_prof.nc,2020-01-26,6902942,-47.37654333333333,113.86945666666666,False,D,1,998,1981.4000244140625
20200126_prof.nc,2020-01-26,6902951,-8.641681666666667,50.25392,False,D,1,964,2021.699951171875
20200126_prof.nc,2020-01-26,5904800,-36.113,119.861,False,D,1,511,1997.4000244140625
20200126_prof.nc,2020-01-26,3901608,-49.795,21.54,False,D,1,245,1995.0
20200126_prof.nc,2020-01-26,5904825,-31.039,31.62,False,D,1,509,1998.0
20200126_prof.nc,2020-01-26,5905195,-33.7658,128.6218,False,D,1,997,1995.5
20200126_prof.nc,2020-01-26,2902680,10.58,90.872,True,D,1,74,1998.0999755859375
20200126_prof.nc,2020-01-26,5906205,-34.724,58.124,False,D,1,499,1899.4200439453125
20200126_prof.nc,2020-01-26,5902451,-53.3979,142.4913,False,D,1,1004,1995.280029296875
20200126_prof.nc,2020-01-26,7900617,-55.965,98.231,False,D,1,997,1993.800048828125
20200126_prof.nc,2020-01-26,5904832,-28.342,38.498,False,D,1,510,1947.699951171875
20200126_prof.nc,2020-01-26,2902222,-53.214,102.657,False,D,1,59,1999.199951171875
20200126_prof.nc,2020-01-26,2902163,-30.282,44.545,False,D,1,58,1900.0
20200126_prof.nc,2020-01-26,7900642,-62.351776,31.965418,False,D,1,993,1987.800048828125
20200126_prof.nc,2020-01-26,1902337,-36.0901,56.6429,False,D,1,1008,2015.5999755859375
20200126_prof.nc,2020-01-26,5902360,-34.11055,68.18991,False,D,1,645,1279.3199462890625
20200126_prof.nc,2020-01-26,1901751,-51.81616973876953,55.847251892089844,False,D,1,1001,2003.6500244140625
20200126_prof.nc,2020-01-26,5904415,-30.962,61.733,False,D,1,69,1899.199951171875
20200126_prof.nc,2020-01-26,5902500,-47.11839,103.13931,False,D,1,1007,2002.0799560546875
20200126_prof.nc,2020-01-26,3901538,-40.452,27.3945,False,D,1,56,1899.9000244140625
20200126_prof.nc,2020-01-26,7900647,-64.28263092041016,50.099365234375,False,D,1,998,1997.1500244140625
20200126_prof.nc,2020-01-26,5905881,-60.598,111.284,False,A,1,1002,4015.5
20200126_prof.nc,2020-01-26,7900511,-52.45376,33.39076166666667,False,D,1,97,2004.300048828125
20200126_prof.nc,2020-01-26,7900515,-50.74176666666666,32.86156,False,D,1,97,2005.0999755859375
20200126_prof.nc,2020-01-26,7900510,-56.77865333333333,26.57877166666667,False,D,1,97,2008.0999755859375
20200126_prof.nc,2020-01-26,7900512,-47.790385,41.70732666666667,False,D,1,97,2000.9000244140625
20200126_prof.nc,2020-01-26,7900198,-54.77641,41.80054,False,D,1,556,1101.6400146484375
20200126_prof.nc,2020-01-26,5903581,-47.274,104.03,False,D,1,71,1999.800048828125
20200126_prof.nc,2020-01-26,6903220,-48.50023440000001,76.2586958,False,D,1,162,1997.9000244140625
20200126_prof.nc,2020-01-26,5905083,9.645,67.131,True,D,1,510,1995.199951171875
20200126_prof.nc,2020-01-26,7900646,-64.021240234375,53.08430099487305,False,D,1,1003,2005.8499755859375
20200126_prof.nc,2020-01-26,1901747,-34.488094329833984,58.13786315917969,False,D,1,994,1989.489990234375
20200126_prof.nc,2020-01-26,5902347,-42.19101,107.37014,False,D,1,610,1209.8399658203125
20200126_prof.nc,2020-01-26,5905177,-22.699,104.882,False,D,1,991,1983.5
20200126_prof.nc,2020-01-26,1901835,-55.74301,129.99535,False,D,1,1002,1991.9200439453125
20200126_prof.nc,2020-01-26,7900865,-63.277,88.789,False,D,1,1004,2009.0
20200126_prof.nc,2020-01-26,2902219,-32.7,51.401,False,D,1,58,1899.800048828125
20200126_prof.nc,2020-01-26,5905449,-46.5093,96.2164,False,D,1,1001,2003.5
20200126_prof.nc,2020-01-26,2902557,13.372,47.547,True,D,1,101,1983.0
20200126_prof.nc,2020-01-26,1900979,-43.593,138.954,False,D,1,72,2007.699951171875
20200126_prof.nc,2020-01-26,2902200,12.284,63.456,True,D,1,59,2000.4000244140625
20200126_prof.nc,2020-01-26,2902605,10.057,89.035,True,D,1,100,1964.0
20200126_prof.nc,2020-01-26,7900678,-64.38671,139.73221,False,D,1,511,3324.10009765625
20200126_prof.nc,2020-01-26,2902589,-25.505,66.246,False,D,1,99,1979.0
20200127_prof.nc,2020-01-27,2902606,0.882,80.956,False,D,1,101,1982.0
20200127_prof.nc,2020-01-27,2901900,8.3457,55.3062,True,D,1,54,1996.0
20200127_prof.nc,2020-01-27,1901809,-44.21077,107.80268,False,D,1,1008,2005.6400146484375
20200127_prof.nc,2020-01-27,1901834,-52.05633,125.10483,False,D,1,1002,1991.719970703125
20200127_prof.nc,2020-01-27,1901884,-34.8302,43.1704,False,D,1,57,1900.0999755859375
20200127_prof.nc,2020-01-27,7900895,-60.9068,104.4011,False,D,1,1006,2013.0999755859375
20200127_prof.nc,2020-01-27,1902269,-56.076,31.353,False,D,1,983,1966.4000244140625
20200127_prof.nc,2020-01-27,5904426,-39.355,134.223,False,D,1,68,1850.0999755859375
20200127_prof.nc,2020-01-27,2901859,16.046,53.945,True,D,1,992,1983.300048828125
20200127_prof.nc,2020-01-27,5905996,-49.413,21.902,False,D,1,509,1999.5999755859375
20200127_prof.nc,2020-01-27,3901960,-63.073278333333334,71.90198833333334,False,D,1,604,2025.5999755859375
20200127_prof.nc,2020-01-27,5906030,-51.368,47.544,False,D,1,499,1798.449951171875
20200127_prof.nc,2020-01-27,5905018,-11.528,96.746,False,D,1,992,1985.5999755859375
20200127_prof.nc,2020-01-27,5904831,-9.784,65.245,False,D,1,510,1998.300048828125
20200127_prof.nc,2020-01-27,1902190,-13.915,54.492,False,D,1,997,1996.4000244140625
20200127_prof.nc,2020-01-27,5905201,-7.777,78.965,False,D,1,994,1987.699951171875
20200127_prof.nc,2020-01-27,5904809,-47.088,133.274,False,D,1,510,1997.5999755859375
20200127_prof.nc,2020-01-27,5904830,-17.159,65.864,False,D,1,508,1998.0999755859375
20200127_prof.nc,2020-01-27,1901701,-37.0638,64.31441,False,D,1,503,995.2000122070312
20200127_prof.nc,2020-01-27,5905175,-40.4553,99.0165,False,D,1,997,1993.5
20200127_prof.nc,2020-01-27,2902783,-16.213,109.483,False,D,1,96,1025.5
20200127_prof.nc,2020-01-27,1901753,-56.57460403442383,55.330570220947266,False,D,1,999,1999.0999755859375
20200127_prof.nc,2020-01-27,5904684,-63.891,127.446,False,D,1,495,1598.8599853515625
20200127_prof.nc,2020-01-27,5904846,-37.344,138.231,False,D,1,501,1549.0999755859375
20200127_prof.nc,2020-01-27,1901802,-12.534,63.611,False,D,1,1002,2003.0999755859375
20200127_prof.nc,2020-01-27,1901739,12.648,59.794,True,D,1,990,1981.0999755859375
20200127_prof.nc,2020-01-27,2902260,11.683,70.649,True,D,1,319,1982.0
20200127_prof.nc,2020-01-27,2902261,13.942,68.941,True,D,1,335,2026.0
20200127_prof.nc,2020-01-27,5902490,-16.20874,94.53655,False,D,1,1004,1996.280029296875
20200127_prof.nc,2020-01-27,2902244,-0.7418883333333334,73.44102833333334,False,R,1,341,2012.5
20200127_prof.nc,2020-01-27,2902245,1.9690866666666667,89.21364833333334,False,R,1,340,1968.5999755859375
20200127_prof.nc,2020-01-27,2902243,1.0606566666666666,91.134605,False,D,1,340,1966.800048828125
20200127_prof.nc,2020-01-27,5905196,-35.0247,132.3874,False,D,1,630,1261.0999755859375
20200127_prof.nc,2020-01-27,5905089,11.715,67.33,True,D,1,510,1996.199951171875
20200127_prof.nc,2020-01-27,2902277,18.775412,66.416557,True,D,1,994,1989.9300537109375
20200127_prof.nc,2020-01-27,5905170,-41.2173,115.7802,False,D,1,986,1973.0999755859375
20200127_prof.nc,2020-01-27,1902043,-30.67969,61.46558,False,D,1,1010,2007.1199951171875
20200127_prof.nc,2020-01-27,5905455,-50.2503,84.4254,False,D,1,1002,2003.0999755859375
20200127_prof.nc,2020-01-27,2902268,17.595,61.434,True,D,1,315,2014.0
20200127_prof.nc,2020-01-27,1901787,-20.29443,71.10092,False,D,1,950,1889.199951171875
20200127_prof.nc,2020-01-27,6902943,13.387698333333333,60.64046833333333,True,D,1,913,1521.699951171875
20200127_prof.nc,2020-01-27,2902389,11.39057,63.18062,True,D,1,507,1004.0399780273438
20200127_prof.nc,2020-01-27,2901861,0.1484,71.8552,False,D,1,991,1982.5
20200127_prof.nc,2020-01-27,2902283,15.12,86.473,True,D,1,100,1963.0
20200127_prof.nc,2020-01-27,5905416,-17.4786,115.6174,False,D,1,992,1985.9000244140625
20200127_prof.nc,2020-01-27,1902045,-40.97513,55.0624,False,D,1,1008,2003.52001953125
20200127_prof.nc,2020-01-27,2902287,-3.434,79.457,False,D,1,101,2011.0
20200127_prof.nc,2020-01-27,2902785,-15.793,109.452,False,D,1,96,1016.0999755859375
20200127_prof.nc,2020-01-27,2902203,16.955,65.302,True,D,1,59,1999.5
20200127_prof.nc,2020-01-27,1901902,-14.0112,41.3437,False,R,1,35,1739.699951171875
20200127_prof.nc,2020-01-27,2902149,-4.301,90.281,False,D,1,57,1899.300048828125
20200127_prof.nc,2020-01-27,2902782,-14.217,108.91,False,D,1,114,2037.300048828125
20200127_prof.nc,2020-01-27,5904453,-29.756,101.454,False,D,1,70,1946.300048828125
20200127_prof.nc,2020-01-27,5905454,-53.904518127441406,80.02308654785156,False,D,1,953,1907.5400390625
20200127_prof.nc,2020-01-27,2902388,9.6469,65.20209,True,D,1,507,1003.2000122070312
20200127_prof.nc,2020-01-27,1901736,-13.0592,84.334,False,D,1,1002,2004.0
20200127_prof.nc,2020-01-27,6902949,-10.295736666666667,41.44090666666666,False,D,1,1005,1996.9000244140625
20200127_prof.nc,2020-01-27,6902950,-1.6623683333333332,45.30401333333333,False,D,1,1000,1992.300048828125
20200127_prof.nc,2020-01-27,2902791,-14.746,109.159,False,D,1,113,2022.5
20200127_prof.nc,2020-01-27,2902118,13.24903,68.96599166666667,True,D,1,136,1987.699951171875
20200127_prof.nc,2020-01-27,2901851,7.647,66.383,True,D,1,71,2002.0
20200127_prof.nc,2020-01-27,5905432,-17.07110023498535,107.79730987548828,False,D,1,982,1991.8800048828125
20200127_prof.nc,2020-01-27,5904836,-12.512,65.94,False,D,1,509,1997.4000244140625
20200127_prof.nc,2020-01-27,1902040,-36.30618,68.75332,False,D,1,1007,2002.1600341796875
20200127_prof.nc,2020-01-27,5905021,-8.898,113.871,False,D,1,994,1989.800048828125
20200127_prof.nc,2020-01-27,1902212,-42.40175,20.47831,False,D,1,1009,2007.4000244140625
20200127_prof.nc,2020-01-27,7900116,-37.91668,32.07923,False,D,1,582,1152.0799560546875
20200127_prof.nc,2020-01-27,2903130,1.76791,90.31836,False,D,1,1008,2006.3199462890625
20200127_prof.nc,2020-01-27,1901873,-41.4498,41.2304,False,D,1,526,1949.2900390625
20200127_prof.nc,2020-01-27,5905088,10.545,69.88,True,D,1,510,1997.699951171875
20200127_prof.nc,2020-01-27,5906002,-57.046,96.261,False,D,1,498,1799.6600341796875
20200127_prof.nc,2020-01-27,6902905,-49.35993833333333,64.39738333333334,False,D,1,321,975.0
20200127_prof.nc,2020-01-27,5904813,-40.93,105.57,False,D,1,510,1998.5999755859375
20200127_prof.nc,2020-01-27,1901794,-42.98518,29.95353,False,D,1,606,1201.56005859375
20200127_prof.nc,2020-01-27,5905366,-53.973,66.297,False,D,1,500,1998.5
20200127_prof.nc,2020-01-27,5904824,-16.974,68.378,False,D,1,510,1998.199951171875
20200127_prof.nc,2020-01-27,5905450,-49.8553,95.3517,False,D,1,981,1964.300048828125
20200127_prof.nc,2020-01-27,5902345,-36.52819,112.66412,False,D,1,620,1229.280029296875
20200127_prof.nc,2020-01-27,2902249,-62.141,70.248,False,D,1,102,2012.0
20200127_prof.nc,2020-01-27,3901913,-32.704843333333336,53.43157166666667,False,D,1,374,2005.0999755859375
20200127_prof.nc,2020-01-27,2902170,-61.35131406417869,129.87099158982647,False,R,2,96,2010.199951171875
20200127_prof.nc,2020-01-27,3901914,-45.35856166666667,64.291865,False,D,1,378,2015.199951171875
20200127_prof.nc,2020-01-27,2902250,-40.124,99.104,False,D,1,333,1988.0
20200127_prof.nc,2020-01-27,3901917,-43.16997333333333,32.71202,False,D,1,370,1974.9000244140625
20200127_prof.nc,2020-01-27,3901916,-42.790211666666664,44.15123,False,D,1,371,2015.800048828125
20200127_prof.nc,2020-01-27,5905214,-15.8247,106.243,False,D,1,995,1991.699951171875
20200127_prof.nc,2020-01-27,2902148,-1.992,92.935,False,D,1,59,2000.300048828125
20200127_prof.nc,2020-01-27,1901752,-54.26662063598633,56.665931701660156,False,D,1,1000,2001.4300537109375
20200127_prof.nc,2020-01-27,5906207,-53.36,56.31,False,D,1,493,1399.5699462890625
20200127_prof.nc,2020-01-27,5905849,-61.713,126.018,False,A,1,1000,4001.60009765625
20200127_prof.nc,2020-01-27,7900677,-56.69263,124.11668,False,D,1,555,4783.7001953125
20200127_prof.nc,2020-01-27,3901507,-41.4648,42.4555,False,D,1,71,1999.199951171875
20200127_prof.nc,2020-01-27,5904833,-18.966,113.017,False,D,1,504,1698.699951171875
20200127_prof.nc,2020-01-27,2902181,-0.796,80.638,False,D,1,271,1995.6700439453125
20200127_prof.nc,2020-01-27,5904450,-27.258,99.097,False,D,1,70,1949.5
20200127_prof.nc,2020-01-27,5904241,-38.321,90.548,False,D,1,997,1995.9000244140625
20200127_prof.nc,2020-01-27,7900864,-56.681,89.002,False,A,1,557,2234.60009765625
20200127_prof.nc,2020-01-27,1901901,-9.7498,40.6027,False,D,1,90,1990.9000244140625
20200127_prof.nc,2020-01-27,6903026,-52.68190333333333,67.38348166666667,False,D,1,2,0.4000000059604645
20200127_prof.nc,2020-01-27,5904455,-40.354,20.403,False,D,1,71,2000.0999755859375
20200127_prof.nc,2020-01-27,2903131,1.77319,85.21,False,D,1,1008,2006.3199462890625
20200127_prof.nc,2020-01-27,5904791,-36.336,123.381,False,D,1,510,1997.300048828125
20200127_prof.nc,2020-01-27,5905415,-24.2525283333333,107.651388333333,False,D,1,1012,2019.5
20200127_prof.nc,2020-01-27,2902622,2.498,53.969,False,D,1,100,1987.0
20200127_prof.nc,2020-01-27,6903026,-52.68560333333333,67.38573166666667,False,D,1,222,984.7999877929688
20200127_prof.nc,2020-01-27,5904892,-29.867,95.693,False,D,1,997,1993.5
20200128_prof.nc,2020-01-28,7900113,-43.30578,37.74582,False,D,1,604,1197.6400146484375
20200128_prof.nc,2020-01-28,1901871,-12.1364,44.4226,False,A,1,1,3276.800048828125
20200128_prof.nc,2020-01-28,2902614,-1.868,97.427,False,D,1,99,1981.0
20200128_prof.nc,2020-01-28,1901444,-7.257,100.507,False,D,1,72,2002.5
20200128_prof.nc,2020-01-28,5904427,-45.165,74.155,False,D,1,71,1999.4000244140625
20200128_prof.nc,2020-01-28,1902216,-42.69337,42.10281,False,D,1,1007,2004.239990234375
20200128_prof.nc,2020-01-28,1902031,-36.66535,59.77069,False,D,1,1009,2005.43994140625
20200128_prof.nc,2020-01-28,2901852,4.447,65.393,False,D,1,997,1995.800048828125
20200128_prof.nc,2020-01-28,5906208,-39.23,58.363,False,D,1,495,1600.0699462890625
20200128_prof.nc,2020-01-28,5905215,-56.84,111.709,False,D,1,116,2002.0
20200128_prof.nc,2020-01-28,5902492,-21.02991,88.59583,False,D,1,1006,2000.0799560546875
20200128_prof.nc,2020-01-28,5905217,-59.505,132.231,False,D,1,116,1999.800048828125
20200128_prof.nc,2020-01-28,5904686,-59.238,123.259,False,D,1,508,1949.0
20200128_prof.nc,2020-01-28,5902483,-39.75625,111.27469,False,D,1,1008,2004.199951171875
20200128_prof.nc,2020-01-28,1901743,-61.47431182861328,50.02449417114258,False,D,1,993,1988.010009765625
20200128_prof.nc,2020-01-28,2902783,-16.203,109.513,False,D,1,114,2030.5999755859375
20200128_prof.nc,2020-01-28,2902780,-18.141,110.247,False,D,1,96,1018.0999755859375
20200128_prof.nc,2020-01-28,5904821,-17.624,69.055,False,D,1,510,1997.5999755859375
20200128_prof.nc,2020-01-28,1901812,-46.76255,143.93625,False,D,1,1023,2036.0
20200128_prof.nc,2020-01-28,5902489,-19.23839,107.49949,False,D,1,1007,2001.56005859375
20200128_prof.nc,2020-01-28,2902275,20.647459,68.060425,True,D,1,995,1991.6300048828125
20200128_prof.nc,2020-01-28,2902262,12.039,58.221,True,D,1,102,1984.0
20200128_prof.nc,2020-01-28,2902238,1.1603233333333334,86.55117166666666,False,R,1,342,1966.699951171875
20200128_prof.nc,2020-01-28,1902196,3.202,64.675,False,D,1,1000,2001.800048828125
20200128_prof.nc,2020-01-28,1901741,-53.9926,78.1262,False,D,1,986,1973.0999755859375
20200128_prof.nc,2020-01-28,2902797,-17.81,110.119,False,D,1,97,1025.199951171875
20200128_prof.nc,2020-01-28,5902502,-44.56284,106.08707,False,D,1,1008,2003.43994140625
20200128_prof.nc,2020-01-28,1901790,-32.8813,28.89909,False,D,1,562,1113.8399658203125
20200128_prof.nc,2020-01-28,1902030,-38.35282,30.6752,False,D,1,1002,1991.4000244140625
20200128_prof.nc,2020-01-28,6902946,10.672616666666666,44.661586666666665,False,D,1,635,1081.0
20200128_prof.nc,2020-01-28,6902948,13.672995,49.03791,True,D,1,695,1231.0
20200128_prof.nc,2020-01-28,6902947,11.629958333333333,46.689565,True,D,1,694,1214.800048828125
20200128_prof.nc,2020-01-28,1901325,-18.867,64.966,False,D,1,71,2000.9000244140625
20200128_prof.nc,2020-01-28,2902269,15.443,62.596,True,D,1,331,1989.0
20200128_prof.nc,2020-01-28,2902785,-15.79,109.514,False,D,1,114,2031.199951171875
20200128_prof.nc,2020-01-28,2901854,1.439,60.447,False,D,1,997,1995.9000244140625
20200128_prof.nc,2020-01-28,2902782,-14.216,108.942,False,D,1,114,2026.0
20200128_prof.nc,2020-01-28,1901746,-52.042793,33.769531,False,D,1,994,1989.4200439453125
20200128_prof.nc,2020-01-28,2902165,-16.183,53.7,False,D,1,57,1799.9000244140625
20200128_prof.nc,2020-01-28,2902787,-17.418,109.963,False,D,1,96,1024.0
20200128_prof.nc,2020-01-28,2902791,-14.748,109.223,False,D,1,114,2023.9000244140625
20200128_prof.nc,2020-01-28,1902332,-10.938,77.976,False,A,1,370,978.5999755859375
20200128_prof.nc,2020-01-28,5905428,-30.6148,67.1387,False,D,1,991,1983.699951171875
20200128_prof.nc,2020-01-28,5904244,-20.819,112.163,False,D,1,744,1488.199951171875
20200128_prof.nc,2020-01-28,5904659,-49.182,49.925,False,D,1,499,1799.25
20200128_prof.nc,2020-01-28,2902216,2.09,83.706,False,R,1,247,493.8999938964844
20200128_prof.nc,2020-01-28,1901897,10.2836,56.8941,True,D,1,54,2001.5
20200128_prof.nc,2020-01-28,1901796,-26.41161,49.588,False,D,1,579,1147.43994140625
20200128_prof.nc,2020-01-28,2902120,16.877006666666666,66.003545,True,D,1,137,1983.4000244140625
20200128_prof.nc,2020-01-28,5902481,-35.43748,123.38883,False,D,1,1009,2005.47998046875
20200128_prof.nc,2020-01-28,3901223,-49.05456,53.71651,False,D,1,1007,2003.56005859375
20200128_prof.nc,2020-01-28,2901345,-38.973,133.906,False,D,1,59,1999.699951171875
20200128_prof.nc,2020-01-28,2902137,-1.601,83.159,False,D,1,59,1998.9000244140625
20200128_prof.nc,2020-01-28,5904819,-22.101,97.778,False,D,1,509,1997.4000244140625
20200128_prof.nc,2020-01-28,2902179,-3.321,74.207,False,A,1,246,491.70001220703125
20200128_prof.nc,2020-01-28,1901748,-39.28964614868164,58.143882751464844,False,D,1,1004,2009.1199951171875
20200128_prof.nc,2020-01-28,5904429,-29.725,94.085,False,D,1,68,1849.199951171875
20200128_prof.nc,2020-01-28,1901794,-43.01508,30.03109,False,D,1,953,1896.0400390625
20200128_prof.nc,2020-01-28,2902183,-4.546,88.648,False,D,1,292,1997.93994140625
20200128_prof.nc,2020-01-28,1901345,-5.974,49.002,False,D,1,986,1972.199951171875
20200128_prof.nc,2020-01-28,5904893,-27.977,61.709,False,D,1,994,1989.9000244140625
20200128_prof.nc,2020-01-28,1902047,-32.34805,40.15866,False,D,1,1008,2003.199951171875
20200128_prof.nc,2020-01-28,7900881,-62.986,114.917,False,A,1,738,3688.89990234375
20200128_prof.nc,2020-01-28,5902362,-47.5117,112.22062,False,D,1,578,1146.280029296875
20200128_prof.nc,2020-01-28,1902033,-47.7299,96.89895,False,D,1,1008,2003.239990234375
20200128_prof.nc,2020-01-28,5905881,-60.647,111.309,False,A,1,1005,4033.10009765625
20200128_prof.nc,2020-01-28,5904446,-31.653,114.035,False,D,1,69,1897.4000244140625
20200128_prof.nc,2020-01-28,2902392,3.3786,47.75962,False,D,1,518,1025.0799560546875
20200128_prof.nc,2020-01-28,3901920,-41.641,73.298,False,D,1,95,1963.0
20200128_prof.nc,2020-01-28,5904658,-42.609,22.997,False,D,1,498,1898.6400146484375
20200128_prof.nc,2020-01-28,2901853,11.738,59.703,True,D,1,992,1985.699951171875
20200128_prof.nc,2020-01-28,2902230,12.516666666666667,85.58333333333333,True,D,1,263,2012.5999755859375
20200128_prof.nc,2020-01-28,5902527,-37.9539,110.12765,False,D,1,502,4148.7998046875
20200128_prof.nc,2020-01-28,2902187,-8.511,39.878,False,D,1,282,1499.0699462890625
20200128_prof.nc,2020-01-28,5905012,-19.282,113.605,False,D,1,525,1050.800048828125
20200128_prof.nc,2020-01-28,1902024,-12.61369,49.73367,False,D,1,870,1727.3599853515625
20200128_prof.nc,2020-01-28,1902046,-29.26258,50.37877,False,D,1,1008,2003.47998046875
20200128_prof.nc,2020-01-28,5905090,4.204,73.707,False,D,1,509,1997.5
20200128_prof.nc,2020-01-28,5905011,-26.162,108.253,False,D,1,994,1987.9000244140625
20200128_prof.nc,2020-01-28,1901881,-22.5806,37.0397,False,R,1,65,2585.5
20200128_prof.nc,2020-01-28,1902217,-38.76835,26.42156,False,D,1,1011,2009.1199951171875
20200128_prof.nc,2020-01-28,5905417,-15.3672,115.5243,False,D,1,1000,2001.300048828125
20200128_prof.nc,2020-01-28,1901810,-43.02536,93.69069,False,D,1,1008,2005.5999755859375
20200128_prof.nc,2020-01-28,5904242,-37.447,103.624,False,D,1,992,1985.699951171875
20200128_prof.nc,2020-01-28,2902792,-13.004,108.379,False,D,1,114,2026.4000244140625
20200128_prof.nc,2020-01-28,1902213,-47.25049,43.63717,False,D,1,1008,2005.3599853515625
20200128_prof.nc,2020-01-28,5902361,-26.85972,65.5909,False,D,1,503,995.5999755859375
20200128_prof.nc,2020-01-28,5902355,-27.82937,72.51495,False,D,1,564,1117.6800537109375
20200128_prof.nc,2020-01-28,2902259,14.328,64.75,True,D,1,97,1988.0
20200128_prof.nc,2020-01-28,2902578,-2.14,95.93,False,D,1,101,1976.0
20200129_prof.nc,2020-01-29,5905459,-40.692,91.9801,False,D,1,1009,2017.300048828125
20200129_prof.nc,2020-01-29,1902025,-19.64627,50.47286,False,D,1,1006,2002.9200439453125
20200129_prof.nc,2020-01-29,1901798,-37.90784,60.24841,False,D,1,572,1133.760009765625
20200129_prof.nc,2020-01-29,5904424,-37.713,99.077,False,D,1,68,1849.800048828125
20200129_prof.nc,2020-01-29,5904820,-33.559,97.262,False,D,1,510,1994.199951171875
20200129_prof.nc,2020-01-29,7900892,-59.673038482666016,55.4660530090332,False,D,1,998,1997.8199462890625
20200129_prof.nc,2020-01-29,3901962,-57.815133333333335,28.662685,False,D,1,602,2017.5999755859375
20200129_prof.nc,2020-01-29,2902780,-18.169,110.225,False,D,1,114,2019.699951171875
20200129_prof.nc,2020-01-29,1902034,-41.1073,49.32248,False,D,1,1000,1989.56005859375
20200129_prof.nc,2020-01-29,2902793,-19.668,110.923,False,D,1,96,1022.0999755859375
20200129_prof.nc,2020-01-29,1901786,-22.29073,48.7879,False,D,1,614,1217.0799560546875
20200129_prof.nc,2020-01-29,3901966,-47.378985,31.93412,False,D,1,595,2016.699951171875
20200129_prof.nc,2020-01-29,5904899,-41.94,107.236,False,D,1,997,1995.0
20200129_prof.nc,2020-01-29,5904441,-34.703,103.45,False,D,1,69,1899.5
20200129_prof.nc,2020-01-29,5904826,-21.282,108.315,False,D,1,510,1997.300048828125
20200129_prof.nc,2020-01-29,5905425,-31.015,94.7936,False,D,1,760,1522.5999755859375
20200129_prof.nc,2020-01-29,5904689,-30.19,92.769,False,D,1,560,1997.199951171875
20200129_prof.nc,2020-01-29,1901790,-33.07637,28.67627,False,D,1,995,1979.8800048828125
20200129_prof.nc,2020-01-29,2902271,15.472682,69.034203,True,D,1,993,1987.8900146484375
20200129_prof.nc,2020-01-29,1901445,-11.325,94.33,False,D,1,71,1857.0
20200129_prof.nc,2020-01-29,1901447,-13.393,69.103,False,D,1,72,2000.5999755859375
20200129_prof.nc,2020-01-29,2902242,-5.628776666666667,82.52861166666666,False,R,1,340,1978.199951171875
20200129_prof.nc,2020-01-29,2902797,-17.837,110.114,False,D,1,114,2017.300048828125
20200129_prof.nc,2020-01-29,2902241,-5.720081666666667,84.79572833333333,False,R,1,340,1966.5999755859375
20200129_prof.nc,2020-01-29,2902240,-0.09967666666666666,86.65479166666667,False,R,1,340,1963.699951171875
20200129_prof.nc,2020-01-29,1901799,-26.74742,75.2114,False,D,1,575,1139.4000244140625
20200129_prof.nc,2020-01-29,2902795,-19.388,110.655,False,D,1,97,1022.5999755859375
20200129_prof.nc,2020-01-29,5904568,-10.113,84.744,False,D,1,998,1997.0
20200129_prof.nc,2020-01-29,5904567,-11.936,94.04,False,D,1,985,1972.199951171875
20200129_prof.nc,2020-01-29,5904723,-2.651,100.479,False,D,1,691,1384.5999755859375
20200129_prof.nc,2020-01-29,5903914,-16.699,87.015,False,D,1,67,1841.5999755859375
20200129_prof.nc,2020-01-29,2902276,19.0495,67.447319,True,D,1,991,1983.8900146484375
20200129_prof.nc,2020-01-29,5904834,-20.185,70.105,False,D,1,507,1997.5
20200129_prof.nc,2020-01-29,2901856,12.985,69.643,True,D,1,992,1985.300048828125
20200129_prof.nc,2020-01-29,5906036,-39.933,47.285,False,D,1,0,
20200129_prof.nc,2020-01-29,6902943,13.342856666666666,60.682833333333335,True,D,1,901,1496.4000244140625
20200129_prof.nc,2020-01-29,1901796,-26.48538,49.5146,False,D,1,1002,1993.0
20200129_prof.nc,2020-01-29,5904243,-22.769,81.016,False,D,1,954,1909.0
20200129_prof.nc,2020-01-29,2902391,14.05049,55.6952,True,D,1,515,1019.0800170898438
20200129_prof.nc,2020-01-29,2901522,-0.32,63.851,False,D,1,73,1899.4000244140625
20200129_prof.nc,2020-01-29,2902285,14.146,84.479,True,D,1,101,2007.0
20200129_prof.nc,2020-01-29,2902787,-17.434,109.946,False,D,1,113,2026.199951171875
20200129_prof.nc,2020-01-29,1901912,-36.7879,49.1843,False,D,1,58,2548.60009765625
20200129_prof.nc,2020-01-29,1901789,-36.66974,28.14901,False,D,1,571,1131.8800048828125
20200129_prof.nc,2020-01-29,7900203,-46.1344,40.01761,False,D,1,569,1127.8399658203125
20200129_prof.nc,2020-01-29,2902796,-19.007,110.511,False,D,1,97,1024.9000244140625
20200129_prof.nc,2020-01-29,1902028,-39.5207,48.34591,False,D,1,1004,1995.719970703125
20200129_prof.nc,2020-01-29,5905200,-26.264,104.555,False,D,1,996,1991.9000244140625
20200129_prof.nc,2020-01-29,5902362,-47.62305,112.34589,False,D,1,981,1951.43994140625
20200129_prof.nc,2020-01-29,2901902,-29.9974,32.4314,False,D,1,50,1528.0999755859375
20200129_prof.nc,2020-01-29,2901855,6.487,58.217,True,D,1,996,1993.5999755859375
20200129_prof.nc,2020-01-29,5902454,-58.3041,137.30135,False,D,1,1006,1999.43994140625
20200129_prof.nc,2020-01-29,7900614,-60.282,107.071,False,D,1,996,1993.699951171875
20200129_prof.nc,2020-01-29,5902345,-36.93487,112.56726,False,D,1,623,1235.800048828125
20200129_prof.nc,2020-01-29,5903950,-15.848,119.28,False,D,1,971,1943.0999755859375
20200129_prof.nc,2020-01-29,7900616,-58.491,128.308,False,D,1,990,1980.0999755859375
20200129_prof.nc,2020-01-29,2901894,4.971,90.561,False,D,1,301,1997.760009765625
20200129_prof.nc,2020-01-29,2901895,7.847,90.062,True,D,1,299,1944.7900390625
20200129_prof.nc,2020-01-29,6903026,-52.73016166666667,67.47503833333333,False,D,1,2,1.2999999523162842
20200129_prof.nc,2020-01-29,2901341,-22.12,56.544,False,D,1,59,1998.0
20200129_prof.nc,2020-01-29,1901443,-7.313,77.286,False,D,1,69,1701.199951171875
20200129_prof.nc,2020-01-29,2901898,10.7938,89.9029,True,D,1,350,1949.5
20200129_prof.nc,2020-01-29,5905210,-11.7594,144.9131,False,D,1,982,1966.199951171875
20200129_prof.nc,2020-01-29,1901749,-41.37639236450195,56.640506744384766,False,D,1,1002,2005.989990234375
20200129_prof.nc,2020-01-29,6902905,-49.45840333333334,64.23140166666667,False,D,1,323,990.7000122070312
20200129_prof.nc,2020-01-29,6903026,-52.727046666666666,67.47027333333334,False,D,1,223,992.2999877929688
20200129_prof.nc,2020-01-29,1901735,-9.5583,63.1101,False,D,1,1000,2001.0
20200129_prof.nc,2020-01-29,5905385,-29.1054,103.2738,False,D,1,1000,1999.800048828125
20200129_prof.nc,2020-01-29,2902252,-62.15,91.76666666666667,False,D,1,104,2029.300048828125
20200129_prof.nc,2020-01-29,1901911,-39.7281,40.4387,False,A,1,58,2004.800048828125
20200129_prof.nc,2020-01-29,5904274,-33.849,41.249,False,D,1,1001,2001.5999755859375
20200129_prof.nc,2020-01-29,2902251,-64.98333333333333,65.03333333333333,False,A,1,103,2012.0
20200129_prof.nc,2020-01-29,3901899,-36.386563333333335,133.425615,False,D,1,964,1998.699951171875
20200129_prof.nc,2020-01-29,2901897,3.6855,78.684,False,D,1,349,1999.5
20200129_prof.nc,2020-01-29,5902361,-26.85099,65.52812,False,D,1,972,1933.8800048828125
20200129_prof.nc,2020-01-29,7900114,-37.34376,56.89175,False,D,1,597,1181.3599853515625
20200129_prof.nc,2020-01-29,5904795,-39.976,124.243,False,D,1,509,1947.699951171875
20200129_prof.nc,2020-01-29,5902355,-27.90741,72.45272,False,D,1,917,1823.6400146484375
20200129_prof.nc,2020-01-29,3901923,-30.374,34.43,False,D,1,96,2007.0
20200129_prof.nc,2020-01-29,2902234,14.333333333333334,84.66666666666667,True,D,1,268,1980.0
20200129_prof.nc,2020-01-29,3901527,-45.1387,71.2676,False,D,1,57,1898.199951171875
20200129_prof.nc,2020-01-29,2902232,11.616666666666667,85.91666666666667,True,D,1,257,2027.5
20200129_prof.nc,2020-01-29,5905070,-56.751,130.291,False,D,1,499,1998.469970703125
20200129_prof.nc,2020-01-29,2902235,12.6,92.03333333333333,True,D,1,269,2008.5999755859375
20200129_prof.nc,2020-01-29,2902233,14.516666666666667,86.65,True,D,1,268,2007.9000244140625
20200129_prof.nc,2020-01-29,5902358,-20.75249,77.46367,False,D,1,557,1104.0
20200129_prof.nc,2020-01-29,5906211,-58.371,54.905,False,D,1,498,1798.25
20200129_prof.nc,2020-01-29,5905384,-33.1989,110.5475,False,D,1,989,1979.4000244140625
20200129_prof.nc,2020-01-29,5904828,-19.006,99.077,False,D,1,509,1997.800048828125
20200129_prof.nc,2020-01-29,1901514,1.625,44.639,False,A,1,1,0.0
20200129_prof.nc,2020-01-29,5905176,-25.4529,90.6357,False,D,1,1000,2000.0999755859375
20200129_prof.nc,2020-01-29,1902048,-33.41783,50.38285,False,D,1,1008,2003.56005859375
20200129_prof.nc,2020-01-29,5905019,-10.553,93.65,False,D,1,998,1995.0999755859375
20200129_prof.nc,2020-01-29,2902558,10.762,67.748,True,D,1,100,1983.0
20200129_prof.nc,2020-01-29,5905771,-29.97558,96.94783,False,D,1,1008,2003.52001953125
20200130_prof.nc,2020-01-30,2902581,-37.096,80.075,False,D,1,101,1986.0
20200130_prof.nc,2020-01-30,5902379,-33.70429,105.24767,False,D,1,509,1007.719970703125
20200130_prof.nc,2020-01-30,5904807,-38.852,94.481,False,D,1,510,1998.4000244140625
20200130_prof.nc,2020-01-30,5902380,-26.22688,96.49572,False,D,1,610,1209.56005859375
20200130_prof.nc,2020-01-30,5902504,-43.01623,141.04005,False,D,1,1002,1991.280029296875
20200130_prof.nc,2020-01-30,2902274,19.258543,63.999496,True,D,1,994,1989.3399658203125
20200130_prof.nc,2020-01-30,5902526,-38.41777,117.5094,False,D,1,590,4986.10009765625
20200130_prof.nc,2020-01-30,2902780,-18.198,110.219,False,D,1,114,2022.9000244140625
20200130_prof.nc,2020-01-30,7900869,-63.997,112.4994,False,D,1,1001,2004.199951171875
20200130_prof.nc,2020-01-30,2902793,-19.662,110.906,False,D,1,114,2023.800048828125
20200130_prof.nc,2020-01-30,1901831,-45.91355,60.72838,False,D,1,1001,1991.760009765625
20200130_prof.nc,2020-01-30,5903575,-12.268,144.063,False,D,1,71,1996.699951171875
20200130_prof.nc,2020-01-30,6902642,-43.202,28.515,False,D,1,80,2000.300048828125
20200130_prof.nc,2020-01-30,5904888,-41.636,134.343,False,D,1,998,1995.199951171875
20200130_prof.nc,2020-01-30,1902189,-2.628,60.308,False,D,1,988,1977.0999755859375
20200130_prof.nc,2020-01-30,6902638,-49.819,33.747,False,D,1,80,1950.0
20200130_prof.nc,2020-01-30,5904442,-40.717,121.693,False,D,1,67,1799.300048828125
20200130_prof.nc,2020-01-30,1901510,-30.219,35.92,False,D,1,70,1790.4000244140625
20200130_prof.nc,2020-01-30,5905772,-51.74968,98.67627,False,D,1,456,899.0399780273438
20200130_prof.nc,2020-01-30,2902797,-17.865,110.125,False,D,1,114,2034.9000244140625
20200130_prof.nc,2020-01-30,5905171,-36.1847,99.1819,False,D,1,993,1987.0999755859375
20200130_prof.nc,2020-01-30,2902294,8.254811,89.125969,True,D,1,973,1973.6400146484375
20200130_prof.nc,2020-01-30,1901797,-22.55631,69.64398,False,D,1,610,1209.760009765625
20200130_prof.nc,2020-01-30,2902264,12.738838333333334,88.60552166666666,True,D,1,340,1969.800048828125
20200130_prof.nc,2020-01-30,2902795,-19.39,110.663,False,D,1,114,2023.0999755859375
20200130_prof.nc,2020-01-30,2902239,1.3292633333333335,85.43030333333333,False,R,1,340,1974.5
20200130_prof.nc,2020-01-30,3901514,-48.958,43.1022,False,D,1,57,1899.4000244140625
20200130_prof.nc,2020-01-30,5905773,-35.26339,78.45245,False,D,1,1008,2003.9599609375
20200130_prof.nc,2020-01-30,5904940,-11.675,90.769,False,D,1,984,1969.5
20200130_prof.nc,2020-01-30,5905220,-57.881,76.306,False,A,1,503,1007.5
20200130_prof.nc,2020-01-30,2903391,-9.828,79.818,False,A,1,1130,4520.0
20200130_prof.nc,2020-01-30,7900634,-66.0888,71.5088,False,D,1,1000,1999.199951171875
20200130_prof.nc,2020-01-30,5904829,-19.167,81.936,False,D,1,509,1997.800048828125
20200130_prof.nc,2020-01-30,1901805,-12.134,50.513,False,D,1,487,975.5
20200130_prof.nc,2020-01-30,7900637,-63.619592399999995,125.1117876,False,A,1,555,3791.5
20200130_prof.nc,2020-01-30,5904789,-39.506,119.558,False,D,1,507,1897.199951171875
20200130_prof.nc,2020-01-30,5904729,1.184,88.102,False,D,1,1000,2002.199951171875
20200130_prof.nc,2020-01-30,2903133,2.24313,80.86504,False,D,1,1151,2001.9599609375
20200130_prof.nc,2020-01-30,5905269,-63.73187,123.0961,False,D,1,495,3703.699951171875
20200130_prof.nc,2020-01-30,6902715,-45.742,130.05,False,D,1,97,2006.0
20200130_prof.nc,2020-01-30,6902782,-52.96,50.483,False,D,1,101,2029.0
20200130_prof.nc,2020-01-30,6902780,-57.008,45.868,False,D,1,101,2032.0
20200130_prof.nc,2020-01-30,5905269,-63.73197,123.09635,False,D,1,0,
20200130_prof.nc,2020-01-30,6902946,10.650143333333334,44.65690166666667,False,D,1,618,1049.199951171875
20200130_prof.nc,2020-01-30,6902781,-51.622,39.733,False,D,1,99,1985.0
20200130_prof.nc,2020-01-30,2902273,18.808786,68.754692,True,D,1,994,1989.260009765625
20200130_prof.nc,2020-01-30,6902947,11.585808333333333,46.25788166666667,True,D,1,692,1213.5
20200130_prof.nc,2020-01-30,6902948,13.950598333333334,49.219498333333334,True,D,1,703,1241.9000244140625
20200130_prof.nc,2020-01-30,2902279,17.851,91.462,True,D,1,103,2030.0
20200130_prof.nc,2020-01-30,2902278,16.994,91.999,True,D,1,102,2009.0
20200130_prof.nc,2020-01-30,1901813,-49.0175,80.75038,False,D,1,500,989.5599975585938
20200130_prof.nc,2020-01-30,1901605,1.806,44.925,False,D,1,2,0.20000000298023224
20200130_prof.nc,2020-01-30,2902286,0.256,81.085,False,D,1,99,2011.0
20200130_prof.nc,2020-01-30,2901857,10.94,66.686,True,D,1,997,1995.5999755859375
20200130_prof.nc,2020-01-30,2902796,-19.032,110.492,False,D,1,114,2031.5
20200130_prof.nc,2020-01-30,5904822,-11.771,60.622,False,D,1,509,1947.699951171875
20200130_prof.nc,2020-01-30,3901516,-49.0571,22.3691,False,D,1,57,1899.9000244140625
20200130_prof.nc,2020-01-30,2902184,-17.375,69.249,False,D,1,59,2000.0999755859375
20200130_prof.nc,2020-01-30,5902491,-16.83879,89.01096,False,D,1,1007,2002.0799560546875
20200130_prof.nc,2020-01-30,3901879,-53.69705666666667,36.38057833333333,False,D,1,968,1989.4000244140625
20200130_prof.nc,2020-01-30,6902940,-51.974115,94.16139,False,D,1,1010,1966.5
20200130_prof.nc,2020-01-30,1901748,-39.53364944458008,58.062320709228516,False,D,1,1001,2003.27001953125
20200130_prof.nc,2020-01-30,2901513,5.175,69.914,True,D,1,74,2000.300048828125
20200130_prof.nc,2020-01-30,2903131,1.55572,85.35093,False,D,1,1014,2017.0400390625
20200130_prof.nc,2020-01-30,2902397,0.70411,84.64813,False,D,1,1023,2036.0
20200130_prof.nc,2020-01-30,2902272,16.922377,67.441643,True,D,1,994,1989.199951171875
20200130_prof.nc,2020-01-30,5905997,-64.859,119.448,False,D,1,988,1999.260009765625
20200130_prof.nc,2020-01-30,1902214,-41.42985,30.16178,False,D,1,1012,2013.760009765625
20200130_prof.nc,2020-01-30,5904894,-30.499,91.691,False,D,1,993,1985.5999755859375
20200130_prof.nc,2020-01-30,1902330,-55.7573,59.7957,False,D,1,979,1960.300048828125
20200130_prof.nc,2020-01-30,5902346,-22.2487,79.16988,False,D,1,604,1217.43994140625
20200130_prof.nc,2020-01-30,1901744,-56.85825729370117,44.121212005615234,False,D,1,995,1991.7099609375
20200130_prof.nc,2020-01-30,5902358,-20.71881,77.40449,False,D,1,928,1846.0799560546875
20200130_prof.nc,2020-01-30,2902254,13.987,70.079,True,R,1,101,1933.0
20200130_prof.nc,2020-01-30,1901165,0.694,89.115,False,D,1,71,2000.0999755859375
20200130_prof.nc,2020-01-30,5902501,-46.95851,111.68531,False,D,1,1004,1995.1199951171875
20200130_prof.nc,2020-01-30,5902345,-37.10529,112.4103,False,D,1,687,1363.719970703125
20200130_prof.nc,2020-01-30,5905020,-10.711,101.301,False,D,1,989,1979.199951171875
20200130_prof.nc,2020-01-30,5905190,-39.1946,127.5905,False,D,1,1001,2002.4000244140625
20200130_prof.nc,2020-01-30,6900900,-44.223,82.198,False,D,1,94,1964.0
20200130_prof.nc,2020-01-30,5905881,-60.688,111.32,False,A,1,1003,4016.89990234375
20200130_prof.nc,2020-01-30,2902246,-46.674,108.879,False,D,1,334,2007.0
20200130_prof.nc,2020-01-30,7900896,-64.5507,82.1307,False,D,1,1004,2009.5
20200130_prof.nc,2020-01-30,3901528,-57.4203,32.4274,False,A,1,57,1900.5
20200130_prof.nc,2020-01-30,2902767,-1.238,78.876,False,D,1,102,1975.800048828125
20200130_prof.nc,2020-01-30,2902773,-5.818,88.349,False,D,1,100,1964.0
20200130_prof.nc,2020-01-30,7900633,-62.914,89.9252,False,D,1,996,1991.9000244140625
20200130_prof.nc,2020-01-30,1901792,-17.54897,51.78705,False,D,1,617,1224.0400390625
20200130_prof.nc,2020-01-30,6901688,-56.27301833333333,127.00111833333334,False,D,1,320,964.0
20200130_prof.nc,2020-01-30,3901924,-43.595,46.452,False,D,1,96,1979.0
20200130_prof.nc,2020-01-30,5904671,-60.142,83.943,False,D,1,489,998.4000244140625
20200130_prof.nc,2020-01-30,5904448,-37.581,30.434,False,D,1,71,1997.5999755859375
20200130_prof.nc,2020-01-30,5904854,-46.405,28.744,False,D,1,988,1999.469970703125
20200130_prof.nc,2020-01-30,7900202,-47.77337,51.28687,False,D,1,559,1105.239990234375
20200130_prof.nc,2020-01-30,7900200,-46.27531,23.93628,False,D,1,610,1207.56005859375
20200130_prof.nc,2020-01-30,1902032,-34.23521,56.35946,False,D,1,1009,2005.800048828125
20200130_prof.nc,2020-01-30,2901569,6.326,74.817,True,D,1,101,1978.0
20200130_prof.nc,2020-01-30,2902236,16.683333333333334,83.98333333333333,True,A,1,104,2029.0999755859375
20200130_prof.nc,2020-01-30,7900630,-64.9499165217681,123.01187902718,False,D,2,1012,2019.4000244140625
20200131_prof.nc,2020-01-31,1901833,-39.54424,45.18572,False,D,1,1002,1993.5999755859375
20200131_prof.nc,2020-01-31,2902600,-28.338,94.499,False,D,1,101,1977.0
20200131_prof.nc,2020-01-31,1902035,-36.54082,87.13222,False,D,1,1009,2005.0400390625
20200131_prof.nc,2020-01-31,2902214,-12.383,68.846,False,D,1,59,2000.4000244140625
20200131_prof.nc,2020-01-31,2902398,2.48757,81.2585,False,D,1,515,1019.4400024414062
20200131_prof.nc,2020-01-31,1902078,-60.207,54.614,False,D,1,116,2000.199951171875
20200131_prof.nc,2020-01-31,5905191,-48.8232,127.677,False,D,1,998,1998.199951171875
20200131_prof.nc,2020-01-31,2902669,1.901,86.095,False,D,1,99,1963.0
20200131_prof.nc,2020-01-31,2902793,-19.657,110.916,False,D,1,113,2027.800048828125
20200131_prof.nc,2020-01-31,7900679,-63.32233,126.60477,False,D,1,602,4225.60009765625
20200131_prof.nc,2020-01-31,7900679,-63.32277,126.60101,False,D,1,0,
20200131_prof.nc,2020-01-31,5904418,-41.303,139.745,False,D,1,71,2000.800048828125
20200131_prof.nc,2020-01-31,5904827,-21.735,96.828,False,D,1,509,1998.5
20200131_prof.nc,2020-01-31,3901961,-58.13086833333333,22.69668,False,D,1,595,1981.699951171875
20200131_prof.nc,2020-01-31,5903908,-8.341,106.422,False,D,1,673,1346.0
20200131_prof.nc,2020-01-31,1902056,-6.744,61.803,False,D,1,986,1973.5999755859375
20200131_prof.nc,2020-01-31,2902795,-19.399,110.677,False,D,1,113,2029.699951171875
20200131_prof.nc,2020-01-31,5906210,-63.724,54.039,False,D,1,497,1699.3499755859375
20200131_prof.nc,2020-01-31,6901983,-49.74,55.128,False,D,1,71,2000.4000244140625
20200131_prof.nc,2020-01-31,2902141,-14.464,51.139,False,D,1,58,1899.5
20200131_prof.nc,2020-01-31,5902521,-38.22836,128.7982,False,D,1,524,5571.7998046875
20200131_prof.nc,2020-01-31,1902198,0.488,74.179,False,D,1,1001,2003.699951171875
20200131_prof.nc,2020-01-31,5904720,-16.353,76.969,False,D,1,1001,2002.199951171875
20200131_prof.nc,2020-01-31,2902151,0.28,88.241,False,D,1,57,1899.300048828125
20200131_prof.nc,2020-01-31,5904452,-35.198,109.383,False,D,1,68,1846.300048828125
20200131_prof.nc,2020-01-31,7900333,-60.446,107.888,False,D,1,996,1991.300048828125
20200131_prof.nc,2020-01-31,5904903,-23.286,97.628,False,D,1,995,1991.0999755859375
20200131_prof.nc,2020-01-31,6902779,-56.675,32.976,False,D,1,100,2009.0
20200131_prof.nc,2020-01-31,6902777,-50.369,47.667,False,D,1,99,1988.0
20200131_prof.nc,2020-01-31,6903026,-52.777085,67.59361833333334,False,D,1,2,0.4000000059604645
20200131_prof.nc,2020-01-31,6902778,-48.398,54.577,False,D,1,99,1989.0
20200131_prof.nc,2020-01-31,6902943,13.339925,60.72569166666667,True,D,1,900,1525.5
20200131_prof.nc,2020-01-31,2902282,17.148,89.165,True,D,1,103,2032.0
20200131_prof.nc,2020-01-31,2902150,2.059,88.19,False,D,1,99,1982.0
20200131_prof.nc,2020-01-31,2902266,13.26,67.679,True,D,1,315,1983.0
20200131_prof.nc,2020-01-31,2902280,15.486,92.531,True,D,1,102,2011.0
20200131_prof.nc,2020-01-31,6903026,-52.777836666666666,67.591575,False,D,1,222,981.5
20200131_prof.nc,2020-01-31,5904410,-28.767,47.041,False,D,1,71,2000.199951171875
20200131_prof.nc,2020-01-31,5905169,-34.505,111.113,False,D,1,995,1991.199951171875
20200131_prof.nc,2020-01-31,1901740,-40.8287,78.9698,False,D,1,990,1982.300048828125
20200131_prof.nc,2020-01-31,5905779,-38.98686,87.14769,False,D,1,1009,2005.280029296875
20200131_prof.nc,2020-01-31,5905429,-34.9906,85.0283,False,D,1,1000,2002.300048828125
20200131_prof.nc,2020-01-31,5904994,-6.442,99.891,False,D,1,996,1993.9000244140625
20200131_prof.nc,2020-01-31,5904443,-23.516,101.948,False,D,1,69,1899.800048828125
20200131_prof.nc,2020-01-31,3901529,-47.1269,38.9655,False,D,1,57,1900.0
20200131_prof.nc,2020-01-31,1901346,-2.222,80.912,False,D,1,996,1993.5
20200131_prof.nc,2020-01-31,5905178,-17.0189,107.9592,False,D,1,996,1993.5
20200131_prof.nc,2020-01-31,5905778,-33.6785,91.47384,False,D,1,1008,2003.47998046875
20200131_prof.nc,2020-01-31,5906209,-44.245,57.324,False,D,1,493,1399.530029296875
20200131_prof.nc,2020-01-31,5900689,-24.664,103.846,False,D,1,51,970.2000122070312
20200131_prof.nc,2020-01-31,5904796,-33.841,114.136,False,D,1,496,1296.9000244140625
20200131_prof.nc,2020-01-31,5902343,-39.70537,117.05688,False,D,1,579,1147.3599853515625
20200131_prof.nc,2020-01-31,6902905,-49.52131333333333,64.17460833333334,False,D,1,322,981.2999877929688
20200131_prof.nc,2020-01-31,1901792,-17.56859,51.68532,False,D,1,949,1887.43994140625
20200131_prof.nc,2020-01-31,5905183,-42.259,131.325,False,D,1,989,1978.0
20200131_prof.nc,2020-01-31,5904902,-22.291,93.83,False,D,1,997,1995.199951171875
20200131_prof.nc,2020-01-31,5904679,-57.09,122.322,False,D,1,500,1997.0699462890625
20200131_prof.nc,2020-01-31,5904261,-44.135,130.422,False,D,1,990,1980.300048828125
20200131_prof.nc,2020-01-31,2901347,-52.391,143.846,False,D,1,58,1899.5999755859375
20200131_prof.nc,2020-01-31,1901832,-46.83441,59.92043,False,D,1,1001,1991.5999755859375
20200131_prof.nc,2020-01-31,2902125,12.753971666666667,62.68944333333334,True,D,1,96,1981.300048828125
20200131_prof.nc,2020-01-31,2902777,-0.682,81.766,False,D,1,100,1979.800048828125
20200131_prof.nc,2020-01-31,2902771,9.885,83.941,True,D,1,99,1966.5
20200131_prof.nc,2020-01-31,5904799,-30.202,33.707,False,D,1,509,1947.199951171875
20200131_prof.nc,2020-01-31,2902156,2.484,77.641,False,D,1,245,489.29998779296875
20200131_prof.nc,2020-01-31,5905386,-38.0965,123.1611,False,D,1,1001,2004.4000244140625
20200131_prof.nc,2020-01-31,1902335,-29.986,55.244,False,A,1,1117,4478.2001953125
20200131_prof.nc,2020-01-31,1902336,-31.4183,54.161,False,D,1,1006,2013.4000244140625
20200131_prof.nc,2020-01-31,5902506,-44.78179,133.66641,False,D,1,1010,2007.5999755859375
20200131_prof.nc,2020-01-31,5905882,-59.5244,131.1366,False,D,1,1006,2014.0
20200131_prof.nc,2020-01-31,2903390,-5.117,78.795,False,A,1,1127,4517.39990234375
20200131_prof.nc,2020-01-31,5902524,-43.07665,115.78021,False,D,1,565,4668.10009765625
20200131_prof.nc,2020-01-31,2901512,10.608,62.911,True,D,1,74,2000.5
20200131_prof.nc,2020-01-31,1901517,7.004,54.156,True,D,1,72,1927.199951171875
20200131_prof.nc,2020-01-31,2901904,-32.0833,31.8084,False,D,1,57,1900.5
20200131_prof.nc,2020-01-31,1902333,-20.213,80.684,False,A,1,1127,4511.39990234375
20200131_prof.nc,2020-01-31,2901905,-25.2716,41.0089,False,D,1,57,1900.4000244140625
20200131_prof.nc,2020-01-31,2902609,6.127,60.095,True,D,1,101,1983.0
20200131_prof.nc,2020-01-31,5905418,-14.111805,118.865931666667,False,D,1,1018,2031.300048828125
20200131_prof.nc,2020-01-31,1901910,-4.313,73.5976,False,A,1,57,1899.4000244140625
20200131_prof.nc,2020-01-31,1901786,-22.44517,48.67562,False,D,1,981,1951.280029296875
20200131_prof.nc,2020-01-31,2902594,-29.334,97.804,False,D,1,100,1986.0
