file,date,latitude,longitude,ocean,profiler_type,institution,date_update,dt,dac,wmo
aoml/1901517/profiles/D1901517_382.nc,20220109135325.0,5.56,57.945,I,846,AO,20220412100954,2022-01-09 13:53:25,aoml,1901517
aoml/1901517/profiles/D1901517_383.nc,20220120075757.0,5.44,57.78,I,846,AO,20220412100954,2022-01-20 07:57:57,aoml,1901517
aoml/1901517/profiles/D1901517_384.nc,20220131020401.0,5.226,57.375,I,846,AO,20220412100954,2022-01-31 02:04:01,aoml,1901517
aoml/1901517/profiles/R1901517_385.nc,20220210201347.0,5.117,56.885,I,846,AO,20231122233534,2022-02-10 20:13:47,aoml,1901517
aoml/1901517/profiles/R1901517_386.nc,20220221140850.0,5.162,56.412,I,846,AO,20231122233534,2022-02-21 14:08:50,aoml,1901517
aoml/1901517/profiles/R1901517_387.nc,20220304080130.0,5.398,55.957,I,846,AO,20231122233534,2022-03-04 08:01:30,aoml,1901517
aoml/1901517/profiles/R1901517_388.nc,20220315021352.0,5.655,55.572,I,846,AO,20231122233534,2022-03-15 02:13:52,aoml,1901517
aoml/1901517/profiles/R1901517_389.nc,20220325195657.0,5.665,55.072,I,846,AO,20231122233534,2022-03-25 19:56:57,aoml,1901517
aoml/1901517/profiles/R1901517_390.nc,20220405142405.0,5.706,54.512,I,846,AO,20231122233535,2022-04-05 14:24:05,aoml,1901517
aoml/1901517/profiles/R1901517_391.nc,20220416081153.0,6.04,54.101,I,846,AO,20231122233535,2022-04-16 08:11:53,aoml,1901517
aoml/1901517/profiles/R1901517_392.nc,20220427022448.0,6.336,53.951,I,846,AO,20231122233535,2022-04-27 02:24:48,aoml,1901517
aoml/1901517/profiles/R1901517_393.nc,20220507201016.0,6.545,53.871,I,846,AO,20231122233535,2022-05-07 20:10:16,aoml,1901517
aoml/1901517/profiles/R1901517_394.nc,20220518140918.0,6.381,53.916,I,846,AO,20231122233535,2022-05-18 14:09:18,aoml,1901517
aoml/1901517/profiles/R1901517_395.nc,20220529081558.0,5.943,54.24,I,846,AO,20231122233535,2022-05-29 08:15:58,aoml,1901517
aoml/1901517/profiles/R1901517_396.nc,20220609021530.0,5.912,54.779,I,846,AO,20231122233535,2022-06-09 02:15:30,aoml,1901517
aoml/1901517/profiles/R1901517_397.nc,20220619200846.0,5.868,55.295,I,846,AO,20231122233536,2022-06-19 20:08:46,aoml,1901517
aoml/1901517/profiles/R1901517_398.nc,20220630141404.0,5.112,55.661,I,846,AO,20231122233536,2022-06-30 14:14:04,aoml,1901517
aoml/1901517/profiles/R1901517_399.nc,20220711081312.0,5.251,56.042,I,846,AO,20231122233536,2022-07-11 08:13:12,aoml,1901517
aoml/1901517/profiles/R1901517_400.nc,20220722020330.0,5.801,56.103,I,846,AO,20231122233536,2022-07-22 02:03:30,aoml,1901517
aoml/1901517/profiles/R1901517_401.nc,20220801195530.0,6.033,56.02,I,846,AO,20231122233536,2022-08-01 19:55:30,aoml,1901517
aoml/1901517/profiles/R1901517_402.nc,20220812140920.0,6.801,56.481,I,846,AO,20231122233536,2022-08-12 14:09:20,aoml,1901517
aoml/1901517/profiles/R1901517_403.nc,20220823080637.0,7.091,56.937,I,846,AO,20231122233537,2022-08-23 08:06:37,aoml,1901517
aoml/1901517/profiles/R1901517_404.nc,20220903020717.0,7.359,56.966,I,846,AO,20231122233537,2022-09-03 02:07:17,aoml,1901517
aoml/1902189/profiles/D1902189_203.nc,20231130201132.0,5.36,51.871,I,863,AO,20241226205422,2023-11-30 20:11:32,aoml,1902189
aoml/1902189/profiles/D1902189_204.nc,20231210190643.0,6.428,53.373,I,863,AO,20241226205422,2023-12-10 19:06:43,aoml,1902189
aoml/1902189/profiles/D1902189_205.nc,20231220201322.0,6.474,52.947,I,863,AO,20241226205422,2023-12-20 20:13:22,aoml,1902189
aoml/1902189/profiles/D1902189_206.nc,20231230193227.0,5.487,52.967,I,863,AO,20241226205422,2023-12-30 19:32:27,aoml,1902189
aoml/1902457/profiles/D1902457_001.nc,20230604012122.0,6.962,68.38,I,869,AO,20260802211431,2023-06-04 01:21:22,aoml,1902457
aoml/1902457/profiles/D1902457_002.nc,20230613235831.0,7.007,68.152,I,869,AO,20260802211431,2023-06-13 23:58:31,aoml,1902457
aoml/1902457/profiles/D1902457_003.nc,20230623234526.0,7.225,67.916,I,869,AO,20260802211431,2023-06-23 23:45:26,aoml,1902457
aoml/1902457/profiles/D1902457_004.nc,20230703225027.0,7.452,67.684,I,869,AO,20260802211431,2023-07-03 22:50:27,aoml,1902457
aoml/1902457/profiles/D1902457_005.nc,20230713225248.0,7.583,67.608,I,869,AO,20260802211431,2023-07-13 22:52:48,aoml,1902457
aoml/1902457/profiles/D1902457_006.nc,20230723213007.0,7.732,67.534,I,869,AO,20260802211431,2023-07-23 21:30:07,aoml,1902457
aoml/1902457/profiles/D1902457_007.nc,20230802202928.0,7.756,67.378,I,869,AO,20260802211431,2023-08-02 20:29:28,aoml,1902457
aoml/1902457/profiles/D1902457_008.nc,20230812185245.0,7.621,67.142,I,869,AO,20260802211431,2023-08-12 18:52:45,aoml,1902457
aoml/1902457/profiles/D1902457_009.nc,20230822173026.0,7.447,66.889,I,869,AO,20260802211432,2023-08-22 17:30:26,aoml,1902457
aoml/1902457/profiles/D1902457_010.nc,20230901161118.0,7.211,66.802,I,869,AO,20260802211432,2023-09-01 16:11:18,aoml,1902457
aoml/1902457/profiles/D1902457_011.nc,20230911144539.0,7.022,66.891,I,869,AO,20260802211432,2023-09-11 14:45:39,aoml,1902457
aoml/1902457/profiles/D1902457_012.nc,20230921133618.0,7.021,67.156,I,869,AO,20260802211432,2023-09-21 13:36:18,aoml,1902457
aoml/1902457/profiles/D1902457_013.nc,20231001123600.0,7.215,67.424,I,869,AO,20260802211432,2023-10-01 12:36:00,aoml,1902457
aoml/1902457/profiles/D1902457_014.nc,20231011110814.0,7.334,67.486,I,869,AO,20260802211432,2023-10-11 11:08:14,aoml,1902457
aoml/1902457/profiles/D1902457_015.nc,20231021091530.0,7.342,67.48,I,869,AO,20260802211432,2023-10-21 09:15:30,aoml,1902457
aoml/1902457/profiles/D1902457_016.nc,20231031075629.0,7.349,67.281,I,869,AO,20260802211432,2023-10-31 07:56:29,aoml,1902457
aoml/1902457/profiles/D1902457_017.nc,20231110061754.0,7.496,66.96,I,869,AO,20260802211433,2023-11-10 06:17:54,aoml,1902457
aoml/1902457/profiles/D1902457_018.nc,20231120045137.0,7.546,66.582,I,869,AO,20260802211433,2023-11-20 04:51:37,aoml,1902457
aoml/1902457/profiles/D1902457_019.nc,20231130031946.0,7.345,66.271,I,869,AO,20260802211433,2023-11-30 03:19:46,aoml,1902457
aoml/1902457/profiles/D1902457_020.nc,20231210015805.0,6.996,65.979,I,869,AO,20260802211433,2023-12-10 01:58:05,aoml,1902457
aoml/1902457/profiles/D1902457_021.nc,20231220011629.0,6.746,65.805,I,869,AO,20260802211433,2023-12-20 01:16:29,aoml,1902457
aoml/1902457/profiles/D1902457_022.nc,20231230002823.0,6.66,65.72,I,869,AO,20260802211433,2023-12-30 00:28:23,aoml,1902457
aoml/1902458/profiles/R1902458_001.nc,20230614075133.0,12.471,67.849,I,869,AO,20260804192347,2023-06-14 07:51:33,aoml,1902458
aoml/1902458/profiles/R1902458_002.nc,20230624063500.0,12.217,67.809,I,869,AO,20260603003424,2023-06-24 06:35:00,aoml,1902458
aoml/1902458/profiles/R1902458_003.nc,20230704053021.0,11.986,67.997,I,869,AO,20260603003425,2023-07-04 05:30:21,aoml,1902458
aoml/1902458/profiles/R1902458_004.nc,20230714051422.0,11.966,68.189,I,869,AO,20260603003426,2023-07-14 05:14:22,aoml,1902458
aoml/1902458/profiles/R1902458_005.nc,20230724040922.0,12.081,68.523,I,869,AO,20260603003428,2023-07-24 04:09:22,aoml,1902458
aoml/1902458/profiles/R1902458_006.nc,20230803033711.0,12.319,69.014,I,869,AO,20260603003430,2023-08-03 03:37:11,aoml,1902458
aoml/1902458/profiles/R1902458_007.nc,20230813025019.0,12.828,69.271,I,869,AO,20260603003432,2023-08-13 02:50:19,aoml,1902458
aoml/1902458/profiles/R1902458_008.nc,20230823025809.0,13.529,69.37,I,869,AO,20260603003433,2023-08-23 02:58:09,aoml,1902458
aoml/1902458/profiles/R1902458_009.nc,20230902031206.0,14.12,69.607,I,869,AO,20260603003435,2023-09-02 03:12:06,aoml,1902458
aoml/1902458/profiles/R1902458_010.nc,20230912033201.0,14.117,69.792,I,869,AO,20260603003436,2023-09-12 03:32:01,aoml,1902458
aoml/1902458/profiles/R1902458_011.nc,20230922032730.0,13.781,69.686,I,869,AO,20260603003437,2023-09-22 03:27:30,aoml,1902458
aoml/1902458/profiles/R1902458_012.nc,20231002034932.0,13.442,69.426,I,869,AO,20260603003438,2023-10-02 03:49:32,aoml,1902458
aoml/1902458/profiles/R1902458_013.nc,20231012030157.0,13.087,69.223,I,869,AO,20260603003439,2023-10-12 03:01:57,aoml,1902458
aoml/1902458/profiles/R1902458_014.nc,20231022032927.0,12.885,69.047,I,869,AO,20260603003441,2023-10-22 03:29:27,aoml,1902458
aoml/1902458/profiles/R1902458_015.nc,20231101024934.0,12.872,68.898,I,869,AO,20260603003442,2023-11-01 02:49:34,aoml,1902458
aoml/1902458/profiles/R1902458_016.nc,20231111031712.0,13.008,68.66,I,869,AO,20260603003443,2023-11-11 03:17:12,aoml,1902458
aoml/1902458/profiles/R1902458_017.nc,20231121022159.0,13.204,68.652,I,869,AO,20260603003444,2023-11-21 02:21:59,aoml,1902458
aoml/1902458/profiles/R1902458_018.nc,20231201022449.0,13.21,68.813,I,869,AO,20260603003445,2023-12-01 02:24:49,aoml,1902458
aoml/1902458/profiles/R1902458_019.nc,20231211025625.0,13.509,68.379,I,869,AO,20260603003446,2023-12-11 02:56:25,aoml,1902458
aoml/1902458/profiles/R1902458_020.nc,20231221034421.0,13.861,68.053,I,869,AO,20260603003449,2023-12-21 03:44:21,aoml,1902458
aoml/2902388/profiles/D2902388_230.nc,20220104141817.0,9.757,64.923,I,854,AO,20260821121856,2022-01-04 14:18:17,aoml,2902388
aoml/2902388/profiles/D2902388_231.nc,20220114055426.0,9.607,64.746,I,854,AO,20260821121856,2022-01-14 05:54:26,aoml,2902388
aoml/2902388/profiles/D2902388_232.nc,20220124021231.0,9.37,64.336,I,854,AO,20260821121856,2022-01-24 02:12:31,aoml,2902388
aoml/2902388/profiles/D2902388_233.nc,20220202175104.0,9.082,63.903,I,854,AO,20260821121856,2022-02-02 17:51:04,aoml,2902388
aoml/2902388/profiles/D2902388_234.nc,20220212093931.0,8.724,63.723,I,854,AO,20260821121857,2022-02-12 09:39:31,aoml,2902388
aoml/2902388/profiles/D2902388_235.nc,20220222011203.0,8.425,63.62,I,854,AO,20260821121857,2022-02-22 01:12:03,aoml,2902388
aoml/2902388/profiles/D2902388_236.nc,20220303212032.0,8.243,63.362,I,854,AO,20260821121857,2022-03-03 21:20:32,aoml,2902388
aoml/2902388/profiles/D2902388_237.nc,20220313125902.0,8.048,63.173,I,854,AO,20260821121857,2022-03-13 12:59:02,aoml,2902388
aoml/2902388/profiles/D2902388_238.nc,20220323042832.0,7.622,63.247,I,854,AO,20260821121857,2022-03-23 04:28:32,aoml,2902388
aoml/2902388/profiles/D2902388_239.nc,20220401200008.0,7.228,63.873,I,854,AO,20260821121857,2022-04-01 20:00:08,aoml,2902388
aoml/2902388/profiles/D2902388_240.nc,20220411161928.0,7.231,64.814,I,854,AO,20260821121857,2022-04-11 16:19:28,aoml,2902388
aoml/2902388/profiles/D2902388_241.nc,20220421075640.0,7.467,65.574,I,854,AO,20260821121858,2022-04-21 07:56:40,aoml,2902388
aoml/2902388/profiles/D2902388_242.nc,20220430233852.0,7.714,65.866,I,854,AO,20260821121858,2022-04-30 23:38:52,aoml,2902388
aoml/2902388/profiles/D2902388_243.nc,20220510151840.0,7.92,66.011,I,854,AO,20260821121858,2022-05-10 15:18:40,aoml,2902388
aoml/2902388/profiles/D2902388_244.nc,20220520114228.0,8.094,66.089,I,854,AO,20260821121858,2022-05-20 11:42:28,aoml,2902388
aoml/2902388/profiles/D2902388_245.nc,20220530032311.0,8.366,66.206,I,854,AO,20260821121858,2022-05-30 03:23:11,aoml,2902388
aoml/2902388/profiles/D2902388_246.nc,20220608185552.0,8.631,66.465,I,854,AO,20260821121858,2022-06-08 18:55:52,aoml,2902388
aoml/2902388/profiles/D2902388_247.nc,20220618103506.0,8.778,66.83,I,854,AO,20260821121859,2022-06-18 10:35:06,aoml,2902388
aoml/2902388/profiles/D2902388_248.nc,20220628064838.0,8.866,66.991,I,854,AO,20260821121859,2022-06-28 06:48:38,aoml,2902388
aoml/2902388/profiles/D2902388_249.nc,20220707222714.0,8.966,67.041,I,854,AO,20260821121859,2022-07-07 22:27:14,aoml,2902388
aoml/2902388/profiles/D2902388_250.nc,20220717140039.0,8.98,66.946,I,854,AO,20260821121859,2022-07-17 14:00:39,aoml,2902388
aoml/2902388/profiles/D2902388_251.nc,20220727053338.0,8.847,66.724,I,854,AO,20260821121859,2022-07-27 05:33:38,aoml,2902388
aoml/2902388/profiles/D2902388_252.nc,20220806014510.0,8.596,66.438,I,854,AO,20260821121859,2022-08-06 01:45:10,aoml,2902388
aoml/2902388/profiles/D2902388_253.nc,20220815172806.0,8.323,66.113,I,854,AO,20260821121900,2022-08-15 17:28:06,aoml,2902388
aoml/2902388/profiles/D2902388_254.nc,20220825085757.0,8.247,65.789,I,854,AO,20260821121900,2022-08-25 08:57:57,aoml,2902388
aoml/2902388/profiles/D2902388_255.nc,20220904003153.0,8.155,65.596,I,854,AO,20260821121900,2022-09-04 00:31:53,aoml,2902388
aoml/2902388/profiles/D2902388_256.nc,20220913203651.0,7.948,65.467,I,854,AO,20260821121900,2022-09-13 20:36:51,aoml,2902388
aoml/2902388/profiles/D2902388_257.nc,20220923121257.0,7.81,65.21,I,854,AO,20260821121900,2022-09-23 12:12:57,aoml,2902388
aoml/2902388/profiles/D2902388_258.nc,20221003035005.0,8.061,64.873,I,854,AO,20260821121900,2022-10-03 03:50:05,aoml,2902388
aoml/2902388/profiles/D2902388_259.nc,20221012192111.0,8.41,64.645,I,854,AO,20260821121901,2022-10-12 19:21:11,aoml,2902388
aoml/2902388/profiles/D2902388_260.nc,20221022152051.0,8.521,64.685,I,854,AO,20260821121901,2022-10-22 15:20:51,aoml,2902388
aoml/2902388/profiles/D2902388_261.nc,20221101070438.0,8.493,64.636,I,854,AO,20260821121901,2022-11-01 07:04:38,aoml,2902388
aoml/2902388/profiles/D2902388_262.nc,20221110222719.0,8.492,64.467,I,854,AO,20260821121901,2022-11-10 22:27:19,aoml,2902388
aoml/2902388/profiles/D2902388_263.nc,20221120140552.0,8.46,64.225,I,854,AO,20260821121901,2022-11-20 14:05:52,aoml,2902388
aoml/2902388/profiles/D2902388_264.nc,20221130101317.0,8.478,64.069,I,854,AO,20260821121901,2022-11-30 10:13:17,aoml,2902388
aoml/2902388/profiles/D2902388_265.nc,20221210015545.0,8.595,63.97,I,854,AO,20260821121902,2022-12-10 01:55:45,aoml,2902388
aoml/2902388/profiles/D2902388_266.nc,20221219172017.0,8.598,64.052,I,854,AO,20260821121902,2022-12-19 17:20:17,aoml,2902388
aoml/2902388/profiles/D2902388_267.nc,20221229084550.0,8.148,64.207,I,854,AO,20260821121902,2022-12-29 08:45:50,aoml,2902388
aoml/2902388/profiles/D2902388_268.nc,20230108050001.0,7.814,64.169,I,854,AO,20260821121902,2023-01-08 05:00:01,aoml,2902388
aoml/2902388/profiles/D2902388_269.nc,20230117203921.0,7.913,64.035,I,854,AO,20260821121902,2023-01-17 20:39:21,aoml,2902388
aoml/2902388/profiles/D2902388_270.nc,20230127121438.0,8.003,63.925,I,854,AO,20260821121902,2023-01-27 12:14:38,aoml,2902388
aoml/2902388/profiles/D2902388_271.nc,20230206034253.0,7.952,63.675,I,854,AO,20260821121903,2023-02-06 03:42:53,aoml,2902388
aoml/2902388/profiles/D2902388_272.nc,20230215235913.0,8.044,63.311,I,854,AO,20260821121903,2023-02-15 23:59:13,aoml,2902388
aoml/2902388/profiles/D2902388_273.nc,20230225153645.0,8.285,62.935,I,854,AO,20260821121903,2023-02-25 15:36:45,aoml,2902388
aoml/2902388/profiles/D2902388_274.nc,20230307071137.0,8.359,62.709,I,854,AO,20260821121903,2023-03-07 07:11:37,aoml,2902388
aoml/2902388/profiles/D2902388_275.nc,20230316224400.0,8.123,62.428,I,854,AO,20260821121903,2023-03-16 22:44:00,aoml,2902388
aoml/2902388/profiles/D2902388_276.nc,20230326184752.0,7.785,61.993,I,854,AO,20260821121903,2023-03-26 18:47:52,aoml,2902388
aoml/2902388/profiles/D2902388_277.nc,20230405103106.0,7.518,61.553,I,854,AO,20260821121904,2023-04-05 10:31:06,aoml,2902388
aoml/2902388/profiles/D2902388_278.nc,20230415020439.0,7.36,61.196,I,854,AO,20260821121904,2023-04-15 02:04:39,aoml,2902388
aoml/2902388/profiles/D2902388_279.nc,20230424174331.0,7.242,61.16,I,854,AO,20260821121904,2023-04-24 17:43:31,aoml,2902388
aoml/2902388/profiles/D2902388_280.nc,20230504140336.0,7.152,61.465,I,854,AO,20260821121904,2023-05-04 14:03:36,aoml,2902388
aoml/2902388/profiles/D2902388_281.nc,20230514054726.0,7.393,61.958,I,854,AO,20260821121904,2023-05-14 05:47:26,aoml,2902388
aoml/2902388/profiles/D2902388_282.nc,20230523211949.0,7.588,62.399,I,854,AO,20260821121904,2023-05-23 21:19:49,aoml,2902388
aoml/2902388/profiles/D2902388_283.nc,20230602125025.0,7.212,62.77,I,854,AO,20260821121904,2023-06-02 12:50:25,aoml,2902388
aoml/2902388/profiles/D2902388_284.nc,20230612090833.0,7.126,63.014,I,854,AO,20260821121905,2023-06-12 09:08:33,aoml,2902388
aoml/2902388/profiles/D2902388_285.nc,20230622005528.0,7.273,63.518,I,854,AO,20260821121905,2023-06-22 00:55:28,aoml,2902388
aoml/2902388/profiles/D2902388_286.nc,20230701162656.0,7.305,63.745,I,854,AO,20260821121905,2023-07-01 16:26:56,aoml,2902388
aoml/2902388/profiles/D2902388_287.nc,20230711075631.0,7.159,63.813,I,854,AO,20260821121905,2023-07-11 07:56:31,aoml,2902388
aoml/2902388/profiles/D2902388_288.nc,20230721041025.0,7.144,63.785,I,854,AO,20260821121905,2023-07-21 04:10:25,aoml,2902388
aoml/2902388/profiles/D2902388_289.nc,20230730195311.0,7.358,63.857,I,854,AO,20260821121905,2023-07-30 19:53:11,aoml,2902388
aoml/2902388/profiles/D2902388_290.nc,20230809112336.0,7.537,64.056,I,854,AO,20260821121906,2023-08-09 11:23:36,aoml,2902388
aoml/2902388/profiles/D2902388_291.nc,20230819025041.0,7.254,64.287,I,854,AO,20260821121906,2023-08-19 02:50:41,aoml,2902388
aoml/2902388/profiles/D2902388_292.nc,20230828225304.0,6.809,64.239,I,854,AO,20260821121906,2023-08-28 22:53:04,aoml,2902388
aoml/2902388/profiles/D2902388_293.nc,20230907143016.0,6.772,64.088,I,854,AO,20260821121906,2023-09-07 14:30:16,aoml,2902388
aoml/2902388/profiles/D2902388_294.nc,20230917055309.0,6.822,64.062,I,854,AO,20260821121906,2023-09-17 05:53:09,aoml,2902388
aoml/2902388/profiles/D2902388_295.nc,20230926212217.0,6.693,64.405,I,854,AO,20260821121906,2023-09-26 21:22:17,aoml,2902388
aoml/2902388/profiles/D2902388_296.nc,20231006174456.0,7.007,64.915,I,854,AO,20260821121906,2023-10-06 17:44:56,aoml,2902388
aoml/2902388/profiles/D2902388_297.nc,20231016092650.0,7.463,65.31,I,854,AO,20260821121907,2023-10-16 09:26:50,aoml,2902388
aoml/2902388/profiles/D2902388_298.nc,20231026005505.0,7.457,65.841,I,854,AO,20260821121907,2023-10-26 00:55:05,aoml,2902388
aoml/2902388/profiles/D2902388_299.nc,20231104163058.0,7.682,66.335,I,854,AO,20260821121907,2023-11-04 16:30:58,aoml,2902388
aoml/2902388/profiles/D2902388_300.nc,20231114125506.0,8.027,66.436,I,854,AO,20260821121907,2023-11-14 12:55:06,aoml,2902388
aoml/2902388/profiles/D2902388_301.nc,20231124043026.0,7.948,66.262,I,854,AO,20260821121907,2023-11-24 04:30:26,aoml,2902388
aoml/2902388/profiles/D2902388_302.nc,20231203200151.0,7.62,65.969,I,854,AO,20260821121907,2023-12-03 20:01:51,aoml,2902388
aoml/2902388/profiles/D2902388_303.nc,20231213112949.0,7.387,65.667,I,854,AO,20260821121908,2023-12-13 11:29:49,aoml,2902388
aoml/2902388/profiles/D2902388_304.nc,20231223072401.0,7.14,65.472,I,854,AO,20260821121908,2023-12-23 07:24:01,aoml,2902388
aoml/2902389/profiles/D2902389_230.nc,20220106143922.0,11.293,66.48,I,854,AO,20230406091601,2022-01-06 14:39:22,aoml,2902389
aoml/2902389/profiles/D2902389_231.nc,20220116062810.0,11.017,66.934,I,854,AO,20230406091601,2022-01-16 06:28:10,aoml,2902389
aoml/2902389/profiles/D2902389_232.nc,20220125222954.0,10.927,67.155,I,854,AO,20230406091601,2022-01-25 22:29:54,aoml,2902389
aoml/2902389/profiles/D2902389_233.nc,20220204143305.0,11.018,67.344,I,854,AO,20230406091601,2022-02-04 14:33:05,aoml,2902389
aoml/2902389/profiles/D2902389_234.nc,20220214113647.0,10.991,67.494,I,854,AO,20230406091601,2022-02-14 11:36:47,aoml,2902389
aoml/2902389/profiles/D2902389_235.nc,20220224034101.0,10.629,67.428,I,854,AO,20230406091601,2022-02-24 03:41:01,aoml,2902389
aoml/2902389/profiles/D2902389_236.nc,20220305194028.0,10.181,67.145,I,854,AO,20230406091602,2022-03-05 19:40:28,aoml,2902389
aoml/2902389/profiles/D2902389_237.nc,20220315114309.0,9.743,66.625,I,854,AO,20230406091602,2022-03-15 11:43:09,aoml,2902389
aoml/2902389/profiles/D2902389_238.nc,20220325095037.0,9.403,65.909,I,854,AO,20230406091602,2022-03-25 09:50:37,aoml,2902389
aoml/2902389/profiles/D2902389_239.nc,20220404020450.0,9.124,65.233,I,854,AO,20230406091602,2022-04-04 02:04:50,aoml,2902389
aoml/2902389/profiles/D2902389_240.nc,20220413180509.0,8.92,64.741,I,854,AO,20230406091602,2022-04-13 18:05:09,aoml,2902389
aoml/2902389/profiles/D2902389_241.nc,20220423100242.0,8.831,64.411,I,854,AO,20230406091602,2022-04-23 10:02:42,aoml,2902389
aoml/2902389/profiles/D2902389_242.nc,20220503082155.0,8.856,64.204,I,854,AO,20230406091603,2022-05-03 08:21:55,aoml,2902389
aoml/2902389/profiles/D2902389_243.nc,20220513003541.0,8.994,64.098,I,854,AO,20230406091603,2022-05-13 00:35:41,aoml,2902389
aoml/2902389/profiles/D2902389_244.nc,20220522163239.0,9.146,64.166,I,854,AO,20230406091603,2022-05-22 16:32:39,aoml,2902389
aoml/2902389/profiles/D2902389_245.nc,20220601083653.0,9.292,64.328,I,854,AO,20230406091603,2022-06-01 08:36:53,aoml,2902389
aoml/2902389/profiles/D2902389_246.nc,20220611065013.0,9.419,64.499,I,854,AO,20230406091603,2022-06-11 06:50:13,aoml,2902389
aoml/2902389/profiles/D2902389_247.nc,20220620230727.0,9.551,64.759,I,854,AO,20230406091603,2022-06-20 23:07:27,aoml,2902389
aoml/2902389/profiles/D2902389_248.nc,20220630151048.0,9.66,65.139,I,854,AO,20230406091604,2022-06-30 15:10:48,aoml,2902389
aoml/2902389/profiles/D2902389_249.nc,20220710071306.0,9.74,65.606,I,854,AO,20230406091604,2022-07-10 07:13:06,aoml,2902389
aoml/2902389/profiles/D2902389_250.nc,20220720042106.0,10.018,66.004,I,854,AO,20230406091604,2022-07-20 04:21:06,aoml,2902389
aoml/2902389/profiles/D2902389_251.nc,20220729202907.0,10.386,66.349,I,854,AO,20230406091604,2022-07-29 20:29:07,aoml,2902389
aoml/2902389/profiles/D2902389_252.nc,20220808122847.0,10.653,66.529,I,854,AO,20230406091604,2022-08-08 12:28:47,aoml,2902389
aoml/2902389/profiles/D2902389_253.nc,20220818042745.0,10.835,66.571,I,854,AO,20230406091604,2022-08-18 04:27:45,aoml,2902389
aoml/2902389/profiles/D2902389_254.nc,20220828013259.0,10.825,66.617,I,854,AO,20230406091604,2022-08-28 01:32:59,aoml,2902389
aoml/2902389/profiles/D2902389_255.nc,20220906173452.0,10.7,66.781,I,854,AO,20230406091605,2022-09-06 17:34:52,aoml,2902389
aoml/2902389/profiles/D2902389_256.nc,20220916094129.0,10.703,66.944,I,854,AO,20230406091605,2022-09-16 09:41:29,aoml,2902389
aoml/2902389/profiles/D2902389_257.nc,20220926014356.0,10.767,67.281,I,854,AO,20230406091605,2022-09-26 01:43:56,aoml,2902389
aoml/2902389/profiles/D2902389_258.nc,20221005224708.0,11.132,67.619,I,854,AO,20230406091605,2022-10-05 22:47:08,aoml,2902389
aoml/2902389/profiles/D2902389_259.nc,20221015145406.0,11.755,67.629,I,854,AO,20250331152545,2022-10-15 14:54:06,aoml,2902389
aoml/2902389/profiles/D2902389_260.nc,20221025065634.0,12.127,67.7,I,854,AO,20250331152545,2022-10-25 06:56:34,aoml,2902389
aoml/2902389/profiles/D2902389_261.nc,20221103225929.0,12.277,67.808,I,854,AO,20250331152545,2022-11-03 22:59:29,aoml,2902389
aoml/2902389/profiles/D2902389_262.nc,20221113200422.0,12.246,68.014,I,854,AO,20250331152545,2022-11-13 20:04:22,aoml,2902389
aoml/2902389/profiles/D2902389_263.nc,20221123120821.0,12.038,68.362,I,854,AO,20250331152545,2022-11-23 12:08:21,aoml,2902389
aoml/2902389/profiles/D2902389_264.nc,20221203041556.0,11.859,68.603,I,854,AO,20250331152545,2022-12-03 04:15:56,aoml,2902389
aoml/2902389/profiles/D2902389_265.nc,20221212201712.0,11.934,68.512,I,854,AO,20250331152545,2022-12-12 20:17:12,aoml,2902389
aoml/2902389/profiles/D2902389_266.nc,20221222182934.0,12.264,68.627,I,854,AO,20250331152545,2022-12-22 18:29:34,aoml,2902389
aoml/2902389/profiles/D2902389_267.nc,20230101103340.0,12.161,68.924,I,854,AO,20250331152545,2023-01-01 10:33:40,aoml,2902389
aoml/2902389/profiles/D2902389_268.nc,20230111023327.0,11.718,68.991,I,854,AO,20250331152545,2023-01-11 02:33:27,aoml,2902389
aoml/2902389/profiles/D2902389_269.nc,20230120183852.0,11.175,68.808,I,854,AO,20250331152545,2023-01-20 18:38:52,aoml,2902389
aoml/2902389/profiles/D2902389_270.nc,20230130165955.0,10.591,68.544,I,854,AO,20250331152545,2023-01-30 16:59:55,aoml,2902389
aoml/2902389/profiles/D2902389_271.nc,20230209091019.0,10.196,68.26,I,854,AO,20250331152545,2023-02-09 09:10:19,aoml,2902389
aoml/2902389/profiles/D2902389_272.nc,20230219010915.0,9.985,67.906,I,854,AO,20250331152545,2023-02-19 01:09:15,aoml,2902389
aoml/2902389/profiles/D2902389_273.nc,20230228171039.0,9.953,67.683,I,854,AO,20250331152545,2023-02-28 17:10:39,aoml,2902389
aoml/2902389/profiles/D2902389_274.nc,20230310153928.0,10.133,67.648,I,854,AO,20250331152545,2023-03-10 15:39:28,aoml,2902389
aoml/2902389/profiles/D2902389_275.nc,20230320075735.0,10.257,67.729,I,854,AO,20250331152545,2023-03-20 07:57:35,aoml,2902389
aoml/2902389/profiles/D2902389_276.nc,20230329235906.0,10.282,67.67,I,854,AO,20250331152545,2023-03-29 23:59:06,aoml,2902389
aoml/2902389/profiles/D2902389_277.nc,20230408160944.0,10.369,67.621,I,854,AO,20250331152545,2023-04-08 16:09:44,aoml,2902389
aoml/2902389/profiles/D2902389_278.nc,20230418144117.0,10.34,67.808,I,854,AO,20250331152545,2023-04-18 14:41:17,aoml,2902389
aoml/2902389/profiles/D2902389_279.nc,20230428064936.0,10.508,67.941,I,854,AO,20250331152545,2023-04-28 06:49:36,aoml,2902389
aoml/2902389/profiles/D2902389_280.nc,20230507225352.0,10.845,67.829,I,854,AO,20250331152545,2023-05-07 22:53:52,aoml,2902389
aoml/2902389/profiles/D2902389_281.nc,20230517145401.0,11.102,67.758,I,854,AO,20250331152545,2023-05-17 14:54:01,aoml,2902389
aoml/2902389/profiles/D2902389_282.nc,20230527132852.0,11.166,67.82,I,854,AO,20250331152545,2023-05-27 13:28:52,aoml,2902389
aoml/2902389/profiles/D2902389_283.nc,20230606053858.0,11.138,67.862,I,854,AO,20250331152545,2023-06-06 05:38:58,aoml,2902389
aoml/2902389/profiles/D2902389_284.nc,20230615214152.0,11.223,67.991,I,854,AO,20250331152545,2023-06-15 21:41:52,aoml,2902389
aoml/2902389/profiles/D2902389_285.nc,20230625134354.0,11.462,68.346,I,854,AO,20250331152546,2023-06-25 13:43:54,aoml,2902389
aoml/2902389/profiles/D2902389_286.nc,20230705121307.0,11.774,68.942,I,854,AO,20250331152546,2023-07-05 12:13:07,aoml,2902389
aoml/2902389/profiles/D2902389_287.nc,20230715042733.0,11.799,69.443,I,854,AO,20250331152546,2023-07-15 04:27:33,aoml,2902389
aoml/2902389/profiles/D2902389_288.nc,20230724202646.0,11.377,69.718,I,854,AO,20250331152546,2023-07-24 20:26:46,aoml,2902389
aoml/2902389/profiles/D2902389_289.nc,20230803122502.0,10.944,69.988,I,854,AO,20250331152546,2023-08-03 12:25:02,aoml,2902389
aoml/2902389/profiles/D2902389_290.nc,20230813103638.0,11.068,70.429,I,854,AO,20250331152546,2023-08-13 10:36:38,aoml,2902389
aoml/2902389/profiles/D2902389_291.nc,20230823023958.0,11.409,70.627,I,854,AO,20250331152546,2023-08-23 02:39:58,aoml,2902389
aoml/2902389/profiles/D2902389_292.nc,20230901183452.0,11.786,70.48,I,854,AO,20250331152546,2023-09-01 18:34:52,aoml,2902389
aoml/2902389/profiles/D2902389_293.nc,20230911103412.0,12.085,70.347,I,854,AO,20250331152546,2023-09-11 10:34:12,aoml,2902389
aoml/2902389/profiles/D2902389_294.nc,20230921084826.0,12.379,70.255,I,854,AO,20250331152546,2023-09-21 08:48:26,aoml,2902389
aoml/2902389/profiles/D2902389_295.nc,20231001005202.0,12.558,70.336,I,854,AO,20250331152546,2023-10-01 00:52:02,aoml,2902389
aoml/2902389/profiles/D2902389_296.nc,20231010165234.0,12.864,70.516,I,854,AO,20250331152546,2023-10-10 16:52:34,aoml,2902389
aoml/2902389/profiles/D2902389_297.nc,20231020085351.0,13.124,70.587,I,854,AO,20250331152546,2023-10-20 08:53:51,aoml,2902389
aoml/2902389/profiles/D2902389_298.nc,20231030070429.0,13.048,70.586,I,854,AO,20250331152546,2023-10-30 07:04:29,aoml,2902389
aoml/2902389/profiles/D2902389_299.nc,20231108230413.0,12.611,70.61,I,854,AO,20250331152546,2023-11-08 23:04:13,aoml,2902389
aoml/2902389/profiles/D2902389_300.nc,20231118150651.0,12.099,70.633,I,854,AO,20250331152546,2023-11-18 15:06:51,aoml,2902389
aoml/2902389/profiles/D2902389_301.nc,20231128070737.0,11.684,70.622,I,854,AO,20250331152546,2023-11-28 07:07:37,aoml,2902389
aoml/2902389/profiles/D2902389_302.nc,20231208051817.0,11.487,70.668,I,854,AO,20250331152546,2023-12-08 05:18:17,aoml,2902389
aoml/2902389/profiles/D2902389_303.nc,20231217211710.0,11.456,70.725,I,854,AO,20250331152546,2023-12-17 21:17:10,aoml,2902389
aoml/2902389/profiles/D2902389_304.nc,20231227131003.0,11.495,70.838,I,854,AO,20250331152546,2023-12-27 13:10:03,aoml,2902389
aoml/2902390/profiles/D2902390_231.nc,20220109204646.0,19.38,61.743,I,854,AO,20250307105059,2022-01-09 20:46:46,aoml,2902390
aoml/2902390/profiles/D2902390_232.nc,20220118084540.0,19.137,61.791,I,854,AO,20250307105059,2022-01-18 08:45:40,aoml,2902390
aoml/2902390/profiles/D2902390_233.nc,20220128011334.0,18.953,62.03,I,854,AO,20250307105059,2022-01-28 01:13:34,aoml,2902390
aoml/2902390/profiles/D2902390_234.nc,20220205104339.0,19.002,62.314,I,854,AO,20250307105059,2022-02-05 10:43:39,aoml,2902390
aoml/2902390/profiles/D2902390_235.nc,20220215072045.0,19.154,62.584,I,854,AO,20250307105100,2022-02-15 07:20:45,aoml,2902390
aoml/2902390/profiles/D2902390_236.nc,20220224120215.0,19.198,62.989,I,854,AO,20250307105100,2022-02-24 12:02:15,aoml,2902390
aoml/2902390/profiles/D2902390_237.nc,20220306043517.0,19.361,63.214,I,854,AO,20250307105100,2022-03-06 04:35:17,aoml,2902390
aoml/2902390/profiles/D2902390_238.nc,20220315210045.0,19.619,63.334,I,854,AO,20250307105100,2022-03-15 21:00:45,aoml,2902390
aoml/2902390/profiles/D2902390_239.nc,20220325173449.0,19.555,63.496,I,854,AO,20250307105100,2022-03-25 17:34:49,aoml,2902390
aoml/2902390/profiles/D2902390_240.nc,20220404101316.0,19.47,63.673,I,854,AO,20250307105101,2022-04-04 10:13:16,aoml,2902390
aoml/2902390/profiles/D2902390_241.nc,20220414024117.0,19.113,63.921,I,854,AO,20250307105101,2022-04-14 02:41:17,aoml,2902390
aoml/2902390/profiles/D2902390_242.nc,20220423190826.0,18.686,64.272,I,854,AO,20250307105101,2022-04-23 19:08:26,aoml,2902390
aoml/2902390/profiles/D2902390_243.nc,20220503155605.0,18.642,64.564,I,854,AO,20250307105101,2022-05-03 15:56:05,aoml,2902390
aoml/2902390/profiles/D2902390_244.nc,20220513083407.0,18.939,64.919,I,854,AO,20250307105101,2022-05-13 08:34:07,aoml,2902390
aoml/2902390/profiles/D2902390_245.nc,20220523011143.0,19.328,65.136,I,854,AO,20250307105101,2022-05-23 01:11:43,aoml,2902390
aoml/2902390/profiles/D2902390_246.nc,20220601125112.0,19.373,65.328,I,854,AO,20250307105101,2022-06-01 12:51:12,aoml,2902390
aoml/2902390/profiles/D2902390_247.nc,20220611094618.0,19.171,65.541,I,854,AO,20250307105102,2022-06-11 09:46:18,aoml,2902390
aoml/2902390/profiles/D2902390_248.nc,20220619183211.0,18.863,65.718,I,854,AO,20250307105102,2022-06-19 18:32:11,aoml,2902390
aoml/2902390/profiles/D2902390_249.nc,20220629110639.0,18.581,65.777,I,854,AO,20250307105102,2022-06-29 11:06:39,aoml,2902390
aoml/2902390/profiles/D2902390_250.nc,20220707221053.0,18.414,65.729,I,854,AO,20250307105102,2022-07-07 22:10:53,aoml,2902390
aoml/2902390/profiles/D2902390_251.nc,20220717190641.0,18.258,65.615,I,854,AO,20250307105102,2022-07-17 19:06:41,aoml,2902390
aoml/2902390/profiles/D2902390_252.nc,20220727114405.0,18.235,65.501,I,854,AO,20250307105102,2022-07-27 11:44:05,aoml,2902390
aoml/2902390/profiles/D2902390_253.nc,20220806042241.0,18.318,65.36,I,854,AO,20250307105102,2022-08-06 04:22:41,aoml,2902390
aoml/2902390/profiles/D2902390_254.nc,20220815205759.0,18.345,65.189,I,854,AO,20250307105103,2022-08-15 20:57:59,aoml,2902390
aoml/2902390/profiles/D2902390_255.nc,20220825173924.0,18.305,65.08,I,854,AO,20250307105103,2022-08-25 17:39:24,aoml,2902390
aoml/2902390/profiles/D2902390_256.nc,20220903204458.0,18.322,64.855,I,854,AO,20250307105103,2022-09-03 20:44:58,aoml,2902390
aoml/2902390/profiles/D2902390_257.nc,20220913130652.0,18.353,64.578,I,854,AO,20250307105103,2022-09-13 13:06:52,aoml,2902390
aoml/2902390/profiles/D2902390_258.nc,20220923053809.0,18.385,64.247,I,854,AO,20250307105103,2022-09-23 05:38:09,aoml,2902390
aoml/2902390/profiles/D2902390_259.nc,20221003021452.0,18.394,63.925,I,854,AO,20250307105103,2022-10-03 02:14:52,aoml,2902390
aoml/2902390/profiles/D2902390_260.nc,20221011232314.0,18.367,63.861,I,854,AO,20250307105104,2022-10-11 23:23:14,aoml,2902390
aoml/2902390/profiles/D2902390_261.nc,20221021072825.0,18.263,63.939,I,854,AO,20250307105104,2022-10-21 07:28:25,aoml,2902390
aoml/2902390/profiles/D2902390_262.nc,20221031000637.0,17.978,64.107,I,854,AO,20250307105104,2022-10-31 00:06:37,aoml,2902390
aoml/2902390/profiles/D2902390_263.nc,20221109203744.0,17.964,64.292,I,854,AO,20250307105104,2022-11-09 20:37:44,aoml,2902390
aoml/2902390/profiles/D2902390_264.nc,20221118131044.0,17.959,64.572,I,854,AO,20250307105104,2022-11-18 13:10:44,aoml,2902390
aoml/2902390/profiles/D2902390_265.nc,20221128054019.0,18.134,64.692,I,854,AO,20250307105104,2022-11-28 05:40:19,aoml,2902390
aoml/2902390/profiles/D2902390_266.nc,20221207163916.0,18.563,64.683,I,854,AO,20250307105105,2022-12-07 16:39:16,aoml,2902390
aoml/2902390/profiles/D2902390_267.nc,20221217130544.0,19.079,64.807,I,854,AO,20250307105105,2022-12-17 13:05:44,aoml,2902390
aoml/2902390/profiles/D2902390_268.nc,20221225110613.0,19.34,64.875,I,854,AO,20250307105105,2022-12-25 11:06:13,aoml,2902390
aoml/2902390/profiles/D2902390_269.nc,20230102183019.0,19.646,64.831,I,854,AO,20250307105105,2023-01-02 18:30:19,aoml,2902390
aoml/2902390/profiles/D2902390_270.nc,20230110035627.0,19.884,64.715,I,854,AO,20250307105105,2023-01-10 03:56:27,aoml,2902390
aoml/2902390/profiles/D2902390_271.nc,20230120003125.0,20.073,64.608,I,854,AO,20250307105105,2023-01-20 00:31:25,aoml,2902390
aoml/2902390/profiles/D2902390_272.nc,20230126194030.0,20.087,64.591,I,854,AO,20250307105106,2023-01-26 19:40:30,aoml,2902390
aoml/2902390/profiles/D2902390_273.nc,20230205113609.0,20.053,64.57,I,854,AO,20250307105106,2023-02-05 11:36:09,aoml,2902390
aoml/2902390/profiles/D2902390_274.nc,20230213065825.0,19.944,64.572,I,854,AO,20250307105106,2023-02-13 06:58:25,aoml,2902390
aoml/2902390/profiles/D2902390_275.nc,20230223032413.0,19.861,64.562,I,854,AO,20250307105106,2023-02-23 03:24:13,aoml,2902390
aoml/2902390/profiles/D2902390_276.nc,20230304042858.0,19.719,64.539,I,854,AO,20250307105106,2023-03-04 04:28:58,aoml,2902390
aoml/2902390/profiles/D2902390_277.nc,20230313205017.0,19.477,64.627,I,854,AO,20250307105106,2023-03-13 20:50:17,aoml,2902390
aoml/2902390/profiles/D2902390_278.nc,20230321011253.0,19.333,64.672,I,854,AO,20250307105107,2023-03-21 01:12:53,aoml,2902390
aoml/2902390/profiles/D2902390_279.nc,20230330213853.0,19.346,64.824,I,854,AO,20250307105107,2023-03-30 21:38:53,aoml,2902390
aoml/2902390/profiles/D2902390_280.nc,20230409141539.0,19.616,64.834,I,854,AO,20250307105107,2023-04-09 14:15:39,aoml,2902390
aoml/2902390/profiles/D2902390_281.nc,20230417060955.0,19.797,64.744,I,854,AO,20250307105107,2023-04-17 06:09:55,aoml,2902390
aoml/2902390/profiles/D2902390_282.nc,20230426170659.0,19.924,64.638,I,854,AO,20250307105107,2023-04-26 17:06:59,aoml,2902390
aoml/2902390/profiles/D2902390_283.nc,20230506132600.0,19.981,64.564,I,854,AO,20250307105108,2023-05-06 13:26:00,aoml,2902390
aoml/2902390/profiles/D2902390_284.nc,20230513184947.0,20.07,64.445,I,854,AO,20250307105108,2023-05-13 18:49:47,aoml,2902390
aoml/2902390/profiles/D2902390_285.nc,20230523001802.0,20.131,64.282,I,854,AO,20250307105108,2023-05-23 00:18:02,aoml,2902390
aoml/2902390/profiles/D2902390_286.nc,20230530054422.0,20.102,64.208,I,854,AO,20250307105108,2023-05-30 05:44:22,aoml,2902390
aoml/2902390/profiles/D2902390_287.nc,20230609020843.0,19.983,64.076,I,854,AO,20250307105108,2023-06-09 02:08:43,aoml,2902390
aoml/2902390/profiles/D2902390_288.nc,20230616160943.0,20.01,63.97,I,854,AO,20250307105109,2023-06-16 16:09:43,aoml,2902390
aoml/2902390/profiles/D2902390_289.nc,20230624113607.0,20.064,63.999,I,854,AO,20250307105109,2023-06-24 11:36:07,aoml,2902390
aoml/2902390/profiles/D2902390_290.nc,20230702190645.0,20.124,64.099,I,854,AO,20250307105109,2023-07-02 19:06:45,aoml,2902390
aoml/2902390/profiles/D2902390_291.nc,20230712152936.0,20.166,64.182,I,854,AO,20250307105109,2023-07-12 15:29:36,aoml,2902390
aoml/2902390/profiles/D2902390_292.nc,20230720003130.0,20.087,64.263,I,854,AO,20250307105109,2023-07-20 00:31:30,aoml,2902390
aoml/2902390/profiles/D2902390_293.nc,20230728133331.0,20.019,64.322,I,854,AO,20250307105109,2023-07-28 13:33:31,aoml,2902390
aoml/2902390/profiles/D2902390_294.nc,20230804085930.0,19.952,64.329,I,854,AO,20250307105110,2023-08-04 08:59:30,aoml,2902390
aoml/2902390/profiles/D2902390_295.nc,20230814053158.0,19.846,64.251,I,854,AO,20250307105110,2023-08-14 05:31:58,aoml,2902390
aoml/2902390/profiles/D2902390_296.nc,20230821203136.0,19.699,64.146,I,854,AO,20250307105110,2023-08-21 20:31:36,aoml,2902390
aoml/2902390/profiles/D2902390_297.nc,20230831130044.0,19.539,63.918,I,854,AO,20250307105110,2023-08-31 13:00:44,aoml,2902390
aoml/2902390/profiles/D2902390_298.nc,20230909103302.0,19.411,63.71,I,854,AO,20250307105110,2023-09-09 10:33:02,aoml,2902390
aoml/2902390/profiles/D2902390_299.nc,20230919070151.0,19.308,63.4,I,854,AO,20250307105111,2023-09-19 07:01:51,aoml,2902390
aoml/2902390/profiles/D2902390_300.nc,20230925175321.0,19.179,63.205,I,854,AO,20250307105111,2023-09-25 17:53:21,aoml,2902390
aoml/2902390/profiles/D2902390_301.nc,20231002194401.0,18.994,63.035,I,854,AO,20250307105111,2023-10-02 19:44:01,aoml,2902390
aoml/2902390/profiles/D2902390_302.nc,20231008055115.0,18.879,62.905,I,854,AO,20250307105111,2023-10-08 05:51:15,aoml,2902390
aoml/2902390/profiles/D2902390_303.nc,20231018020456.0,18.782,62.736,I,854,AO,20250307105111,2023-10-18 02:04:56,aoml,2902390
aoml/2902390/profiles/D2902390_304.nc,20231025010118.0,18.788,62.607,I,854,AO,20250307105112,2023-10-25 01:01:18,aoml,2902390
aoml/2902390/profiles/D2902390_305.nc,20231103170330.0,18.593,62.424,I,854,AO,20250307105112,2023-11-03 17:03:30,aoml,2902390
aoml/2902390/profiles/D2902390_306.nc,20231109141505.0,18.449,62.359,I,854,AO,20250307105112,2023-11-09 14:15:05,aoml,2902390
aoml/2902390/profiles/D2902390_307.nc,20231119104339.0,18.253,62.333,I,854,AO,20250307105112,2023-11-19 10:43:39,aoml,2902390
aoml/2902390/profiles/D2902390_308.nc,20231123222852.0,18.269,62.383,I,854,AO,20250307105112,2023-11-23 22:28:52,aoml,2902390
aoml/2902390/profiles/D2902390_309.nc,20231128211427.0,18.355,62.441,I,854,AO,20250307105113,2023-11-28 21:14:27,aoml,2902390
aoml/2902390/profiles/D2902390_310.nc,20231202180221.0,18.428,62.503,I,854,AO,20250307105113,2023-12-02 18:02:21,aoml,2902390
aoml/2902390/profiles/D2902390_311.nc,20231212145534.0,18.399,62.698,I,854,AO,20250307105113,2023-12-12 14:55:34,aoml,2902390
aoml/2902390/profiles/D2902390_312.nc,20231217022549.0,18.436,62.738,I,854,AO,20250307105113,2023-12-17 02:25:49,aoml,2902390
aoml/2902390/profiles/D2902390_313.nc,20231220071223.0,18.543,62.739,I,854,AO,20250307105113,2023-12-20 07:12:23,aoml,2902390
aoml/2902390/profiles/D2902390_314.nc,20231224230053.0,18.726,62.674,I,854,AO,20250307105114,2023-12-24 23:00:53,aoml,2902390
aoml/2902391/profiles/D2902391_230.nc,20220108045722.0,12.702,55.378,I,854,AO,20230410093054,2022-01-08 04:57:22,aoml,2902391
aoml/2902391/profiles/D2902391_231.nc,20220118022159.0,12.789,55.264,I,854,AO,20230410093055,2022-01-18 02:21:59,aoml,2902391
aoml/2902391/profiles/D2902391_232.nc,20220127183915.0,12.888,55.205,I,854,AO,20230410093055,2022-01-27 18:39:15,aoml,2902391
aoml/2902391/profiles/D2902391_233.nc,20220206103701.0,12.591,55.152,I,854,AO,20230410093055,2022-02-06 10:37:01,aoml,2902391
aoml/2902391/profiles/D2902391_234.nc,20220216023722.0,11.768,54.863,I,854,AO,20230410093055,2022-02-16 02:37:22,aoml,2902391
aoml/2902391/profiles/D2902391_235.nc,20220225234044.0,11.057,54.928,I,854,AO,20230410093055,2022-02-25 23:40:44,aoml,2902391
aoml/2902391/profiles/D2902391_236.nc,20220307155156.0,10.836,55.575,I,854,AO,20230410093055,2022-03-07 15:51:56,aoml,2902391
aoml/2902391/profiles/D2902391_237.nc,20220317075244.0,11.325,55.875,I,854,AO,20230410093056,2022-03-17 07:52:44,aoml,2902391
aoml/2902391/profiles/D2902391_238.nc,20220326235256.0,12.401,56.756,I,854,AO,20230410093056,2022-03-26 23:52:56,aoml,2902391
aoml/2902391/profiles/D2902391_239.nc,20220405211825.0,12.374,57.697,I,854,AO,20230410093056,2022-04-05 21:18:25,aoml,2902391
aoml/2902391/profiles/D2902391_240.nc,20220415133021.0,12.248,58.261,I,854,AO,20230410093056,2022-04-15 13:30:21,aoml,2902391
aoml/2902391/profiles/D2902391_241.nc,20220425053021.0,12.762,58.414,I,854,AO,20230410093056,2022-04-25 05:30:21,aoml,2902391
aoml/2902391/profiles/D2902391_242.nc,20220504213418.0,13.442,58.182,I,854,AO,20230410093056,2022-05-04 21:34:18,aoml,2902391
aoml/2902391/profiles/D2902391_243.nc,20220514185730.0,14.042,57.667,I,854,AO,20230410093057,2022-05-14 18:57:30,aoml,2902391
aoml/2902391/profiles/D2902391_244.nc,20220524111212.0,14.541,56.968,I,854,AO,20230410093057,2022-05-24 11:12:12,aoml,2902391
aoml/2902391/profiles/D2902391_245.nc,20220603031942.0,14.98,56.351,I,854,AO,20230410093057,2022-06-03 03:19:42,aoml,2902391
aoml/2902391/profiles/D2902391_246.nc,20220612192642.0,15.26,56.062,I,854,AO,20230410093057,2022-06-12 19:26:42,aoml,2902391
aoml/2902391/profiles/D2902391_247.nc,20220622164232.0,15.238,55.834,I,854,AO,20230410093057,2022-06-22 16:42:32,aoml,2902391
aoml/2902391/profiles/D2902391_248.nc,20220702085907.0,15.011,55.489,I,854,AO,20230410093057,2022-07-02 08:59:07,aoml,2902391
aoml/2902391/profiles/D2902391_249.nc,20220712010605.0,14.823,55.174,I,854,AO,20230410093058,2022-07-12 01:06:05,aoml,2902391
aoml/2902391/profiles/D2902391_250.nc,20220721170855.0,14.793,54.913,I,854,AO,20230410093058,2022-07-21 17:08:55,aoml,2902391
aoml/2902391/profiles/D2902391_251.nc,20220731143658.0,14.716,54.762,I,854,AO,20230410093058,2022-07-31 14:36:58,aoml,2902391
aoml/2902391/profiles/D2902391_252.nc,20220810070115.0,14.704,54.977,I,854,AO,20230410093058,2022-08-10 07:01:15,aoml,2902391
aoml/2902391/profiles/D2902391_253.nc,20220819230854.0,14.893,55.381,I,854,AO,20230410093058,2022-08-19 23:08:54,aoml,2902391
aoml/2902391/profiles/D2902391_254.nc,20220829151912.0,15.485,55.362,I,854,AO,20230410093058,2022-08-29 15:19:12,aoml,2902391
aoml/2902391/profiles/D2902391_255.nc,20220908122320.0,16.033,55.567,I,854,AO,20230410093059,2022-09-08 12:23:20,aoml,2902391
aoml/2902391/profiles/D2902391_256.nc,20220918043504.0,15.852,54.966,I,854,AO,20230410093059,2022-09-18 04:35:04,aoml,2902391
aoml/2902391/profiles/D2902391_257.nc,20220927203916.0,16.433,55.047,I,854,AO,20230410093059,2022-09-27 20:39:16,aoml,2902391
aoml/2902391/profiles/D2902391_258.nc,20221007124220.0,16.79,54.598,I,854,AO,20230410093059,2022-10-07 12:42:20,aoml,2902391
aoml/2902391/profiles/D2902391_259.nc,20221017113148.0,16.945,55.239,I,854,AO,20250331150527,2022-10-17 11:31:48,aoml,2902391
aoml/2902391/profiles/D2902391_260.nc,20221027034321.0,17.413,55.703,I,854,AO,20250331150527,2022-10-27 03:43:21,aoml,2902391
aoml/2902391/profiles/D2902391_261.nc,20221105194600.0,17.409,56.878,I,854,AO,20250331150527,2022-11-05 19:46:00,aoml,2902391
aoml/2902391/profiles/D2902391_262.nc,20221115115025.0,16.891,57.347,I,854,AO,20250331150527,2022-11-15 11:50:25,aoml,2902391
aoml/2902391/profiles/D2902391_263.nc,20221125085230.0,15.986,57.407,I,854,AO,20250331150527,2022-11-25 08:52:30,aoml,2902391
aoml/2902391/profiles/D2902391_264.nc,20221205010135.0,15.793,58.373,I,854,AO,20250331150527,2022-12-05 01:01:35,aoml,2902391
aoml/2902391/profiles/D2902391_265.nc,20221214170651.0,16.315,58.908,I,854,AO,20250331150527,2022-12-14 17:06:51,aoml,2902391
aoml/2902391/profiles/D2902391_266.nc,20221224091807.0,17.122,58.639,I,854,AO,20250331150527,2022-12-24 09:18:07,aoml,2902391
aoml/2902391/profiles/D2902391_267.nc,20230103062627.0,17.823,58.472,I,854,AO,20250331150527,2023-01-03 06:26:27,aoml,2902391
aoml/2902391/profiles/D2902391_268.nc,20230112223652.0,18.11,58.668,I,854,AO,20250331150527,2023-01-12 22:36:52,aoml,2902391
aoml/2902391/profiles/D2902391_269.nc,20230122144110.0,17.766,59.331,I,854,AO,20250331150527,2023-01-22 14:41:10,aoml,2902391
aoml/2902391/profiles/D2902391_270.nc,20230201064421.0,17.113,60.003,I,854,AO,20250331150527,2023-02-01 06:44:21,aoml,2902391
aoml/2902391/profiles/D2902391_271.nc,20230211034310.0,16.704,60.433,I,854,AO,20250331150527,2023-02-11 03:43:10,aoml,2902391
aoml/2902391/profiles/D2902391_272.nc,20230220194657.0,16.841,60.597,I,854,AO,20250331150527,2023-02-20 19:46:57,aoml,2902391
aoml/2902391/profiles/D2902391_273.nc,20230302115256.0,17.056,60.606,I,854,AO,20250331150527,2023-03-02 11:52:56,aoml,2902391
aoml/2902391/profiles/D2902391_274.nc,20230312035749.0,17.244,60.423,I,854,AO,20250331150527,2023-03-12 03:57:49,aoml,2902391
aoml/2902391/profiles/D2902391_275.nc,20230322010009.0,17.543,60.322,I,854,AO,20260729094202,2023-03-22 01:00:09,aoml,2902391
aoml/2902391/profiles/D2902391_276.nc,20230331170045.0,18.079,60.107,I,854,AO,20260729094202,2023-03-31 17:00:45,aoml,2902391
aoml/2902391/profiles/D2902391_277.nc,20230410090450.0,18.529,59.827,I,854,AO,20250331150527,2023-04-10 09:04:50,aoml,2902391
aoml/2902391/profiles/D2902391_278.nc,20230420010309.0,19.198,59.692,I,854,AO,20250331150528,2023-04-20 01:03:09,aoml,2902391
aoml/2902391/profiles/D2902391_279.nc,20230429221058.0,19.641,59.74,I,854,AO,20250331150528,2023-04-29 22:10:58,aoml,2902391
aoml/2902391/profiles/D2902391_280.nc,20230509140933.0,19.861,59.745,I,854,AO,20250331150528,2023-05-09 14:09:33,aoml,2902391
aoml/2902391/profiles/D2902391_281.nc,20230519061546.0,20.099,59.973,I,854,AO,20250331150528,2023-05-19 06:15:46,aoml,2902391
aoml/2902391/profiles/D2902391_282.nc,20230528222202.0,20.242,59.802,I,854,AO,20250331150528,2023-05-28 22:22:02,aoml,2902391
aoml/2902391/profiles/D2902391_283.nc,20230607193126.0,20.929,60.104,I,854,AO,20250331150528,2023-06-07 19:31:26,aoml,2902391
aoml/2902391/profiles/D2902391_284.nc,20230617113500.0,21.257,60.589,I,854,AO,20250331150528,2023-06-17 11:35:00,aoml,2902391
aoml/2902391/profiles/D2902391_285.nc,20230627033619.0,21.152,60.318,I,854,AO,20250331150528,2023-06-27 03:36:19,aoml,2902391
aoml/2902391/profiles/D2902391_286.nc,20230706194404.0,21.873,60.243,I,854,AO,20250331150528,2023-07-06 19:44:04,aoml,2902391
aoml/2902391/profiles/D2902391_287.nc,20230716170837.0,22.259,61.552,I,854,AO,20250331150528,2023-07-16 17:08:37,aoml,2902391
aoml/2902391/profiles/D2902391_288.nc,20230726091048.0,21.444,61.505,I,854,AO,20250331150528,2023-07-26 09:10:48,aoml,2902391
aoml/2902391/profiles/D2902391_289.nc,20230805012000.0,21.322,60.195,I,854,AO,20250331150528,2023-08-05 01:20:00,aoml,2902391
aoml/2902391/profiles/D2902391_290.nc,20230814172429.0,21.168,59.972,I,854,AO,20250331150528,2023-08-14 17:24:29,aoml,2902391
aoml/2902391/profiles/D2902391_291.nc,20230824145308.0,21.095,59.943,I,854,AO,20250331150528,2023-08-24 14:53:08,aoml,2902391
aoml/2902391/profiles/D2902391_292.nc,20230903065635.0,20.786,59.73,I,854,AO,20250331150528,2023-09-03 06:56:35,aoml,2902391
aoml/2902391/profiles/D2902391_293.nc,20230912225953.0,19.937,59.405,I,854,AO,20250331150528,2023-09-12 22:59:53,aoml,2902391
aoml/2902391/profiles/D2902391_294.nc,20230922150739.0,19.623,59.619,I,854,AO,20250331150528,2023-09-22 15:07:39,aoml,2902391
aoml/2902391/profiles/D2902391_295.nc,20231002123912.0,20.056,59.424,I,854,AO,20250331150528,2023-10-02 12:39:12,aoml,2902391
aoml/2902391/profiles/D2902391_296.nc,20231012043430.0,19.31,58.687,I,854,AO,20250331150528,2023-10-12 04:34:30,aoml,2902391
aoml/2902391/profiles/D2902391_297.nc,20231021203232.0,18.528,59.521,I,854,AO,20250331150528,2023-10-21 20:32:32,aoml,2902391
aoml/2902391/profiles/D2902391_298.nc,20231031122845.0,19.228,59.773,I,854,AO,20250331150528,2023-10-31 12:28:45,aoml,2902391
aoml/2902391/profiles/D2902391_299.nc,20231110101628.0,19.316,59.93,I,854,AO,20250331150528,2023-11-10 10:16:28,aoml,2902391
aoml/2902391/profiles/D2902391_300.nc,20231120022048.0,19.361,60.26,I,854,AO,20250331150528,2023-11-20 02:20:48,aoml,2902391
aoml/2902391/profiles/D2902391_301.nc,20231129182309.0,19.105,60.12,I,854,AO,20250331150528,2023-11-29 18:23:09,aoml,2902391
aoml/2902391/profiles/D2902391_302.nc,20231209102150.0,18.924,59.611,I,854,AO,20250331150528,2023-12-09 10:21:50,aoml,2902391
aoml/2902391/profiles/D2902391_303.nc,20231219074845.0,18.601,59.151,I,854,AO,20250331150528,2023-12-19 07:48:45,aoml,2902391
aoml/2902391/profiles/D2902391_304.nc,20231228235558.0,18.577,58.672,I,854,AO,20250331150528,2023-12-28 23:55:58,aoml,2902391
aoml/2902392/profiles/D2902392_232.nc,20220106160104.0,6.614,61.212,I,854,AO,20250401113811,2022-01-06 16:01:04,aoml,2902392
aoml/2902392/profiles/D2902392_233.nc,20220116121756.0,6.627,60.67,I,854,AO,20250401113811,2022-01-16 12:17:56,aoml,2902392
aoml/2902392/profiles/D2902392_234.nc,20220126081148.0,6.346,59.934,I,854,AO,20250401113811,2022-01-26 08:11:48,aoml,2902392
aoml/2902392/profiles/D2902392_235.nc,20220205043119.0,5.572,58.939,I,854,AO,20250401113811,2022-02-05 04:31:19,aoml,2902392
aoml/2902392/profiles/D2902392_236.nc,20220215003502.0,5.044,57.885,I,854,AO,20250401113811,2022-02-15 00:35:02,aoml,2902392
aoml/2902392/profiles/D2902392_237.nc,20220224204528.0,5.071,57.265,I,854,AO,20250401113812,2022-02-24 20:45:28,aoml,2902392
aoml/2902392/profiles/D2902392_238.nc,20220306165136.0,5.129,56.769,I,854,AO,20250401113812,2022-03-06 16:51:36,aoml,2902392
aoml/2902392/profiles/D2902392_239.nc,20220316125351.0,5.001,56.376,I,854,AO,20250401113812,2022-03-16 12:53:51,aoml,2902392
aoml/2902392/profiles/D2902392_241.nc,20220405050512.0,5.186,55.331,I,854,AO,20250401113812,2022-04-05 05:05:12,aoml,2902392
aoml/2902392/profiles/D2902392_242.nc,20220415011243.0,5.728,54.428,I,854,AO,20250401113812,2022-04-15 01:12:43,aoml,2902392
aoml/2902392/profiles/D2902392_243.nc,20220424212149.0,6.004,53.583,I,854,AO,20250401113812,2022-04-24 21:21:49,aoml,2902392
aoml/2902392/profiles/D2902392_244.nc,20220504172617.0,6.195,53.087,I,854,AO,20250401113813,2022-05-04 17:26:17,aoml,2902392
aoml/2902392/profiles/D2902392_245.nc,20220514132853.0,6.353,52.83,I,854,AO,20250401113813,2022-05-14 13:28:53,aoml,2902392
aoml/2902392/profiles/D2902392_246.nc,20220524093354.0,6.205,52.73,I,854,AO,20250401113813,2022-05-24 09:33:54,aoml,2902392
aoml/2902392/profiles/D2902392_247.nc,20220603055139.0,5.665,53.138,I,854,AO,20250401113813,2022-06-03 05:51:39,aoml,2902392
aoml/2902392/profiles/D2902392_248.nc,20220613014835.0,5.649,53.663,I,854,AO,20250401113813,2022-06-13 01:48:35,aoml,2902392
aoml/2902392/profiles/D2902392_249.nc,20220622215118.0,6.343,53.641,I,854,AO,20250401113813,2022-06-22 21:51:18,aoml,2902392
aoml/2902392/profiles/D2902392_250.nc,20220702174834.0,6.753,53.48,I,854,AO,20250401113814,2022-07-02 17:48:34,aoml,2902392
aoml/2902392/profiles/D2902392_251.nc,20220712134423.0,6.701,53.557,I,854,AO,20250401113814,2022-07-12 13:44:23,aoml,2902392
aoml/2902392/profiles/D2902392_252.nc,20220722094347.0,6.314,53.948,I,854,AO,20250401113814,2022-07-22 09:43:47,aoml,2902392
aoml/2902392/profiles/D2902392_253.nc,20220801055244.0,5.402,54.25,I,854,AO,20250401113814,2022-08-01 05:52:44,aoml,2902392
aoml/2902392/profiles/D2902392_254.nc,20220811013522.0,5.724,54.494,I,854,AO,20250401113814,2022-08-11 01:35:22,aoml,2902392
aoml/2902392/profiles/D2902392_255.nc,20220820212725.0,6.528,55.067,I,854,AO,20250401113814,2022-08-20 21:27:25,aoml,2902392
aoml/2902392/profiles/D2902392_256.nc,20220830173151.0,6.139,55.727,I,854,AO,20250401113814,2022-08-30 17:31:51,aoml,2902392
aoml/2902392/profiles/D2902392_257.nc,20220909132859.0,6.122,55.418,I,854,AO,20250401113815,2022-09-09 13:28:59,aoml,2902392
aoml/2902392/profiles/D2902392_258.nc,20220919092239.0,5.38,54.958,I,854,AO,20250401113815,2022-09-19 09:22:39,aoml,2902392
aoml/2902392/profiles/D2902392_261.nc,20221018211356.0,6.2,54.672,I,854,AO,20250401113815,2022-10-18 21:13:56,aoml,2902392
aoml/2902392/profiles/D2902392_262.nc,20221028171018.0,7.183,55.316,I,854,AO,20250401113815,2022-10-28 17:10:18,aoml,2902392
aoml/2902392/profiles/D2902392_263.nc,20221107131323.0,6.425,55.881,I,854,AO,20250401113816,2022-11-07 13:13:23,aoml,2902392
aoml/2902392/profiles/D2902392_264.nc,20221117090909.0,6.011,56.231,I,854,AO,20250401113816,2022-11-17 09:09:09,aoml,2902392
aoml/2902392/profiles/D2902392_265.nc,20221127045735.0,6.216,56.367,I,854,AO,20250401113816,2022-11-27 04:57:35,aoml,2902392
aoml/2902392/profiles/D2902392_266.nc,20221207010308.0,6.976,55.799,I,854,AO,20250401113816,2022-12-07 01:03:08,aoml,2902392
aoml/2902392/profiles/D2902392_267.nc,20221216211330.0,7.71,55.037,I,854,AO,20250401113816,2022-12-16 21:13:30,aoml,2902392
aoml/2902392/profiles/D2902392_268.nc,20221226171454.0,8.172,55.38,I,854,AO,20250401113816,2022-12-26 17:14:54,aoml,2902392
aoml/2902392/profiles/D2902392_269.nc,20230105130721.0,7.765,56.702,I,854,AO,20250401113817,2023-01-05 13:07:21,aoml,2902392
aoml/2902392/profiles/D2902392_270.nc,20230115085709.0,7.391,57.211,I,854,AO,20250401113817,2023-01-15 08:57:09,aoml,2902392
aoml/2902392/profiles/D2902392_271.nc,20230125045018.0,7.416,57.173,I,854,AO,20250401113817,2023-01-25 04:50:18,aoml,2902392
aoml/2902392/profiles/D2902392_272.nc,20230204005358.0,7.261,56.743,I,854,AO,20250401113817,2023-02-04 00:53:58,aoml,2902392
aoml/2902392/profiles/D2902392_273.nc,20230213204119.0,7.058,56.235,I,854,AO,20250401113817,2023-02-13 20:41:19,aoml,2902392
aoml/2902392/profiles/D2902392_274.nc,20230223163826.0,6.945,55.485,I,854,AO,20250401113817,2023-02-23 16:38:26,aoml,2902392
aoml/2902392/profiles/D2902392_275.nc,20230305123619.0,7.1,54.553,I,854,AO,20250401113817,2023-03-05 12:36:19,aoml,2902392
aoml/2902392/profiles/D2902392_276.nc,20230315083432.0,7.481,53.632,I,854,AO,20250401113818,2023-03-15 08:34:32,aoml,2902392
aoml/2902392/profiles/D2902392_277.nc,20230325043745.0,8.094,53.084,I,854,AO,20250401113818,2023-03-25 04:37:45,aoml,2902392
aoml/2902392/profiles/D2902392_278.nc,20230404004033.0,8.917,52.408,I,854,AO,20250401113818,2023-04-04 00:40:33,aoml,2902392
aoml/2902392/profiles/D2902392_279.nc,20230413204324.0,10.155,52.974,I,854,AO,20250401113818,2023-04-13 20:43:24,aoml,2902392
aoml/2902392/profiles/D2902392_280.nc,20230423164631.0,9.434,52.985,I,854,AO,20250401113818,2023-04-23 16:46:31,aoml,2902392
aoml/2902392/profiles/D2902392_281.nc,20230503215534.0,10.606,52.889,I,854,AO,20250401113818,2023-05-03 21:55:34,aoml,2902392
aoml/2902392/profiles/D2902392_282.nc,20230513174210.0,9.277,54.429,I,854,AO,20250401113819,2023-05-13 17:42:10,aoml,2902392
aoml/2902392/profiles/D2902392_283.nc,20230523134012.0,8.105,53.209,I,854,AO,20250401113819,2023-05-23 13:40:12,aoml,2902392
aoml/2902392/profiles/D2902392_284.nc,20230602095140.0,7.982,51.748,I,854,AO,20250401113819,2023-06-02 09:51:40,aoml,2902392
aoml/2902392/profiles/D2902392_285.nc,20230612060527.0,8.202,51.059,I,854,AO,20250401113819,2023-06-12 06:05:27,aoml,2902392
aoml/2902392/profiles/D2902392_286.nc,20230622020748.0,8.732,51.093,I,854,AO,20250401113819,2023-06-22 02:07:48,aoml,2902392
aoml/2902392/profiles/D2902392_287.nc,20230702001541.0,9.947,51.876,I,854,AO,20250401113819,2023-07-02 00:15:41,aoml,2902392
aoml/2902392/profiles/D2902392_288.nc,20230711202953.0,9.795,53.618,I,854,AO,20250401113820,2023-07-11 20:29:53,aoml,2902392
aoml/2902392/profiles/D2902392_289.nc,20230721163806.0,9.171,52.895,I,854,AO,20250401113820,2023-07-21 16:38:06,aoml,2902392
aoml/2902392/profiles/D2902392_290.nc,20230731124232.0,9.98,52.548,I,854,AO,20250401113820,2023-07-31 12:42:32,aoml,2902392
aoml/2902392/profiles/D2902392_291.nc,20230810083654.0,9.226,53.907,I,854,AO,20250401113820,2023-08-10 08:36:54,aoml,2902392
aoml/2902392/profiles/D2902392_292.nc,20230820043447.0,8.295,53.454,I,854,AO,20250401113820,2023-08-20 04:34:47,aoml,2902392
aoml/2902392/profiles/D2902392_293.nc,20230830003428.0,7.666,53.349,I,854,AO,20250401113820,2023-08-30 00:34:28,aoml,2902392
aoml/2902392/profiles/D2902392_294.nc,20230908203651.0,7.225,53.49,I,854,AO,20250401113821,2023-09-08 20:36:51,aoml,2902392
aoml/2902392/profiles/D2902392_295.nc,20230918163013.0,7.55,54.455,I,854,AO,20250401113821,2023-09-18 16:30:13,aoml,2902392
aoml/2902392/profiles/D2902392_296.nc,20230928122638.0,8.362,55.467,I,854,AO,20250401113821,2023-09-28 12:26:38,aoml,2902392
aoml/2902392/profiles/D2902392_297.nc,20231008082848.0,9.356,54.804,I,854,AO,20250401113821,2023-10-08 08:28:48,aoml,2902392
aoml/2902392/profiles/D2902392_298.nc,20231018042059.0,10.305,55.124,I,854,AO,20250401113821,2023-10-18 04:20:59,aoml,2902392
aoml/2902392/profiles/D2902392_299.nc,20231028003602.0,10.617,56.05,I,854,AO,20250401113821,2023-10-28 00:36:02,aoml,2902392
aoml/2902392/profiles/D2902392_300.nc,20231106203404.0,8.656,55.62,I,854,AO,20250401113821,2023-11-06 20:34:04,aoml,2902392
aoml/2902392/profiles/D2902392_301.nc,20231116165104.0,8.085,56.608,I,854,AO,20250401113822,2023-11-16 16:51:04,aoml,2902392
aoml/2902392/profiles/D2902392_302.nc,20231126125149.0,8.643,57.829,I,854,AO,20250401113822,2023-11-26 12:51:49,aoml,2902392
aoml/2902392/profiles/D2902392_303.nc,20231206090040.0,8.306,58.821,I,854,AO,20250401113822,2023-12-06 09:00:40,aoml,2902392
aoml/2902392/profiles/D2902392_304.nc,20231216050154.0,8.67,59.697,I,854,AO,20250401113822,2023-12-16 05:01:54,aoml,2902392
aoml/2902392/profiles/D2902392_305.nc,20231226011547.0,9.906,60.398,I,854,AO,20250401113822,2023-12-26 01:15:47,aoml,2902392
aoml/2902394/profiles/D2902394_228.nc,20220105085401.0,11.98,80.224,I,854,AO,20230110160246,2022-01-05 08:54:01,aoml,2902394
aoml/2902394/profiles/D2902394_229.nc,20220115012042.0,12.059,80.302,I,854,AO,20230110160246,2022-01-15 01:20:42,aoml,2902394
aoml/2902394/profiles/D2902394_230.nc,20220124174459.0,12.109,80.29,I,854,AO,20230110160246,2022-01-24 17:44:59,aoml,2902394
aoml/2902394/profiles/D2902394_231.nc,20220203100540.0,12.103,80.325,I,854,AO,20230110160246,2022-02-03 10:05:40,aoml,2902394
aoml/2902394/profiles/D2902394_232.nc,20220213090201.0,12.133,80.343,I,854,AO,20230110160246,2022-02-13 09:02:01,aoml,2902394
aoml/2902394/profiles/D2902394_233.nc,20220223011635.0,12.072,80.285,I,854,AO,20230110160246,2022-02-23 01:16:35,aoml,2902394
aoml/2902394/profiles/D2902394_234.nc,20220304173450.0,11.99,80.241,I,854,AO,20230110160247,2022-03-04 17:34:50,aoml,2902394
aoml/2902394/profiles/D2902394_235.nc,20220314095349.0,11.829,80.209,I,854,AO,20230110160247,2022-03-14 09:53:49,aoml,2902394
aoml/2902394/profiles/D2902394_236.nc,20220324075114.0,11.429,80.145,I,854,AO,20230110160247,2022-03-24 07:51:14,aoml,2902394
aoml/2902394/profiles/D2902394_237.nc,20220402235240.0,11.413,80.096,I,854,AO,20230110160247,2022-04-02 23:52:40,aoml,2902394
aoml/2902394/profiles/D2902394_238.nc,20220412161508.0,11.421,80.103,I,854,AO,20230110160247,2022-04-12 16:15:08,aoml,2902394
aoml/2902394/profiles/D2902394_239.nc,20220422083449.0,11.441,80.107,I,854,AO,20230110160247,2022-04-22 08:34:49,aoml,2902394
aoml/2902394/profiles/D2902394_240.nc,20220502062559.0,11.455,80.121,I,854,AO,20230110160247,2022-05-02 06:25:59,aoml,2902394
aoml/2902394/profiles/D2902394_241.nc,20220511224219.0,11.446,80.203,I,854,AO,20230110160247,2022-05-11 22:42:19,aoml,2902394
aoml/2902394/profiles/D2902394_242.nc,20220521150636.0,10.279,80.935,I,854,AO,20230110160247,2022-05-21 15:06:36,aoml,2902394
aoml/2902394/profiles/D2902394_243.nc,20220531072513.0,9.115,81.504,I,854,AO,20230110160248,2022-05-31 07:25:13,aoml,2902394
aoml/2902394/profiles/D2902394_244.nc,20220610060408.0,8.776,81.678,I,854,AO,20230110160248,2022-06-10 06:04:08,aoml,2902394
aoml/2902394/profiles/D2902394_245.nc,20220619222610.0,9.473,83.936,I,854,AO,20230110160248,2022-06-19 22:26:10,aoml,2902394
aoml/2902394/profiles/D2902394_246.nc,20220629143701.0,9.439,84.684,I,854,AO,20230110160248,2022-06-29 14:37:01,aoml,2902394
aoml/2902394/profiles/D2902394_247.nc,20220709064807.0,10.721,83.618,I,854,AO,20230110160248,2022-07-09 06:48:07,aoml,2902394
aoml/2902394/profiles/D2902394_248.nc,20220719054459.0,10.684,84.221,I,854,AO,20230110160248,2022-07-19 05:44:59,aoml,2902394
aoml/2902394/profiles/D2902394_249.nc,20220728221006.0,9.917,84.204,I,854,AO,20230110160248,2022-07-28 22:10:06,aoml,2902394
aoml/2902394/profiles/D2902394_250.nc,20220807143235.0,9.692,83.994,I,854,AO,20230110160248,2022-08-07 14:32:35,aoml,2902394
aoml/2902394/profiles/D2902394_251.nc,20220817065355.0,9.75,83.43,I,854,AO,20230110160248,2022-08-17 06:53:55,aoml,2902394
aoml/2902394/profiles/D2902394_252.nc,20220827051756.0,10.159,83.025,I,854,AO,20230110160249,2022-08-27 05:17:56,aoml,2902394
aoml/2902394/profiles/D2902394_253.nc,20220905214059.0,11.357,83.04,I,854,AO,20230110160249,2022-09-05 21:40:59,aoml,2902394
aoml/2902394/profiles/D2902394_254.nc,20220915135645.0,11.927,82.997,I,854,AO,20230110160249,2022-09-15 13:56:45,aoml,2902394
aoml/2902394/profiles/D2902394_255.nc,20220925062446.0,12.153,83.631,I,854,AO,20230110160249,2022-09-25 06:24:46,aoml,2902394
aoml/2902394/profiles/D2902394_256.nc,20221005045657.0,12.09,83.831,I,854,AO,20230110160249,2022-10-05 04:56:57,aoml,2902394
aoml/2902394/profiles/D2902394_257.nc,20221014211807.0,11.834,83.669,I,854,AO,20230110160249,2022-10-14 21:18:07,aoml,2902394
aoml/2902394/profiles/D2902394_258.nc,20221024134115.0,11.642,83.354,I,854,AO,20230110160249,2022-10-24 13:41:15,aoml,2902394
aoml/2902394/profiles/D2902394_259.nc,20221103060717.0,11.676,83.303,I,854,AO,20230110160249,2022-11-03 06:07:17,aoml,2902394
aoml/2902394/profiles/D2902394_260.nc,20221113045011.0,11.674,83.645,I,854,AO,20230110160250,2022-11-13 04:50:11,aoml,2902394
aoml/2902394/profiles/D2902394_261.nc,20221122211335.0,11.388,84.133,I,854,AO,20230110160250,2022-11-22 21:13:35,aoml,2902394
aoml/2902394/profiles/D2902394_262.nc,20221202132933.0,11.291,84.533,I,854,AO,20230110160250,2022-12-02 13:29:33,aoml,2902394
aoml/2902394/profiles/D2902394_263.nc,20221212054537.0,11.288,84.821,I,854,AO,20230110160250,2022-12-12 05:45:37,aoml,2902394
aoml/2902394/profiles/D2902394_264.nc,20221222043528.0,11.481,84.911,I,854,AO,20230110160250,2022-12-22 04:35:28,aoml,2902394
aoml/2902394/profiles/D2902394_265.nc,20221231205623.0,11.429,85.307,I,854,AO,20250326173354,2022-12-31 20:56:23,aoml,2902394
aoml/2902394/profiles/D2902394_266.nc,20230110132310.0,11.129,85.8,I,854,AO,20250326173354,2023-01-10 13:23:10,aoml,2902394
aoml/2902394/profiles/D2902394_267.nc,20230120054655.0,11.151,86.074,I,854,AO,20250326173354,2023-01-20 05:46:55,aoml,2902394
aoml/2902394/profiles/D2902394_268.nc,20230130043808.0,11.403,85.995,I,854,AO,20250326173354,2023-01-30 04:38:08,aoml,2902394
aoml/2902394/profiles/D2902394_269.nc,20230208211112.0,11.648,85.917,I,854,AO,20250326173354,2023-02-08 21:11:12,aoml,2902394
aoml/2902394/profiles/D2902394_270.nc,20230218133415.0,11.393,85.294,I,854,AO,20250326173354,2023-02-18 13:34:15,aoml,2902394
aoml/2902394/profiles/D2902394_271.nc,20230228055405.0,11.326,84.778,I,854,AO,20250326173354,2023-02-28 05:54:05,aoml,2902394
aoml/2902394/profiles/D2902394_272.nc,20230310044856.0,11.262,84.181,I,854,AO,20250326173354,2023-03-10 04:48:56,aoml,2902394
aoml/2902394/profiles/D2902394_273.nc,20230319211539.0,11.091,83.612,I,854,AO,20250326173354,2023-03-19 21:15:39,aoml,2902394
aoml/2902394/profiles/D2902394_274.nc,20230329133556.0,10.84,82.882,I,854,AO,20250326173354,2023-03-29 13:35:56,aoml,2902394
aoml/2902394/profiles/D2902394_275.nc,20230408055234.0,10.624,82.158,I,854,AO,20250326173354,2023-04-08 05:52:34,aoml,2902394
aoml/2902394/profiles/D2902394_276.nc,20230418045102.0,10.412,81.773,I,854,AO,20250326173354,2023-04-18 04:51:02,aoml,2902394
aoml/2902394/profiles/D2902394_277.nc,20230427211817.0,10.345,81.187,I,854,AO,20250326173354,2023-04-27 21:18:17,aoml,2902394
aoml/2902394/profiles/D2902394_278.nc,20230507132606.0,9.709,81.118,I,854,AO,20250326173355,2023-05-07 13:26:06,aoml,2902394
aoml/2902394/profiles/D2902394_279.nc,20230517053806.0,7.993,82.213,I,854,AO,20250326173355,2023-05-17 05:38:06,aoml,2902394
aoml/2902394/profiles/D2902394_280.nc,20230527041622.0,8.966,82.846,I,854,AO,20250326173355,2023-05-27 04:16:22,aoml,2902394
aoml/2902394/profiles/D2902394_281.nc,20230605204748.0,10.013,83.133,I,854,AO,20250326173355,2023-06-05 20:47:48,aoml,2902394
aoml/2902394/profiles/D2902394_282.nc,20230615130309.0,10.176,83.881,I,854,AO,20250326173355,2023-06-15 13:03:09,aoml,2902394
aoml/2902394/profiles/D2902394_283.nc,20230625051639.0,8.9,84.03,I,854,AO,20250326173355,2023-06-25 05:16:39,aoml,2902394
aoml/2902394/profiles/D2902394_284.nc,20230705041802.0,8.746,82.303,I,854,AO,20250326173355,2023-07-05 04:18:02,aoml,2902394
aoml/2902394/profiles/D2902394_285.nc,20230714203329.0,10.419,81.752,I,854,AO,20250326173355,2023-07-14 20:33:29,aoml,2902394
aoml/2902394/profiles/D2902394_286.nc,20230724124832.0,9.949,82.904,I,854,AO,20250326173355,2023-07-24 12:48:32,aoml,2902394
aoml/2902394/profiles/D2902394_287.nc,20230803050907.0,8.981,83.34,I,854,AO,20250326173355,2023-08-03 05:09:07,aoml,2902394
aoml/2902394/profiles/D2902394_288.nc,20230813040208.0,8.594,83.516,I,854,AO,20250326173355,2023-08-13 04:02:08,aoml,2902394
aoml/2902394/profiles/D2902394_289.nc,20230822201551.0,8.101,83.427,I,854,AO,20250326173355,2023-08-22 20:15:51,aoml,2902394
aoml/2902394/profiles/D2902394_290.nc,20230901123552.0,7.643,83.243,I,854,AO,20250326173355,2023-09-01 12:35:52,aoml,2902394
aoml/2902394/profiles/D2902394_291.nc,20230911045859.0,7.467,83.207,I,854,AO,20250326173355,2023-09-11 04:58:59,aoml,2902394
aoml/2902394/profiles/D2902394_292.nc,20230921041006.0,7.473,83.441,I,854,AO,20250326173355,2023-09-21 04:10:06,aoml,2902394
aoml/2902394/profiles/D2902394_293.nc,20230930204107.0,7.25,83.782,I,854,AO,20250326173355,2023-09-30 20:41:07,aoml,2902394
aoml/2902394/profiles/D2902394_294.nc,20231010131413.0,7.084,84.12,I,854,AO,20250326173355,2023-10-10 13:14:13,aoml,2902394
aoml/2902394/profiles/D2902394_295.nc,20231020054306.0,7.282,84.484,I,854,AO,20250326173355,2023-10-20 05:43:06,aoml,2902394
aoml/2902394/profiles/D2902394_296.nc,20231030044911.0,7.776,84.853,I,854,AO,20250326173355,2023-10-30 04:49:11,aoml,2902394
aoml/2902394/profiles/D2902394_297.nc,20231108211208.0,8.124,85.291,I,854,AO,20250326173355,2023-11-08 21:12:08,aoml,2902394
aoml/2902394/profiles/D2902394_298.nc,20231118132314.0,8.279,85.54,I,854,AO,20250326173355,2023-11-18 13:23:14,aoml,2902394
aoml/2902394/profiles/D2902394_299.nc,20231128053628.0,8.339,85.549,I,854,AO,20250326173355,2023-11-28 05:36:28,aoml,2902394
aoml/2902394/profiles/D2902394_300.nc,20231208051445.0,8.586,85.487,I,854,AO,20250326173355,2023-12-08 05:14:45,aoml,2902394
aoml/2902394/profiles/D2902394_301.nc,20231217214015.0,8.908,85.344,I,854,AO,20250326173355,2023-12-17 21:40:15,aoml,2902394
aoml/2902394/profiles/D2902394_302.nc,20231227140143.0,9.34,85.151,I,854,AO,20250326173355,2023-12-27 14:01:43,aoml,2902394
aoml/2903132/profiles/D2903132_177.nc,20230205145806.0,5.049,91.925,I,854,AO,20250326125800,2023-02-05 14:58:06,aoml,2903132
aoml/2903132/profiles/D2903132_178.nc,20230215121509.0,5.102,91.907,I,854,AO,20250326125800,2023-02-15 12:15:09,aoml,2903132
aoml/2903137/profiles/D2903137_000.nc,20221205171109.0,10.953,62.022,I,854,AO,20260813143742,2022-12-05 17:11:09,aoml,2903137
aoml/2903137/profiles/D2903137_001.nc,20221206032401.0,10.925,62.021,I,854,AO,20260813143742,2022-12-06 03:24:01,aoml,2903137
aoml/2903137/profiles/D2903137_002.nc,20221207132505.0,10.845,62.038,I,854,AO,20260813143743,2022-12-07 13:25:05,aoml,2903137
aoml/2903137/profiles/D2903137_003.nc,20221208231102.0,10.775,62.066,I,854,AO,20260813143743,2022-12-08 23:11:02,aoml,2903137
aoml/2903137/profiles/D2903137_004.nc,20221210084726.0,10.704,62.069,I,854,AO,20260813143743,2022-12-10 08:47:26,aoml,2903137
aoml/2903137/profiles/D2903137_005.nc,20221220152749.0,10.447,62.253,I,854,AO,20260813143743,2022-12-20 15:27:49,aoml,2903137
aoml/2903137/profiles/D2903137_006.nc,20221230221558.0,10.559,62.439,I,854,AO,20260813143744,2022-12-30 22:15:58,aoml,2903137
aoml/2903137/profiles/D2903137_007.nc,20230110045952.0,10.881,62.457,I,854,AO,20260813143744,2023-01-10 04:59:52,aoml,2903137
aoml/2903137/profiles/D2903137_008.nc,20230120113008.0,11.234,62.319,I,854,AO,20260813143744,2023-01-20 11:30:08,aoml,2903137
aoml/2903137/profiles/D2903137_009.nc,20230130180318.0,11.387,62.2,I,854,AO,20260813143744,2023-01-30 18:03:18,aoml,2903137
aoml/2903137/profiles/D2903137_010.nc,20230210004258.0,11.438,62.175,I,854,AO,20260813143745,2023-02-10 00:42:58,aoml,2903137
aoml/2903137/profiles/D2903137_011.nc,20230220065938.0,11.386,62.125,I,854,AO,20260813143745,2023-02-20 06:59:38,aoml,2903137
aoml/2903137/profiles/D2903137_012.nc,20230302133314.0,11.326,62.085,I,854,AO,20260813143745,2023-03-02 13:33:14,aoml,2903137
aoml/2903137/profiles/D2903137_013.nc,20230312200243.0,11.451,62.096,I,854,AO,20260813143745,2023-03-12 20:02:43,aoml,2903137
aoml/2903137/profiles/D2903137_014.nc,20230323022811.0,11.777,62.07,I,854,AO,20260813143746,2023-03-23 02:28:11,aoml,2903137
aoml/2903137/profiles/D2903137_015.nc,20230402090104.0,12.183,62.019,I,854,AO,20260813143746,2023-04-02 09:01:04,aoml,2903137
aoml/2903137/profiles/D2903137_016.nc,20230412153313.0,12.452,62.068,I,854,AO,20260813143746,2023-04-12 15:33:13,aoml,2903137
aoml/2903137/profiles/D2903137_017.nc,20230422220451.0,12.477,62.134,I,854,AO,20260813143746,2023-04-22 22:04:51,aoml,2903137
aoml/2903137/profiles/D2903137_018.nc,20230503043647.0,12.262,62.109,I,854,AO,20260813143747,2023-05-03 04:36:47,aoml,2903137
aoml/2903137/profiles/D2903137_019.nc,20230513110326.0,11.924,61.985,I,854,AO,20260813143747,2023-05-13 11:03:26,aoml,2903137
aoml/2903137/profiles/D2903137_020.nc,20230523172207.0,11.602,61.867,I,854,AO,20260813143747,2023-05-23 17:22:07,aoml,2903137
aoml/2903137/profiles/D2903137_021.nc,20230602234534.0,11.359,61.761,I,854,AO,20260813143747,2023-06-02 23:45:34,aoml,2903137
aoml/2903137/profiles/D2903137_022.nc,20230613061516.0,11.204,61.598,I,854,AO,20260813143748,2023-06-13 06:15:16,aoml,2903137
aoml/2903137/profiles/D2903137_023.nc,20230623124215.0,11.078,61.338,I,854,AO,20260813143748,2023-06-23 12:42:15,aoml,2903137
aoml/2903137/profiles/D2903137_024.nc,20230703191437.0,11.023,60.96,I,854,AO,20260813143748,2023-07-03 19:14:37,aoml,2903137
aoml/2903137/profiles/D2903137_025.nc,20230714020119.0,11.094,60.556,I,854,AO,20260813143748,2023-07-14 02:01:19,aoml,2903137
aoml/2903137/profiles/D2903137_026.nc,20230724083243.0,11.076,60.287,I,854,AO,20260813143748,2023-07-24 08:32:43,aoml,2903137
aoml/2903137/profiles/D2903137_027.nc,20230803145706.0,10.857,60.08,I,854,AO,20260813143749,2023-08-03 14:57:06,aoml,2903137
aoml/2903137/profiles/D2903137_028.nc,20230813213851.0,10.683,59.884,I,854,AO,20260813143749,2023-08-13 21:38:51,aoml,2903137
aoml/2903137/profiles/D2903137_029.nc,20230824041105.0,10.595,59.608,I,854,AO,20260813143749,2023-08-24 04:11:05,aoml,2903137
aoml/2903137/profiles/D2903137_030.nc,20230903103324.0,10.141,59.414,I,854,AO,20260813143749,2023-09-03 10:33:24,aoml,2903137
aoml/2903137/profiles/D2903137_031.nc,20230913165413.0,9.872,59.127,I,854,AO,20260813143750,2023-09-13 16:54:13,aoml,2903137
aoml/2903137/profiles/D2903137_032.nc,20230923235324.0,10.152,58.58,I,854,AO,20260813143750,2023-09-23 23:53:24,aoml,2903137
aoml/2903137/profiles/D2903137_033.nc,20231004062545.0,10.576,57.93,I,854,AO,20260813143750,2023-10-04 06:25:45,aoml,2903137
aoml/2903137/profiles/D2903137_034.nc,20231014130440.0,10.842,57.626,I,854,AO,20260813143750,2023-10-14 13:04:40,aoml,2903137
aoml/2903137/profiles/D2903137_035.nc,20231024192650.0,10.096,57.244,I,854,AO,20260813143751,2023-10-24 19:26:50,aoml,2903137
aoml/2903137/profiles/D2903137_036.nc,20231104020121.0,8.879,56.812,I,854,AO,20260813143751,2023-11-04 02:01:21,aoml,2903137
aoml/2903137/profiles/D2903137_037.nc,20231114084640.0,9.031,57.158,I,854,AO,20260813143751,2023-11-14 08:46:40,aoml,2903137
aoml/2903137/profiles/D2903137_038.nc,20231124151256.0,9.787,57.457,I,854,AO,20260813143751,2023-11-24 15:12:56,aoml,2903137
aoml/2903137/profiles/D2903137_039.nc,20231204213532.0,9.75,57.924,I,854,AO,20260813143751,2023-12-04 21:35:32,aoml,2903137
aoml/2903137/profiles/D2903137_040.nc,20231215042217.0,9.161,58.317,I,854,AO,20260813143752,2023-12-15 04:22:17,aoml,2903137
aoml/2903137/profiles/D2903137_041.nc,20231225104450.0,9.036,58.478,I,854,AO,20260813143752,2023-12-25 10:44:50,aoml,2903137
aoml/2903138/profiles/D2903138_000.nc,20221207054005.0,5.821,68.04,I,854,AO,20260813114624,2022-12-07 05:40:05,aoml,2903138
aoml/2903138/profiles/D2903138_001.nc,20221207154753.0,5.827,68.031,I,854,AO,20260813114625,2022-12-07 15:47:53,aoml,2903138
aoml/2903138/profiles/D2903138_002.nc,20221209014150.0,5.784,67.994,I,854,AO,20260813114625,2022-12-09 01:41:50,aoml,2903138
aoml/2903138/profiles/D2903138_003.nc,20221210113748.0,5.77,68.016,I,854,AO,20260813114625,2022-12-10 11:37:48,aoml,2903138
aoml/2903138/profiles/D2903138_004.nc,20221211211842.0,5.72,68.001,I,854,AO,20260813114625,2022-12-11 21:18:42,aoml,2903138
aoml/2903138/profiles/D2903138_005.nc,20221222035929.0,5.574,67.966,I,854,AO,20260813114626,2022-12-22 03:59:29,aoml,2903138
aoml/2903138/profiles/D2903138_006.nc,20230101102139.0,5.636,68.172,I,854,AO,20260813114626,2023-01-01 10:21:39,aoml,2903138
aoml/2903138/profiles/D2903138_007.nc,20230111165055.0,5.737,68.782,I,854,AO,20260813114626,2023-01-11 16:50:55,aoml,2903138
aoml/2903138/profiles/D2903138_008.nc,20230121232105.0,6.182,69.37,I,854,AO,20260813114626,2023-01-21 23:21:05,aoml,2903138
aoml/2903138/profiles/D2903138_009.nc,20230201054410.0,6.11,69.816,I,854,AO,20260813114626,2023-02-01 05:44:10,aoml,2903138
aoml/2903138/profiles/D2903138_010.nc,20230211120817.0,5.467,69.906,I,854,AO,20260813114627,2023-02-11 12:08:17,aoml,2903138
aoml/2903138/profiles/D2903138_011.nc,20230221183404.0,5.632,69.853,I,854,AO,20260813114627,2023-02-21 18:34:04,aoml,2903138
aoml/2903138/profiles/D2903138_012.nc,20230304010010.0,6.3,69.868,I,854,AO,20260813114627,2023-03-04 01:00:10,aoml,2903138
aoml/2903138/profiles/D2903138_013.nc,20230314072035.0,6.651,69.957,I,854,AO,20260813114627,2023-03-14 07:20:35,aoml,2903138
aoml/2903138/profiles/D2903138_014.nc,20230324133633.0,6.797,70.174,I,854,AO,20260813114628,2023-03-24 13:36:33,aoml,2903138
aoml/2903138/profiles/D2903138_015.nc,20230403200042.0,6.967,70.157,I,854,AO,20260813114628,2023-04-03 20:00:42,aoml,2903138
aoml/2903138/profiles/D2903138_016.nc,20230414022641.0,7.014,70.006,I,854,AO,20260813114628,2023-04-14 02:26:41,aoml,2903138
aoml/2903138/profiles/D2903138_017.nc,20230424084825.0,6.808,69.82,I,854,AO,20260813114628,2023-04-24 08:48:25,aoml,2903138
aoml/2903138/profiles/D2903138_018.nc,20230504151135.0,6.733,69.679,I,854,AO,20260813114628,2023-05-04 15:11:35,aoml,2903138
aoml/2903138/profiles/D2903138_019.nc,20230514214014.0,6.812,69.803,I,854,AO,20260813114629,2023-05-14 21:40:14,aoml,2903138
aoml/2903138/profiles/D2903138_020.nc,20230525040331.0,6.75,69.98,I,854,AO,20260813114629,2023-05-25 04:03:31,aoml,2903138
aoml/2903138/profiles/D2903138_021.nc,20230604102454.0,6.897,69.983,I,854,AO,20260813114629,2023-06-04 10:24:54,aoml,2903138
aoml/2903138/profiles/D2903138_022.nc,20230614163933.0,7.304,69.811,I,854,AO,20260813114629,2023-06-14 16:39:33,aoml,2903138
aoml/2903138/profiles/D2903138_023.nc,20230624230751.0,7.601,69.699,I,854,AO,20260813114629,2023-06-24 23:07:51,aoml,2903138
aoml/2903138/profiles/D2903138_024.nc,20230705052939.0,7.545,69.825,I,854,AO,20260813114630,2023-07-05 05:29:39,aoml,2903138
aoml/2903138/profiles/D2903138_025.nc,20230715115630.0,7.307,69.885,I,854,AO,20260813114630,2023-07-15 11:56:30,aoml,2903138
aoml/2903138/profiles/D2903138_026.nc,20230725181913.0,7.005,69.909,I,854,AO,20260813114630,2023-07-25 18:19:13,aoml,2903138
aoml/2903138/profiles/D2903138_027.nc,20230805004208.0,6.752,69.798,I,854,AO,20260813114630,2023-08-05 00:42:08,aoml,2903138
aoml/2903138/profiles/D2903138_028.nc,20230815070244.0,6.658,69.719,I,854,AO,20260813114631,2023-08-15 07:02:44,aoml,2903138
aoml/2903138/profiles/D2903138_029.nc,20230825131352.0,6.598,69.592,I,854,AO,20260813114631,2023-08-25 13:13:52,aoml,2903138
aoml/2903138/profiles/D2903138_030.nc,20230904193524.0,6.633,69.457,I,854,AO,20260813114631,2023-09-04 19:35:24,aoml,2903138
aoml/2903138/profiles/D2903138_031.nc,20230915014747.0,6.675,69.322,I,854,AO,20260813114631,2023-09-15 01:47:47,aoml,2903138
aoml/2903138/profiles/D2903138_032.nc,20230925080425.0,6.615,69.114,I,854,AO,20260813114632,2023-09-25 08:04:25,aoml,2903138
aoml/2903138/profiles/D2903138_033.nc,20231005142846.0,6.43,68.914,I,854,AO,20260813114632,2023-10-05 14:28:46,aoml,2903138
aoml/2903138/profiles/D2903138_034.nc,20231015210354.0,6.414,68.597,I,854,AO,20260813114632,2023-10-15 21:03:54,aoml,2903138
aoml/2903138/profiles/D2903138_035.nc,20231026032207.0,6.412,68.329,I,854,AO,20260813114632,2023-10-26 03:22:07,aoml,2903138
aoml/2903138/profiles/D2903138_036.nc,20231105094350.0,6.534,67.975,I,854,AO,20260813114632,2023-11-05 09:43:50,aoml,2903138
aoml/2903138/profiles/D2903138_037.nc,20231115160806.0,6.629,67.691,I,854,AO,20260813114633,2023-11-15 16:08:06,aoml,2903138
aoml/2903138/profiles/D2903138_038.nc,20231125224223.0,6.516,67.398,I,854,AO,20260813114633,2023-11-25 22:42:23,aoml,2903138
aoml/2903138/profiles/D2903138_039.nc,20231206051334.0,6.276,67.301,I,854,AO,20260813114633,2023-12-06 05:13:34,aoml,2903138
aoml/2903138/profiles/D2903138_040.nc,20231216112434.0,6.078,67.555,I,854,AO,20260813114633,2023-12-16 11:24:34,aoml,2903138
aoml/2903138/profiles/D2903138_041.nc,20231226174908.0,5.821,68.086,I,854,AO,20260813114634,2023-12-26 17:49:08,aoml,2903138
aoml/2903140/profiles/D2903140_000.nc,20221206111321.0,8.391,64.999,I,854,AO,20260813115103,2022-12-06 11:13:21,aoml,2903140
aoml/2903140/profiles/D2903140_001.nc,20221206212937.0,8.394,65.012,I,854,AO,20260813115104,2022-12-06 21:29:37,aoml,2903140
aoml/2903140/profiles/D2903140_002.nc,20221208070849.0,8.365,65.017,I,854,AO,20260813115104,2022-12-08 07:08:49,aoml,2903140
aoml/2903140/profiles/D2903140_003.nc,20221209170206.0,8.347,65.029,I,854,AO,20260813115104,2022-12-09 17:02:06,aoml,2903140
aoml/2903140/profiles/D2903140_004.nc,20221211024431.0,8.326,65.047,I,854,AO,20260813115104,2022-12-11 02:44:31,aoml,2903140
aoml/2903140/profiles/D2903140_005.nc,20221221092441.0,8.028,65.125,I,854,AO,20260813115105,2022-12-21 09:24:41,aoml,2903140
aoml/2903140/profiles/D2903140_006.nc,20221231154901.0,7.766,64.969,I,854,AO,20260813115105,2022-12-31 15:49:01,aoml,2903140
aoml/2903140/profiles/D2903140_007.nc,20230110221923.0,7.877,64.673,I,854,AO,20260813115105,2023-01-10 22:19:23,aoml,2903140
aoml/2903140/profiles/D2903140_008.nc,20230121044300.0,8.138,64.476,I,854,AO,20260813115105,2023-01-21 04:43:00,aoml,2903140
aoml/2903140/profiles/D2903140_009.nc,20230131105423.0,8.256,64.24,I,854,AO,20260813115106,2023-01-31 10:54:23,aoml,2903140
aoml/2903140/profiles/D2903140_010.nc,20230210172011.0,8.379,63.966,I,854,AO,20260813115106,2023-02-10 17:20:11,aoml,2903140
aoml/2903140/profiles/D2903140_011.nc,20230220235056.0,8.466,63.674,I,854,AO,20260813115106,2023-02-20 23:50:56,aoml,2903140
aoml/2903140/profiles/D2903140_012.nc,20230303060814.0,8.271,63.261,I,854,AO,20260813115106,2023-03-03 06:08:14,aoml,2903140
aoml/2903140/profiles/D2903140_013.nc,20230313124350.0,7.723,62.75,I,854,AO,20260813115107,2023-03-13 12:43:50,aoml,2903140
aoml/2903140/profiles/D2903140_014.nc,20230323191102.0,7.092,62.147,I,854,AO,20260813115107,2023-03-23 19:11:02,aoml,2903140
aoml/2903140/profiles/D2903140_015.nc,20230403014613.0,6.815,61.649,I,854,AO,20260813115107,2023-04-03 01:46:13,aoml,2903140
aoml/2903140/profiles/D2903140_016.nc,20230413080655.0,6.888,61.282,I,854,AO,20260813115107,2023-04-13 08:06:55,aoml,2903140
aoml/2903140/profiles/D2903140_017.nc,20230423141932.0,6.914,61.146,I,854,AO,20260813115107,2023-04-23 14:19:32,aoml,2903140
aoml/2903140/profiles/D2903140_018.nc,20230503210621.0,6.996,61.413,I,854,AO,20260813115108,2023-05-03 21:06:21,aoml,2903140
aoml/2903140/profiles/D2903140_019.nc,20230514033507.0,7.331,61.877,I,854,AO,20260813115108,2023-05-14 03:35:07,aoml,2903140
aoml/2903140/profiles/D2903140_020.nc,20230524100553.0,7.512,62.413,I,854,AO,20260813115108,2023-05-24 10:05:53,aoml,2903140
aoml/2903140/profiles/D2903140_021.nc,20230603164245.0,7.043,62.794,I,854,AO,20260813115108,2023-06-03 16:42:45,aoml,2903140
aoml/2903140/profiles/D2903140_022.nc,20230613230741.0,7.059,63.067,I,854,AO,20260813115109,2023-06-13 23:07:41,aoml,2903140
aoml/2903140/profiles/D2903140_023.nc,20230624053540.0,7.307,63.48,I,854,AO,20260813115109,2023-06-24 05:35:40,aoml,2903140
aoml/2903140/profiles/D2903140_024.nc,20230704121350.0,7.256,63.706,I,854,AO,20260813115109,2023-07-04 12:13:50,aoml,2903140
aoml/2903140/profiles/D2903140_025.nc,20230714184954.0,7.228,63.775,I,854,AO,20260813115109,2023-07-14 18:49:54,aoml,2903140
aoml/2903140/profiles/D2903140_026.nc,20230725012443.0,7.424,63.886,I,854,AO,20260813115110,2023-07-25 01:24:43,aoml,2903140
aoml/2903140/profiles/D2903140_027.nc,20230804074529.0,7.709,64.058,I,854,AO,20260813115110,2023-08-04 07:45:29,aoml,2903140
aoml/2903140/profiles/D2903140_028.nc,20230814140524.0,7.696,64.352,I,854,AO,20260813115110,2023-08-14 14:05:24,aoml,2903140
aoml/2903140/profiles/D2903140_029.nc,20230824201848.0,7.44,64.511,I,854,AO,20260813115110,2023-08-24 20:18:48,aoml,2903140
aoml/2903140/profiles/D2903140_030.nc,20230904023418.0,7.356,64.65,I,854,AO,20260813115110,2023-09-04 02:34:18,aoml,2903140
aoml/2903140/profiles/D2903140_031.nc,20230914085544.0,7.485,65.009,I,854,AO,20260813115111,2023-09-14 08:55:44,aoml,2903140
aoml/2903140/profiles/D2903140_032.nc,20230924152204.0,7.509,65.45,I,854,AO,20260813115111,2023-09-24 15:22:04,aoml,2903140
aoml/2903140/profiles/D2903140_033.nc,20231004214632.0,7.805,65.761,I,854,AO,20260813115111,2023-10-04 21:46:32,aoml,2903140
aoml/2903140/profiles/D2903140_034.nc,20231015041122.0,7.964,66.178,I,854,AO,20260813115111,2023-10-15 04:11:22,aoml,2903140
aoml/2903140/profiles/D2903140_035.nc,20231025103725.0,8.066,66.683,I,854,AO,20260813115112,2023-10-25 10:37:25,aoml,2903140
aoml/2903140/profiles/D2903140_036.nc,20231104170047.0,8.381,66.872,I,854,AO,20260813115112,2023-11-04 17:00:47,aoml,2903140
aoml/2903140/profiles/D2903140_037.nc,20231114233841.0,8.467,66.897,I,854,AO,20260813115112,2023-11-14 23:38:41,aoml,2903140
aoml/2903140/profiles/D2903140_038.nc,20231125055943.0,8.041,66.957,I,854,AO,20260813115112,2023-11-25 05:59:43,aoml,2903140
aoml/2903140/profiles/D2903140_039.nc,20231205122107.0,7.604,67.087,I,854,AO,20260813115113,2023-12-05 12:21:07,aoml,2903140
aoml/2903140/profiles/D2903140_040.nc,20231215184513.0,7.441,67.151,I,854,AO,20260813115113,2023-12-15 18:45:13,aoml,2903140
aoml/2903140/profiles/D2903140_041.nc,20231226011511.0,7.375,67.188,I,854,AO,20260813115113,2023-12-26 01:15:11,aoml,2903140
aoml/2903142/profiles/D2903142_000.nc,20221204210331.0,13.874,58.548,I,854,AO,20260421103553,2022-12-04 21:03:31,aoml,2903142
aoml/2903142/profiles/D2903142_001.nc,20221205071830.0,13.832,58.527,I,854,AO,20260421103553,2022-12-05 07:18:30,aoml,2903142
aoml/2903142/profiles/D2903142_002.nc,20221206170043.0,13.747,58.455,I,854,AO,20260421103553,2022-12-06 17:00:43,aoml,2903142
aoml/2903142/profiles/D2903142_003.nc,20221208025117.0,13.68,58.366,I,854,AO,20260421103553,2022-12-08 02:51:17,aoml,2903142
aoml/2903142/profiles/D2903142_004.nc,20221209121848.0,13.56,58.253,I,854,AO,20260421103553,2022-12-09 12:18:48,aoml,2903142
aoml/2903142/profiles/D2903142_005.nc,20221219183347.0,12.954,57.576,I,854,AO,20260421103554,2022-12-19 18:33:47,aoml,2903142
aoml/2903142/profiles/D2903142_006.nc,20221230003711.0,12.855,57.47,I,854,AO,20260421103554,2022-12-30 00:37:11,aoml,2903142
aoml/2903142/profiles/D2903142_007.nc,20230109065934.0,13.072,58.025,I,854,AO,20260421103554,2023-01-09 06:59:34,aoml,2903142
aoml/2903142/profiles/D2903142_008.nc,20230119131739.0,12.953,58.685,I,854,AO,20260421103554,2023-01-19 13:17:39,aoml,2903142
aoml/2903142/profiles/D2903142_009.nc,20230129192801.0,12.638,58.975,I,854,AO,20260421103554,2023-01-29 19:28:01,aoml,2903142
aoml/2903142/profiles/D2903142_010.nc,20230209014432.0,12.504,59.033,I,854,AO,20260421103554,2023-02-09 01:44:32,aoml,2903142
aoml/2903142/profiles/D2903142_011.nc,20230219075027.0,12.651,58.98,I,854,AO,20260421103554,2023-02-19 07:50:27,aoml,2903142
aoml/2903142/profiles/D2903142_012.nc,20230301135059.0,12.984,59.085,I,854,AO,20260421103554,2023-03-01 13:50:59,aoml,2903142
aoml/2903142/profiles/D2903142_013.nc,20230311195855.0,13.234,59.45,I,854,AO,20260421103554,2023-03-11 19:58:55,aoml,2903142
aoml/2903142/profiles/D2903142_014.nc,20230322020258.0,13.49,59.612,I,854,AO,20260421103554,2023-03-22 02:02:58,aoml,2903142
aoml/2903142/profiles/D2903142_015.nc,20230401080321.0,13.886,59.437,I,854,AO,20260421103554,2023-04-01 08:03:21,aoml,2903142
aoml/2903142/profiles/D2903142_016.nc,20230411140619.0,14.277,59.42,I,854,AO,20260421103554,2023-04-11 14:06:19,aoml,2903142
aoml/2903142/profiles/D2903142_017.nc,20230421195908.0,14.374,59.85,I,854,AO,20260421103554,2023-04-21 19:59:08,aoml,2903142
aoml/2903142/profiles/D2903142_018.nc,20230502015710.0,14.174,60.326,I,854,AO,20260421103554,2023-05-02 01:57:10,aoml,2903142
aoml/2903142/profiles/D2903142_019.nc,20230512080221.0,14.441,60.619,I,854,AO,20260421103554,2023-05-12 08:02:21,aoml,2903142
aoml/2903142/profiles/D2903142_020.nc,20230522140500.0,14.933,60.687,I,854,AO,20260421103554,2023-05-22 14:05:00,aoml,2903142
aoml/2903142/profiles/D2903142_021.nc,20230601195710.0,15.158,60.908,I,854,AO,20260421103554,2023-06-01 19:57:10,aoml,2903142
aoml/2903142/profiles/D2903142_022.nc,20230612015000.0,15.014,61.1,I,854,AO,20260421103554,2023-06-12 01:50:00,aoml,2903142
aoml/2903142/profiles/D2903142_023.nc,20230622074811.0,14.787,61.322,I,854,AO,20260421103554,2023-06-22 07:48:11,aoml,2903142
aoml/2903142/profiles/D2903142_024.nc,20230702135601.0,14.531,61.431,I,854,AO,20260421103554,2023-07-02 13:56:01,aoml,2903142
aoml/2903142/profiles/D2903142_025.nc,20230712195211.0,14.324,61.581,I,854,AO,20260421103554,2023-07-12 19:52:11,aoml,2903142
aoml/2903142/profiles/D2903142_026.nc,20230723015203.0,14.141,61.602,I,854,AO,20260421103554,2023-07-23 01:52:03,aoml,2903142
aoml/2903142/profiles/D2903142_027.nc,20230802075407.0,14.153,61.585,I,854,AO,20260421103554,2023-08-02 07:54:07,aoml,2903142
aoml/2903142/profiles/D2903142_028.nc,20230812135808.0,14.126,61.587,I,854,AO,20260421103554,2023-08-12 13:58:08,aoml,2903142
aoml/2903142/profiles/D2903142_029.nc,20230822195827.0,14.1,61.678,I,854,AO,20260421103554,2023-08-22 19:58:27,aoml,2903142
aoml/2903142/profiles/D2903142_030.nc,20230902015247.0,14.047,61.672,I,854,AO,20260421103555,2023-09-02 01:52:47,aoml,2903142
aoml/2903142/profiles/D2903142_031.nc,20230912074833.0,13.939,61.581,I,854,AO,20260421103555,2023-09-12 07:48:33,aoml,2903142
aoml/2903142/profiles/D2903142_032.nc,20230922135047.0,13.482,61.533,I,854,AO,20260421103555,2023-09-22 13:50:47,aoml,2903142
aoml/2903142/profiles/D2903142_033.nc,20231002195830.0,13.072,61.456,I,854,AO,20260421103555,2023-10-02 19:58:30,aoml,2903142
aoml/2903142/profiles/D2903142_034.nc,20231013020415.0,12.954,61.411,I,854,AO,20260421103555,2023-10-13 02:04:15,aoml,2903142
aoml/2903142/profiles/D2903142_035.nc,20231023080630.0,12.88,61.594,I,854,AO,20260421103555,2023-10-23 08:06:30,aoml,2903142
aoml/2903142/profiles/D2903142_036.nc,20231102140233.0,12.67,62.042,I,854,AO,20260421103555,2023-11-02 14:02:33,aoml,2903142
aoml/2903142/profiles/D2903142_037.nc,20231112195850.0,12.963,62.223,I,854,AO,20260421103555,2023-11-12 19:58:50,aoml,2903142
aoml/2903142/profiles/D2903142_038.nc,20231123015331.0,13.292,62.268,I,854,AO,20260421103555,2023-11-23 01:53:31,aoml,2903142
aoml/2903142/profiles/D2903142_039.nc,20231203075018.0,12.839,62.362,I,854,AO,20260421103555,2023-12-03 07:50:18,aoml,2903142
aoml/2903142/profiles/D2903142_040.nc,20231213134452.0,12.286,62.367,I,854,AO,20260421103555,2023-12-13 13:44:52,aoml,2903142
aoml/2903142/profiles/D2903142_041.nc,20231223193528.0,12.269,62.603,I,854,AO,20260421103555,2023-12-23 19:35:28,aoml,2903142
aoml/2903145/profiles/D2903145_000.nc,20231208030839.0,9.27,64.389,I,854,AO,20260730111321,2023-12-08 03:08:39,aoml,2903145
aoml/2903145/profiles/D2903145_001.nc,20231208134119.0,9.278,64.4,I,854,AO,20260730111322,2023-12-08 13:41:19,aoml,2903145
aoml/2903145/profiles/D2903145_002.nc,20231209233046.0,9.334,64.4,I,854,AO,20260730111322,2023-12-09 23:30:46,aoml,2903145
aoml/2903145/profiles/D2903145_003.nc,20231211090916.0,9.335,64.374,I,854,AO,20260730111322,2023-12-11 09:09:16,aoml,2903145
aoml/2903145/profiles/D2903145_004.nc,20231212185734.0,9.412,64.457,I,854,AO,20260730111322,2023-12-12 18:57:34,aoml,2903145
aoml/2903145/profiles/D2903145_005.nc,20231223013035.0,9.68,64.036,I,854,AO,20260730111323,2023-12-23 01:30:35,aoml,2903145
aoml/2903147/profiles/D2903147_000.nc,20231206172841.0,12.725,58.041,I,854,AO,20260730114440,2023-12-06 17:28:41,aoml,2903147
aoml/2903147/profiles/D2903147_001.nc,20231207032626.0,12.714,58.023,I,854,AO,20260730114441,2023-12-07 03:26:26,aoml,2903147
aoml/2903147/profiles/D2903147_002.nc,20231208131524.0,12.682,57.971,I,854,AO,20260730114441,2023-12-08 13:15:24,aoml,2903147
aoml/2903147/profiles/D2903147_003.nc,20231209225943.0,12.646,57.963,I,854,AO,20260730114441,2023-12-09 22:59:43,aoml,2903147
aoml/2903147/profiles/D2903147_004.nc,20231211084024.0,12.6,57.951,I,854,AO,20260730114441,2023-12-11 08:40:24,aoml,2903147
aoml/2903147/profiles/D2903147_005.nc,20231221154448.0,12.355,57.915,I,854,AO,20260730114442,2023-12-21 15:44:48,aoml,2903147
aoml/2903149/profiles/D2903149_000.nc,20231207082344.0,11.164,60.916,I,854,AO,20260813115832,2023-12-07 08:23:44,aoml,2903149
aoml/2903149/profiles/D2903149_001.nc,20231207182551.0,11.19,60.894,I,854,AO,20260813115832,2023-12-07 18:25:51,aoml,2903149
aoml/2903149/profiles/D2903149_002.nc,20231209043851.0,11.254,60.865,I,854,AO,20260813115832,2023-12-09 04:38:51,aoml,2903149
aoml/2903149/profiles/D2903149_003.nc,20231210141408.0,11.283,60.819,I,854,AO,20260813115832,2023-12-10 14:14:08,aoml,2903149
aoml/2903149/profiles/D2903149_004.nc,20231212000440.0,11.321,60.767,I,854,AO,20260813115833,2023-12-12 00:04:40,aoml,2903149
aoml/2903149/profiles/D2903149_005.nc,20231222072109.0,11.398,60.552,I,854,AO,20260813115833,2023-12-22 07:21:09,aoml,2903149
aoml/5905082/profiles/D5905082_178.nc,20220102014514.0,22.102,61.456,I,846,AO,20220622103433,2022-01-02 01:45:14,aoml,5905082
aoml/5905082/profiles/D5905082_179.nc,20220112010752.0,22.213,61.91,I,846,AO,20220622103433,2022-01-12 01:07:52,aoml,5905082
aoml/5905082/profiles/D5905082_180.nc,20220122002405.0,21.54,62.112,I,846,AO,20220622103433,2022-01-22 00:24:05,aoml,5905082
aoml/5905082/profiles/D5905082_181.nc,20220201000250.0,20.767,61.453,I,846,AO,20220622103433,2022-02-01 00:02:50,aoml,5905082
aoml/5905082/profiles/D5905082_182.nc,20220210231926.0,20.446,61.282,I,846,AO,20220622103433,2022-02-10 23:19:26,aoml,5905082
aoml/5905082/profiles/D5905082_183.nc,20220220224205.0,20.297,61.261,I,846,AO,20220622103433,2022-02-20 22:42:05,aoml,5905082
aoml/5905082/profiles/D5905082_184.nc,20220302221242.0,20.5,61.346,I,846,AO,20220622103433,2022-03-02 22:12:42,aoml,5905082
aoml/5905082/profiles/D5905082_185.nc,20220312214207.0,20.537,61.31,I,846,AO,20220622103434,2022-03-12 21:42:07,aoml,5905082
aoml/5905082/profiles/D5905082_186.nc,20220322205145.0,20.553,61.597,I,846,AO,20220622103434,2022-03-22 20:51:45,aoml,5905082
aoml/5905082/profiles/D5905082_187.nc,20220401201740.0,20.804,61.994,I,846,AO,20220622103434,2022-04-01 20:17:40,aoml,5905082
aoml/5905082/profiles/D5905082_188.nc,20220411195240.0,20.976,62.0,I,846,AO,20220622103434,2022-04-11 19:52:40,aoml,5905082
aoml/5905082/profiles/D5905082_189.nc,20220421192354.0,20.739,61.768,I,846,AO,20220622103434,2022-04-21 19:23:54,aoml,5905082
aoml/5905082/profiles/D5905082_190.nc,20220501185348.0,20.354,61.993,I,846,AO,20220622103434,2022-05-01 18:53:48,aoml,5905082
aoml/5905082/profiles/D5905082_191.nc,20220511183325.0,20.43,62.312,I,846,AO,20220622103434,2022-05-11 18:33:25,aoml,5905082
aoml/5905082/profiles/D5905082_192.nc,20220521181411.0,20.716,62.268,I,846,AO,20220622103434,2022-05-21 18:14:11,aoml,5905082
aoml/5905082/profiles/D5905082_193.nc,20220531174632.0,20.786,62.167,I,846,AO,20220622103434,2022-05-31 17:46:32,aoml,5905082
aoml/5905082/profiles/D5905082_194.nc,20220610171833.0,21.076,62.148,I,846,AO,20230210110244,2022-06-10 17:18:33,aoml,5905082
aoml/5905082/profiles/D5905082_195.nc,20220620165812.0,21.2,62.23,I,846,AO,20230210110245,2022-06-20 16:58:12,aoml,5905082
aoml/5905082/profiles/D5905082_196.nc,20220630163836.0,21.043,62.083,I,846,AO,20230210110245,2022-06-30 16:38:36,aoml,5905082
aoml/5905082/profiles/D5905082_197.nc,20220710161551.0,20.812,61.909,I,846,AO,20230210110245,2022-07-10 16:15:51,aoml,5905082
aoml/5905082/profiles/D5905082_198.nc,20220720155800.0,20.619,62.129,I,846,AO,20230210110245,2022-07-20 15:58:00,aoml,5905082
aoml/5905082/profiles/D5905082_199.nc,20220730153148.0,20.746,62.908,I,846,AO,20230210110245,2022-07-30 15:31:48,aoml,5905082
aoml/5905082/profiles/D5905082_200.nc,20220809144957.0,21.423,63.394,I,846,AO,20260327205527,2022-08-09 14:49:57,aoml,5905082
aoml/5905082/profiles/D5905082_201.nc,20220819143721.0,21.94,63.571,I,846,AO,20230210110245,2022-08-19 14:37:21,aoml,5905082
aoml/5905082/profiles/D5905082_202.nc,20220829141324.0,22.072,63.752,I,846,AO,20230210110245,2022-08-29 14:13:24,aoml,5905082
aoml/5905082/profiles/D5905082_203.nc,20220908135341.0,21.813,63.939,I,846,AO,20230210110245,2022-09-08 13:53:41,aoml,5905082
aoml/5905082/profiles/D5905082_204.nc,20220918131408.0,21.338,63.9,I,846,AO,20230210110246,2022-09-18 13:14:08,aoml,5905082
aoml/5905082/profiles/D5905082_205.nc,20220928125141.0,20.999,63.768,I,846,AO,20230210110246,2022-09-28 12:51:41,aoml,5905082
aoml/5905082/profiles/D5905082_206.nc,20221008121242.0,20.805,63.615,I,846,AO,20230210110246,2022-10-08 12:12:42,aoml,5905082
aoml/5905082/profiles/D5905082_207.nc,20221018114942.0,20.699,63.296,I,846,AO,20230210110246,2022-10-18 11:49:42,aoml,5905082
aoml/5905082/profiles/D5905082_208.nc,20221028111412.0,20.595,62.907,I,846,AO,20230210110246,2022-10-28 11:14:12,aoml,5905082
aoml/5905082/profiles/D5905082_209.nc,20221107104310.0,20.502,62.455,I,846,AO,20230210110246,2022-11-07 10:43:10,aoml,5905082
aoml/5905082/profiles/D5905082_210.nc,20221117095614.0,20.567,62.122,I,846,AO,20230210110246,2022-11-17 09:56:14,aoml,5905082
aoml/5905082/profiles/D5905082_211.nc,20221127093942.0,20.691,61.817,I,846,AO,20230210110246,2022-11-27 09:39:42,aoml,5905082
aoml/5905082/profiles/D5905082_212.nc,20221207090815.0,20.89,61.437,I,846,AO,20230210110246,2022-12-07 09:08:15,aoml,5905082
aoml/5905082/profiles/D5905082_213.nc,20221217083605.0,21.106,61.227,I,846,AO,20230210110247,2022-12-17 08:36:05,aoml,5905082
aoml/5905082/profiles/D5905082_214.nc,20221227082028.0,21.254,61.206,I,846,AO,20230210110247,2022-12-27 08:20:28,aoml,5905082
aoml/5905082/profiles/D5905082_215.nc,20230106081221.0,21.248,61.281,I,846,AO,20230210110247,2023-01-06 08:12:21,aoml,5905082
aoml/5905082/profiles/D5905082_216.nc,20230116074235.0,20.923,61.428,I,846,AO,20230210110247,2023-01-16 07:42:35,aoml,5905082
aoml/5905082/profiles/D5905082_217.nc,20230126073255.0,20.299,61.347,I,846,AO,20230210110247,2023-01-26 07:32:55,aoml,5905082
aoml/5905082/profiles/D5905082_218.nc,20230205065346.0,19.717,61.029,I,846,AO,20241001142504,2023-02-05 06:53:46,aoml,5905082
aoml/5905082/profiles/D5905082_219.nc,20230215064242.0,19.587,60.442,I,846,AO,20230809095052,2023-02-15 06:42:42,aoml,5905082
aoml/5905082/profiles/D5905082_220.nc,20230225062657.0,19.843,60.043,I,846,AO,20230809095052,2023-02-25 06:26:57,aoml,5905082
aoml/5905082/profiles/D5905082_221.nc,20230307063059.0,19.956,60.245,I,846,AO,20230809095052,2023-03-07 06:30:59,aoml,5905082
aoml/5905082/profiles/D5905082_222.nc,20230317061633.0,19.941,60.96,I,846,AO,20230809095052,2023-03-17 06:16:33,aoml,5905082
aoml/5905082/profiles/D5905082_223.nc,20230327061751.0,20.244,61.474,I,846,AO,20230809095052,2023-03-27 06:17:51,aoml,5905082
aoml/5905082/profiles/D5905082_224.nc,20230406060431.0,20.767,61.918,I,846,AO,20230809095052,2023-04-06 06:04:31,aoml,5905082
aoml/5905082/profiles/D5905082_225.nc,20230416053844.0,20.84,62.509,I,846,AO,20230809095053,2023-04-16 05:38:44,aoml,5905082
aoml/5905082/profiles/D5905082_226.nc,20230426053012.0,20.492,62.984,I,846,AO,20230809095053,2023-04-26 05:30:12,aoml,5905082
aoml/5905082/profiles/D5905082_227.nc,20230506053206.0,20.238,63.271,I,846,AO,20230809095053,2023-05-06 05:32:06,aoml,5905082
aoml/5905082/profiles/D5905082_228.nc,20230516051947.0,20.237,63.437,I,846,AO,20230809095053,2023-05-16 05:19:47,aoml,5905082
aoml/5905082/profiles/D5905082_229.nc,20230526051848.0,20.485,63.605,I,846,AO,20230809095053,2023-05-26 05:18:48,aoml,5905082
aoml/5905082/profiles/D5905082_230.nc,20230605052954.0,20.735,63.948,I,846,AO,20230809095053,2023-06-05 05:29:54,aoml,5905082
aoml/5905082/profiles/D5905082_231.nc,20230615054959.0,20.845,64.327,I,846,AO,20230809095053,2023-06-15 05:49:59,aoml,5905082
aoml/5905082/profiles/D5905082_232.nc,20230625054627.0,20.737,64.645,I,846,AO,20230809095053,2023-06-25 05:46:27,aoml,5905082
aoml/5905082/profiles/D5905082_233.nc,20230705054221.0,20.373,64.922,I,846,AO,20230809095053,2023-07-05 05:42:21,aoml,5905082
aoml/5905082/profiles/D5905082_234.nc,20230715054034.0,20.037,65.12,I,846,AO,20230809095053,2023-07-15 05:40:34,aoml,5905082
aoml/5905082/profiles/D5905082_235.nc,20230725052800.0,19.812,65.124,I,846,AO,20230809095054,2023-07-25 05:28:00,aoml,5905082
aoml/5905082/profiles/D5905082_236.nc,20230804052625.0,19.612,65.037,I,846,AO,20230809095054,2023-08-04 05:26:25,aoml,5905082
aoml/5905082/profiles/D5905082_237.nc,20230814052206.0,19.39,64.888,I,846,AO,20240508102405,2023-08-14 05:22:06,aoml,5905082
aoml/5905082/profiles/D5905082_238.nc,20230824053105.0,19.13,64.728,I,846,AO,20240508102405,2023-08-24 05:31:05,aoml,5905082
aoml/5905082/profiles/D5905082_239.nc,20230903051904.0,19.059,64.614,I,846,AO,20240508102405,2023-09-03 05:19:04,aoml,5905082
aoml/5905082/profiles/D5905082_240.nc,20230913052102.0,19.015,64.611,I,846,AO,20240508102405,2023-09-13 05:21:02,aoml,5905082
aoml/5905082/profiles/D5905082_241.nc,20230923052414.0,19.041,64.661,I,846,AO,20240508102406,2023-09-23 05:24:14,aoml,5905082
aoml/5905082/profiles/D5905082_242.nc,20231003052209.0,19.086,64.785,I,846,AO,20240508102406,2023-10-03 05:22:09,aoml,5905082
aoml/5905082/profiles/D5905082_243.nc,20231013051218.0,19.172,64.89,I,846,AO,20240508102406,2023-10-13 05:12:18,aoml,5905082
aoml/5905082/profiles/D5905082_244.nc,20231023051314.0,19.396,64.936,I,846,AO,20240508102406,2023-10-23 05:13:14,aoml,5905082
aoml/5905082/profiles/D5905082_245.nc,20231102051154.0,19.593,64.949,I,846,AO,20240508102406,2023-11-02 05:11:54,aoml,5905082
aoml/5905082/profiles/D5905082_246.nc,20231112050840.0,19.814,64.959,I,846,AO,20240508102406,2023-11-12 05:08:40,aoml,5905082
aoml/5905082/profiles/D5905082_247.nc,20231122051043.0,19.95,64.895,I,846,AO,20240508102406,2023-11-22 05:10:43,aoml,5905082
aoml/5905082/profiles/D5905082_248.nc,20231202050514.0,19.979,64.822,I,846,AO,20240508102406,2023-12-02 05:05:14,aoml,5905082
aoml/5905082/profiles/D5905082_249.nc,20231212044932.0,19.939,64.702,I,846,AO,20240508102406,2023-12-12 04:49:32,aoml,5905082
aoml/5905082/profiles/D5905082_250.nc,20231222043919.0,19.862,64.527,I,846,AO,20240508102407,2023-12-22 04:39:19,aoml,5905082
aoml/5905083/profiles/D5905083_178.nc,20220103152953.0,11.645,68.879,I,846,AO,20220622103523,2022-01-03 15:29:53,aoml,5905083
aoml/5905083/profiles/D5905083_179.nc,20220113145859.0,11.71,69.005,I,846,AO,20220622103524,2022-01-13 14:58:59,aoml,5905083
aoml/5905083/profiles/D5905083_180.nc,20220123142411.0,11.618,69.044,I,846,AO,20220622103524,2022-01-23 14:24:11,aoml,5905083
aoml/5905083/profiles/D5905083_181.nc,20220202143849.0,11.275,68.978,I,846,AO,20220622103524,2022-02-02 14:38:49,aoml,5905083
aoml/5905083/profiles/D5905083_182.nc,20220212141614.0,10.624,68.68,I,846,AO,20220622103524,2022-02-12 14:16:14,aoml,5905083
aoml/5905083/profiles/D5905083_183.nc,20220222135805.0,9.971,68.398,I,846,AO,20220622103524,2022-02-22 13:58:05,aoml,5905083
aoml/5905083/profiles/D5905083_184.nc,20220304133520.0,9.658,68.182,I,846,AO,20220622103524,2022-03-04 13:35:20,aoml,5905083
aoml/5905083/profiles/D5905083_185.nc,20220314131625.0,9.62,67.902,I,846,AO,20220622103524,2022-03-14 13:16:25,aoml,5905083
aoml/5905083/profiles/D5905083_186.nc,20220324122501.0,9.778,67.628,I,846,AO,20220622103524,2022-03-24 12:25:01,aoml,5905083
aoml/5905083/profiles/D5905083_187.nc,20220403120723.0,10.011,67.558,I,846,AO,20220622103524,2022-04-03 12:07:23,aoml,5905083
aoml/5905083/profiles/D5905083_188.nc,20220413113744.0,10.189,67.601,I,846,AO,20220622103524,2022-04-13 11:37:44,aoml,5905083
aoml/5905083/profiles/D5905083_189.nc,20220423110056.0,10.377,67.552,I,846,AO,20220622103525,2022-04-23 11:00:56,aoml,5905083
aoml/5905083/profiles/D5905083_190.nc,20220503105042.0,10.479,67.617,I,846,AO,20220622103525,2022-05-03 10:50:42,aoml,5905083
aoml/5905083/profiles/D5905083_191.nc,20220513103230.0,10.603,67.75,I,846,AO,20220622103525,2022-05-13 10:32:30,aoml,5905083
aoml/5905083/profiles/D5905083_192.nc,20220523100024.0,10.941,67.877,I,846,AO,20220622103525,2022-05-23 10:00:24,aoml,5905083
aoml/5905083/profiles/D5905083_193.nc,20220602092246.0,11.472,67.946,I,846,AO,20220622103525,2022-06-02 09:22:46,aoml,5905083
aoml/5905083/profiles/D5905083_194.nc,20220612085711.0,11.992,67.977,I,846,AO,20230209105705,2022-06-12 08:57:11,aoml,5905083
aoml/5905083/profiles/D5905083_195.nc,20220622084144.0,12.077,68.193,I,846,AO,20230209105705,2022-06-22 08:41:44,aoml,5905083
aoml/5905083/profiles/D5905083_196.nc,20220702080804.0,11.731,68.336,I,846,AO,20230209105705,2022-07-02 08:08:04,aoml,5905083
aoml/5905083/profiles/D5905083_197.nc,20220712073423.0,11.385,68.354,I,846,AO,20230209105705,2022-07-12 07:34:23,aoml,5905083
aoml/5905083/profiles/D5905083_198.nc,20220722070803.0,11.113,68.397,I,846,AO,20230209105705,2022-07-22 07:08:03,aoml,5905083
aoml/5905083/profiles/D5905083_199.nc,20220801064143.0,11.16,68.53,I,846,AO,20230209105705,2022-08-01 06:41:43,aoml,5905083
aoml/5905083/profiles/D5905083_200.nc,20220811063151.0,11.408,68.783,I,846,AO,20230209105705,2022-08-11 06:31:51,aoml,5905083
aoml/5905083/profiles/D5905083_201.nc,20220821060104.0,11.611,69.09,I,846,AO,20230209105705,2022-08-21 06:01:04,aoml,5905083
aoml/5905083/profiles/D5905083_202.nc,20220831053045.0,11.651,69.282,I,846,AO,20230209105706,2022-08-31 05:30:45,aoml,5905083
aoml/5905083/profiles/D5905083_203.nc,20220910045945.0,11.471,69.341,I,846,AO,20230209105706,2022-09-10 04:59:45,aoml,5905083
aoml/5905083/profiles/D5905083_204.nc,20220920043057.0,11.244,69.39,I,846,AO,20230209105706,2022-09-20 04:30:57,aoml,5905083
aoml/5905083/profiles/D5905083_205.nc,20220930035200.0,11.236,69.505,I,846,AO,20230209105706,2022-09-30 03:52:00,aoml,5905083
aoml/5905083/profiles/D5905083_206.nc,20221010031625.0,11.434,69.673,I,846,AO,20230209105706,2022-10-10 03:16:25,aoml,5905083
aoml/5905083/profiles/D5905083_207.nc,20221020022808.0,11.738,69.933,I,846,AO,20230209105706,2022-10-20 02:28:08,aoml,5905083
aoml/5905083/profiles/D5905083_208.nc,20221030015726.0,12.099,70.132,I,846,AO,20230209105706,2022-10-30 01:57:26,aoml,5905083
aoml/5905083/profiles/D5905083_209.nc,20221109015734.0,12.309,70.121,I,846,AO,20230209105706,2022-11-09 01:57:34,aoml,5905083
aoml/5905083/profiles/D5905083_210.nc,20221119013222.0,12.358,69.985,I,846,AO,20230209105707,2022-11-19 01:32:22,aoml,5905083
aoml/5905083/profiles/D5905083_211.nc,20221129010257.0,12.359,69.741,I,846,AO,20230209105707,2022-11-29 01:02:57,aoml,5905083
aoml/5905083/profiles/D5905083_212.nc,20221209002934.0,12.427,69.705,I,846,AO,20230209105707,2022-12-09 00:29:34,aoml,5905083
aoml/5905083/profiles/D5905083_213.nc,20221219000622.0,12.039,69.758,I,846,AO,20230209105707,2022-12-19 00:06:22,aoml,5905083
aoml/5905083/profiles/D5905083_214.nc,20221228233821.0,11.52,69.702,I,846,AO,20230209105707,2022-12-28 23:38:21,aoml,5905083
aoml/5905083/profiles/D5905083_215.nc,20230107225722.0,11.043,69.662,I,846,AO,20230209105707,2023-01-07 22:57:22,aoml,5905083
aoml/5905083/profiles/D5905083_216.nc,20230117223428.0,10.735,69.618,I,846,AO,20230209105707,2023-01-17 22:34:28,aoml,5905083
aoml/5905083/profiles/D5905083_217.nc,20230127221013.0,10.605,69.588,I,846,AO,20230209105708,2023-01-27 22:10:13,aoml,5905083
aoml/5905083/profiles/D5905083_218.nc,20230206215312.0,10.699,69.447,I,846,AO,20230809095232,2023-02-06 21:53:12,aoml,5905083
aoml/5905083/profiles/D5905083_219.nc,20230216214024.0,10.861,69.215,I,846,AO,20230809095232,2023-02-16 21:40:24,aoml,5905083
aoml/5905083/profiles/D5905083_220.nc,20230226213219.0,10.975,69.111,I,846,AO,20230809095232,2023-02-26 21:32:19,aoml,5905083
aoml/5905083/profiles/D5905083_221.nc,20230308212418.0,11.041,69.144,I,846,AO,20230809095232,2023-03-08 21:24:18,aoml,5905083
aoml/5905083/profiles/D5905083_222.nc,20230318205539.0,11.003,69.084,I,846,AO,20230809095232,2023-03-18 20:55:39,aoml,5905083
aoml/5905083/profiles/D5905083_223.nc,20230328202248.0,11.024,68.888,I,846,AO,20230809095233,2023-03-28 20:22:48,aoml,5905083
aoml/5905083/profiles/D5905083_224.nc,20230407195035.0,11.097,68.764,I,846,AO,20230809095233,2023-04-07 19:50:35,aoml,5905083
aoml/5905083/profiles/D5905083_225.nc,20230417193831.0,11.131,68.767,I,846,AO,20230809095233,2023-04-17 19:38:31,aoml,5905083
aoml/5905083/profiles/D5905083_226.nc,20230427190016.0,11.316,68.742,I,846,AO,20230809095233,2023-04-27 19:00:16,aoml,5905083
aoml/5905083/profiles/D5905083_227.nc,20230507183554.0,11.472,68.706,I,846,AO,20230809095233,2023-05-07 18:35:54,aoml,5905083
aoml/5905083/profiles/D5905083_228.nc,20230517181041.0,11.422,68.859,I,846,AO,20230809095233,2023-05-17 18:10:41,aoml,5905083
aoml/5905083/profiles/D5905083_229.nc,20230527175207.0,11.419,69.127,I,846,AO,20230809095233,2023-05-27 17:52:07,aoml,5905083
aoml/5905083/profiles/D5905083_230.nc,20230606172236.0,11.561,69.435,I,846,AO,20230809095233,2023-06-06 17:22:36,aoml,5905083
aoml/5905083/profiles/D5905083_231.nc,20230616170331.0,11.641,69.844,I,846,AO,20230809095233,2023-06-16 17:03:31,aoml,5905083
aoml/5905083/profiles/D5905083_232.nc,20230626163902.0,11.628,70.223,I,846,AO,20230809095234,2023-06-26 16:39:02,aoml,5905083
aoml/5905083/profiles/D5905083_233.nc,20230706160650.0,11.551,70.478,I,846,AO,20230809095234,2023-07-06 16:06:50,aoml,5905083
aoml/5905083/profiles/D5905083_234.nc,20230716154031.0,11.562,70.56,I,846,AO,20230809095234,2023-07-16 15:40:31,aoml,5905083
aoml/5905083/profiles/D5905083_235.nc,20230726151357.0,11.918,70.469,I,846,AO,20230809095234,2023-07-26 15:13:57,aoml,5905083
aoml/5905083/profiles/D5905083_236.nc,20230805145211.0,12.285,70.202,I,846,AO,20230809095234,2023-08-05 14:52:11,aoml,5905083
aoml/5905083/profiles/D5905083_237.nc,20230815143432.0,12.772,69.955,I,846,AO,20240508102426,2023-08-15 14:34:32,aoml,5905083
aoml/5905083/profiles/D5905083_238.nc,20230825140821.0,13.216,69.772,I,846,AO,20240508102426,2023-08-25 14:08:21,aoml,5905083
aoml/5905083/profiles/D5905083_239.nc,20230904134946.0,13.513,69.739,I,846,AO,20240508102426,2023-09-04 13:49:46,aoml,5905083
aoml/5905083/profiles/D5905083_240.nc,20230914131744.0,13.364,69.767,I,846,AO,20240508102426,2023-09-14 13:17:44,aoml,5905083
aoml/5905083/profiles/D5905083_241.nc,20230924125448.0,12.905,69.731,I,846,AO,20240508102427,2023-09-24 12:54:48,aoml,5905083
aoml/5905083/profiles/D5905083_242.nc,20231004122131.0,12.715,69.796,I,846,AO,20240508102427,2023-10-04 12:21:31,aoml,5905083
aoml/5905083/profiles/D5905083_243.nc,20231014115611.0,12.982,70.068,I,846,AO,20240508102427,2023-10-14 11:56:11,aoml,5905083
aoml/5905083/profiles/D5905083_244.nc,20231024113538.0,13.513,70.193,I,846,AO,20240508102427,2023-10-24 11:35:38,aoml,5905083
aoml/5905083/profiles/D5905083_245.nc,20231103104731.0,13.835,70.172,I,846,AO,20240508102427,2023-11-03 10:47:31,aoml,5905083
aoml/5905083/profiles/D5905083_246.nc,20231113103204.0,13.961,70.01,I,846,AO,20240508102427,2023-11-13 10:32:04,aoml,5905083
aoml/5905083/profiles/D5905083_247.nc,20231123100620.0,14.082,69.788,I,846,AO,20240508102427,2023-11-23 10:06:20,aoml,5905083
aoml/5905083/profiles/D5905083_248.nc,20231203094916.0,14.134,69.541,I,846,AO,20240508102427,2023-12-03 09:49:16,aoml,5905083
aoml/5905083/profiles/D5905083_249.nc,20231213091146.0,13.878,69.32,I,846,AO,20240508102428,2023-12-13 09:11:46,aoml,5905083
aoml/5905083/profiles/D5905083_250.nc,20231223091404.0,13.445,69.015,I,846,AO,20240508102428,2023-12-23 09:14:04,aoml,5905083
aoml/5905084/profiles/D5905084_178.nc,20220104055556.0,9.104,55.184,I,846,AO,20220622103532,2022-01-04 05:55:56,aoml,5905084
aoml/5905084/profiles/D5905084_179.nc,20220114045933.0,9.273,55.187,I,846,AO,20220622103533,2022-01-14 04:59:33,aoml,5905084
aoml/5905084/profiles/D5905084_180.nc,20220124042948.0,9.709,55.264,I,846,AO,20220622103533,2022-01-24 04:29:48,aoml,5905084
aoml/5905084/profiles/D5905084_181.nc,20220203032708.0,9.882,55.61,I,846,AO,20220622103533,2022-02-03 03:27:08,aoml,5905084
aoml/5905084/profiles/D5905084_182.nc,20220213025925.0,9.575,56.202,I,846,AO,20220622103533,2022-02-13 02:59:25,aoml,5905084
aoml/5905084/profiles/D5905084_183.nc,20220223025256.0,9.069,56.25,I,846,AO,20220622103533,2022-02-23 02:52:56,aoml,5905084
aoml/5905084/profiles/D5905084_184.nc,20220305023416.0,8.888,56.115,I,846,AO,20220622103533,2022-03-05 02:34:16,aoml,5905084
aoml/5905084/profiles/D5905084_185.nc,20220315015716.0,8.851,55.927,I,846,AO,20220622103533,2022-03-15 01:57:16,aoml,5905084
aoml/5905084/profiles/D5905084_186.nc,20220325011721.0,8.922,55.805,I,846,AO,20220622103533,2022-03-25 01:17:21,aoml,5905084
aoml/5905084/profiles/D5905084_187.nc,20220404004912.0,9.136,55.455,I,846,AO,20220622103533,2022-04-04 00:49:12,aoml,5905084
aoml/5905084/profiles/D5905084_188.nc,20220414002423.0,9.979,54.642,I,846,AO,20220622103534,2022-04-14 00:24:23,aoml,5905084
aoml/5905084/profiles/D5905084_189.nc,20220423235557.0,10.255,53.489,I,846,AO,20220622103534,2022-04-23 23:55:57,aoml,5905084
aoml/5905084/profiles/D5905084_190.nc,20220503234116.0,11.534,53.624,I,846,AO,20220622103534,2022-05-03 23:41:16,aoml,5905084
aoml/5905084/profiles/D5905084_191.nc,20220513230959.0,11.94,55.199,I,846,AO,20220622103534,2022-05-13 23:09:59,aoml,5905084
aoml/5905084/profiles/D5905084_192.nc,20220523222512.0,11.457,57.139,I,846,AO,20220622103534,2022-05-23 22:25:12,aoml,5905084
aoml/5905084/profiles/D5905084_193.nc,20220602212015.0,11.53,57.871,I,846,AO,20220622103534,2022-06-02 21:20:15,aoml,5905084
aoml/5905084/profiles/D5905084_194.nc,20220612205605.0,11.437,58.311,I,846,AO,20230209105714,2022-06-12 20:56:05,aoml,5905084
aoml/5905084/profiles/D5905084_195.nc,20220622201932.0,11.01,58.604,I,846,AO,20230209105714,2022-06-22 20:19:32,aoml,5905084
aoml/5905084/profiles/D5905084_196.nc,20220702192850.0,10.6,57.777,I,846,AO,20230209105714,2022-07-02 19:28:50,aoml,5905084
aoml/5905084/profiles/D5905084_197.nc,20220712185054.0,10.705,57.414,I,846,AO,20230209105714,2022-07-12 18:50:54,aoml,5905084
aoml/5905084/profiles/D5905084_198.nc,20220722181029.0,10.255,56.326,I,846,AO,20230209105715,2022-07-22 18:10:29,aoml,5905084
aoml/5905084/profiles/D5905084_199.nc,20220801173645.0,10.144,55.721,I,846,AO,20230209105715,2022-08-01 17:36:45,aoml,5905084
aoml/5905084/profiles/D5905084_200.nc,20220811171028.0,9.729,54.532,I,846,AO,20230209105715,2022-08-11 17:10:28,aoml,5905084
aoml/5905084/profiles/D5905084_201.nc,20220821162446.0,9.854,54.218,I,846,AO,20230209105715,2022-08-21 16:24:46,aoml,5905084
aoml/5905084/profiles/D5905084_202.nc,20220831155250.0,9.125,53.55,I,846,AO,20230209105715,2022-08-31 15:52:50,aoml,5905084
aoml/5905084/profiles/D5905084_203.nc,20220910153635.0,8.443,53.04,I,846,AO,20230209105715,2022-09-10 15:36:35,aoml,5905084
aoml/5905084/profiles/D5905084_204.nc,20220920152241.0,8.596,51.734,I,846,AO,20230209105715,2022-09-20 15:22:41,aoml,5905084
aoml/5905084/profiles/D5905084_205.nc,20220930151032.0,8.641,50.981,I,846,AO,20230209105715,2022-09-30 15:10:32,aoml,5905084
aoml/5905084/profiles/D5905084_206.nc,20221010142944.0,7.703,50.355,I,846,AO,20230209105716,2022-10-10 14:29:44,aoml,5905084
aoml/5905084/profiles/D5905084_207.nc,20221020135759.0,5.319,49.25,I,846,AO,20230209105716,2022-10-20 13:57:59,aoml,5905084
aoml/5905084/profiles/D5905084_209.nc,20221109124400.0,6.493,51.76,I,846,AO,20230209105716,2022-11-09 12:44:00,aoml,5905084
aoml/5905084/profiles/D5905084_210.nc,20221119114335.0,7.979,52.905,I,846,AO,20230209105716,2022-11-19 11:43:35,aoml,5905084
aoml/5905084/profiles/D5905084_211.nc,20221129105125.0,8.512,54.279,I,846,AO,20230209105716,2022-11-29 10:51:25,aoml,5905084
aoml/5905084/profiles/D5905084_212.nc,20221209100257.0,8.208,54.732,I,846,AO,20230209105716,2022-12-09 10:02:57,aoml,5905084
aoml/5905084/profiles/D5905084_213.nc,20221219090239.0,6.527,53.271,I,846,AO,20230209105716,2022-12-19 09:02:39,aoml,5905084
aoml/5905084/profiles/D5905084_214.nc,20221229081759.0,5.386,53.095,I,846,AO,20230209105717,2022-12-29 08:17:59,aoml,5905084
aoml/5905084/profiles/D5905084_215.nc,20230108075503.0,6.805,52.646,I,846,AO,20230209105717,2023-01-08 07:55:03,aoml,5905084
aoml/5905084/profiles/D5905084_216.nc,20230118071850.0,5.967,50.544,I,846,AO,20230209105717,2023-01-18 07:18:50,aoml,5905084
aoml/5905084/profiles/D5905084_217.nc,20230128064625.0,6.815,51.811,I,846,AO,20230209105717,2023-01-28 06:46:25,aoml,5905084
aoml/5905084/profiles/D5905084_218.nc,20230207053734.0,8.094,50.598,I,846,AO,20230809095335,2023-02-07 05:37:34,aoml,5905084
aoml/5905084/profiles/D5905084_219.nc,20230217050139.0,8.584,50.721,I,846,AO,20230809095335,2023-02-17 05:01:39,aoml,5905084
aoml/5905084/profiles/D5905084_220.nc,20230227033154.0,8.464,50.491,I,846,AO,20230809095336,2023-02-27 03:31:54,aoml,5905084
aoml/5905084/profiles/D5905084_221.nc,20230309004845.0,8.471,50.467,I,846,AO,20230809095336,2023-03-09 00:48:45,aoml,5905084
aoml/5905084/profiles/D5905084_222.nc,20230318222208.0,8.436,50.461,I,846,AO,20230809095336,2023-03-18 22:22:08,aoml,5905084
aoml/5905084/profiles/D5905084_223.nc,20230328211338.0,7.597,51.11,I,846,AO,20230809095336,2023-03-28 21:13:38,aoml,5905084
aoml/5905084/profiles/D5905084_224.nc,20230407201306.0,8.632,51.084,I,846,AO,20230809095336,2023-04-07 20:13:06,aoml,5905084
aoml/5905084/profiles/D5905084_225.nc,20230417185436.0,7.838,52.253,I,846,AO,20230809095336,2023-04-17 18:54:36,aoml,5905084
aoml/5905084/profiles/D5905084_226.nc,20230427182400.0,8.57,51.759,I,846,AO,20230809095336,2023-04-27 18:24:00,aoml,5905084
aoml/5905084/profiles/D5905084_227.nc,20230507173310.0,8.885,52.03,I,846,AO,20230809095336,2023-05-07 17:33:10,aoml,5905084
aoml/5905084/profiles/D5905084_228.nc,20230517173426.0,10.885,52.468,I,846,AO,20230809095337,2023-05-17 17:34:26,aoml,5905084
aoml/5905084/profiles/D5905084_229.nc,20230527162832.0,11.175,52.403,I,846,AO,20230809095337,2023-05-27 16:28:32,aoml,5905084
aoml/5905084/profiles/D5905084_230.nc,20230606160143.0,11.046,52.665,I,846,AO,20230809095337,2023-06-06 16:01:43,aoml,5905084
aoml/5905084/profiles/D5905084_231.nc,20230616153407.0,10.467,52.478,I,846,AO,20230809095337,2023-06-16 15:34:07,aoml,5905084
aoml/5905084/profiles/D5905084_232.nc,20230626145138.0,10.817,54.587,I,846,AO,20230809095337,2023-06-26 14:51:38,aoml,5905084
aoml/5905084/profiles/D5905084_233.nc,20230706145146.0,11.032,53.289,I,846,AO,20230809095337,2023-07-06 14:51:46,aoml,5905084
aoml/5905084/profiles/D5905084_234.nc,20230716142334.0,11.209,54.208,I,846,AO,20230809095337,2023-07-16 14:23:34,aoml,5905084
aoml/5905084/profiles/D5905084_235.nc,20230726122817.0,11.405,53.199,I,846,AO,20230809095338,2023-07-26 12:28:17,aoml,5905084
aoml/5905084/profiles/D5905084_236.nc,20230805114805.0,10.823,52.486,I,846,AO,20230809095338,2023-08-05 11:48:05,aoml,5905084
aoml/5905084/profiles/D5905084_237.nc,20230815111130.0,10.156,52.122,I,846,AO,20240508102435,2023-08-15 11:11:30,aoml,5905084
aoml/5905084/profiles/D5905084_238.nc,20230825102031.0,9.956,52.75,I,846,AO,20240508102436,2023-08-25 10:20:31,aoml,5905084
aoml/5905084/profiles/D5905084_239.nc,20230904095928.0,10.859,53.583,I,846,AO,20240508102436,2023-09-04 09:59:28,aoml,5905084
aoml/5905084/profiles/D5905084_240.nc,20230914092844.0,10.653,53.577,I,846,AO,20240508102436,2023-09-14 09:28:44,aoml,5905084
aoml/5905084/profiles/D5905084_241.nc,20230924085520.0,8.892,53.789,I,846,AO,20240508102436,2023-09-24 08:55:20,aoml,5905084
aoml/5905084/profiles/D5905084_242.nc,20231004075116.0,7.593,54.448,I,846,AO,20240508102436,2023-10-04 07:51:16,aoml,5905084
aoml/5905084/profiles/D5905084_243.nc,20231014070513.0,8.414,54.407,I,846,AO,20240508102436,2023-10-14 07:05:13,aoml,5905084
aoml/5905084/profiles/D5905084_244.nc,20231024062031.0,10.076,54.221,I,846,AO,20240508102436,2023-10-24 06:20:31,aoml,5905084
aoml/5905084/profiles/D5905084_245.nc,20231103054051.0,10.686,55.442,I,846,AO,20240508102437,2023-11-03 05:40:51,aoml,5905084
aoml/5905084/profiles/D5905084_246.nc,20231113043404.0,9.006,53.877,I,846,AO,20240508102437,2023-11-13 04:34:04,aoml,5905084
aoml/5905084/profiles/D5905084_247.nc,20231123040351.0,9.989,52.217,I,846,AO,20240508102437,2023-11-23 04:03:51,aoml,5905084
aoml/5905084/profiles/D5905084_248.nc,20231203031322.0,9.509,53.108,I,846,AO,20240508102437,2023-12-03 03:13:22,aoml,5905084
aoml/5905084/profiles/D5905084_249.nc,20231213025304.0,8.423,52.241,I,846,AO,20240508102437,2023-12-13 02:53:04,aoml,5905084
aoml/5905084/profiles/D5905084_250.nc,20231223023104.0,7.905,51.539,I,846,AO,20240508102437,2023-12-23 02:31:04,aoml,5905084
aoml/5905085/profiles/D5905085_178.nc,20220103225426.0,11.159,69.879,I,846,AO,20220622103541,2022-01-03 22:54:26,aoml,5905085
aoml/5905085/profiles/D5905085_179.nc,20220113221214.0,10.81,69.744,I,846,AO,20220622103542,2022-01-13 22:12:14,aoml,5905085
aoml/5905085/profiles/D5905085_180.nc,20220123220402.0,10.383,69.277,I,846,AO,20220622103542,2022-01-23 22:04:02,aoml,5905085
aoml/5905085/profiles/D5905085_181.nc,20220202213710.0,9.922,68.492,I,846,AO,20220622103542,2022-02-02 21:37:10,aoml,5905085
aoml/5905085/profiles/D5905085_182.nc,20220212212941.0,9.492,67.549,I,846,AO,20220622103542,2022-02-12 21:29:41,aoml,5905085
aoml/5905085/profiles/D5905085_183.nc,20220222202231.0,9.133,66.658,I,846,AO,20220622103542,2022-02-22 20:22:31,aoml,5905085
aoml/5905085/profiles/D5905085_184.nc,20220304194351.0,8.819,66.048,I,846,AO,20220622103542,2022-03-04 19:43:51,aoml,5905085
aoml/5905085/profiles/D5905085_185.nc,20220314190425.0,8.463,65.748,I,846,AO,20220622103542,2022-03-14 19:04:25,aoml,5905085
aoml/5905085/profiles/D5905085_186.nc,20220324184115.0,8.18,65.59,I,846,AO,20220622103542,2022-03-24 18:41:15,aoml,5905085
aoml/5905085/profiles/D5905085_187.nc,20220403175226.0,8.262,65.496,I,846,AO,20220622103542,2022-04-03 17:52:26,aoml,5905085
aoml/5905085/profiles/D5905085_188.nc,20220413172941.0,8.504,65.632,I,846,AO,20220622103543,2022-04-13 17:29:41,aoml,5905085
aoml/5905085/profiles/D5905085_189.nc,20220423164629.0,8.863,65.935,I,846,AO,20220622103543,2022-04-23 16:46:29,aoml,5905085
aoml/5905085/profiles/D5905085_190.nc,20220503164814.0,9.132,66.445,I,846,AO,20220622103543,2022-05-03 16:48:14,aoml,5905085
aoml/5905085/profiles/D5905085_191.nc,20220513161122.0,9.28,67.027,I,846,AO,20220622103543,2022-05-13 16:11:22,aoml,5905085
aoml/5905085/profiles/D5905085_192.nc,20220523153219.0,9.556,67.536,I,846,AO,20220622103543,2022-05-23 15:32:19,aoml,5905085
aoml/5905085/profiles/D5905085_193.nc,20220602152053.0,9.872,67.998,I,846,AO,20220622103543,2022-06-02 15:20:53,aoml,5905085
aoml/5905085/profiles/D5905085_194.nc,20220612144523.0,10.102,68.339,I,846,AO,20230209105722,2022-06-12 14:45:23,aoml,5905085
aoml/5905085/profiles/D5905085_195.nc,20220622143931.0,10.24,68.577,I,846,AO,20230209105722,2022-06-22 14:39:31,aoml,5905085
aoml/5905085/profiles/D5905085_196.nc,20220702141021.0,10.171,68.847,I,846,AO,20230209105722,2022-07-02 14:10:21,aoml,5905085
aoml/5905085/profiles/D5905085_197.nc,20220712133403.0,10.043,69.04,I,846,AO,20230209105722,2022-07-12 13:34:03,aoml,5905085
aoml/5905085/profiles/D5905085_198.nc,20220722130611.0,10.097,69.081,I,846,AO,20230209105722,2022-07-22 13:06:11,aoml,5905085
aoml/5905085/profiles/D5905085_199.nc,20220801124137.0,10.36,69.067,I,846,AO,20230209105722,2022-08-01 12:41:37,aoml,5905085
aoml/5905085/profiles/D5905085_200.nc,20220811122426.0,10.571,69.162,I,846,AO,20230209105722,2022-08-11 12:24:26,aoml,5905085
aoml/5905085/profiles/D5905085_201.nc,20220821114852.0,10.463,69.19,I,846,AO,20230209105722,2022-08-21 11:48:52,aoml,5905085
aoml/5905085/profiles/D5905085_202.nc,20220831112034.0,10.165,69.048,I,846,AO,20230209105723,2022-08-31 11:20:34,aoml,5905085
aoml/5905085/profiles/D5905085_203.nc,20220910105337.0,9.895,68.722,I,846,AO,20230209105723,2022-09-10 10:53:37,aoml,5905085
aoml/5905085/profiles/D5905085_204.nc,20220920101333.0,9.635,68.427,I,846,AO,20230209105723,2022-09-20 10:13:33,aoml,5905085
aoml/5905085/profiles/D5905085_205.nc,20220930095705.0,9.505,68.349,I,846,AO,20230209105723,2022-09-30 09:57:05,aoml,5905085
aoml/5905085/profiles/D5905085_206.nc,20221010091629.0,9.551,68.344,I,846,AO,20230209105723,2022-10-10 09:16:29,aoml,5905085
aoml/5905085/profiles/D5905085_207.nc,20221020083614.0,9.815,68.289,I,846,AO,20230209105723,2022-10-20 08:36:14,aoml,5905085
aoml/5905085/profiles/D5905085_208.nc,20221030080410.0,10.092,68.453,I,846,AO,20230209105723,2022-10-30 08:04:10,aoml,5905085
aoml/5905085/profiles/D5905085_209.nc,20221109073822.0,10.222,68.849,I,846,AO,20230209105723,2022-11-09 07:38:22,aoml,5905085
aoml/5905085/profiles/D5905085_210.nc,20221119072502.0,10.403,69.022,I,846,AO,20230209105724,2022-11-19 07:25:02,aoml,5905085
aoml/5905085/profiles/D5905085_211.nc,20221129065652.0,10.517,69.169,I,846,AO,20230209105724,2022-11-29 06:56:52,aoml,5905085
aoml/5905085/profiles/D5905085_212.nc,20221209062803.0,10.48,69.298,I,846,AO,20230209105724,2022-12-09 06:28:03,aoml,5905085
aoml/5905085/profiles/D5905085_213.nc,20221219061105.0,10.286,69.367,I,846,AO,20230209105724,2022-12-19 06:11:05,aoml,5905085
aoml/5905085/profiles/D5905085_214.nc,20221229053707.0,9.896,69.37,I,846,AO,20230209105724,2022-12-29 05:37:07,aoml,5905085
aoml/5905085/profiles/D5905085_215.nc,20230108045900.0,9.495,69.228,I,846,AO,20230209105724,2023-01-08 04:59:00,aoml,5905085
aoml/5905085/profiles/D5905085_216.nc,20230118043153.0,9.229,68.956,I,846,AO,20230209105724,2023-01-18 04:31:53,aoml,5905085
aoml/5905085/profiles/D5905085_217.nc,20230128035014.0,9.067,68.69,I,846,AO,20230209105724,2023-01-28 03:50:14,aoml,5905085
aoml/5905085/profiles/D5905085_218.nc,20230207033146.0,8.973,68.657,I,846,AO,20230809095456,2023-02-07 03:31:46,aoml,5905085
aoml/5905085/profiles/D5905085_219.nc,20230217032510.0,8.961,68.597,I,846,AO,20230809095456,2023-02-17 03:25:10,aoml,5905085
aoml/5905085/profiles/D5905085_220.nc,20230227032643.0,8.974,68.496,I,846,AO,20230809095456,2023-02-27 03:26:43,aoml,5905085
aoml/5905085/profiles/D5905085_221.nc,20230309023940.0,8.895,68.498,I,846,AO,20230809095456,2023-03-09 02:39:40,aoml,5905085
aoml/5905085/profiles/D5905085_222.nc,20230319021445.0,8.549,68.611,I,846,AO,20230809095456,2023-03-19 02:14:45,aoml,5905085
aoml/5905085/profiles/D5905085_223.nc,20230329015308.0,8.311,68.876,I,846,AO,20230809095456,2023-03-29 01:53:08,aoml,5905085
aoml/5905085/profiles/D5905085_224.nc,20230408013505.0,8.548,69.132,I,846,AO,20230809095457,2023-04-08 01:35:05,aoml,5905085
aoml/5905085/profiles/D5905085_225.nc,20230418013036.0,8.826,69.483,I,846,AO,20230809095457,2023-04-18 01:30:36,aoml,5905085
aoml/5905085/profiles/D5905085_226.nc,20230428010448.0,8.786,69.88,I,846,AO,20230809095457,2023-04-28 01:04:48,aoml,5905085
aoml/5905085/profiles/D5905085_227.nc,20230508005052.0,8.68,70.264,I,846,AO,20230809095457,2023-05-08 00:50:52,aoml,5905085
aoml/5905085/profiles/D5905085_228.nc,20230518004131.0,8.906,70.455,I,846,AO,20230809095457,2023-05-18 00:41:31,aoml,5905085
aoml/5905085/profiles/D5905085_229.nc,20230528003009.0,9.038,70.366,I,846,AO,20230809095457,2023-05-28 00:30:09,aoml,5905085
aoml/5905085/profiles/D5905085_230.nc,20230607003644.0,9.211,70.42,I,846,AO,20230809095457,2023-06-07 00:36:44,aoml,5905085
aoml/5905085/profiles/D5905085_231.nc,20230617000637.0,9.329,70.559,I,846,AO,20230809095457,2023-06-17 00:06:37,aoml,5905085
aoml/5905085/profiles/D5905085_232.nc,20230626234931.0,9.176,70.64,I,846,AO,20230809095458,2023-06-26 23:49:31,aoml,5905085
aoml/5905085/profiles/D5905085_233.nc,20230706232636.0,8.936,70.68,I,846,AO,20230809095458,2023-07-06 23:26:36,aoml,5905085
aoml/5905085/profiles/D5905085_234.nc,20230716230101.0,8.845,70.654,I,846,AO,20230809095458,2023-07-16 23:01:01,aoml,5905085
aoml/5905085/profiles/D5905085_235.nc,20230726230808.0,8.947,70.536,I,846,AO,20230809095458,2023-07-26 23:08:08,aoml,5905085
aoml/5905085/profiles/D5905085_236.nc,20230805222602.0,9.167,70.254,I,846,AO,20230809095458,2023-08-05 22:26:02,aoml,5905085
aoml/5905085/profiles/D5905085_237.nc,20230815213612.0,9.567,69.986,I,846,AO,20240508102447,2023-08-15 21:36:12,aoml,5905085
aoml/5905085/profiles/D5905085_238.nc,20230825205537.0,9.919,69.703,I,846,AO,20240508102447,2023-08-25 20:55:37,aoml,5905085
aoml/5905085/profiles/D5905085_239.nc,20230904203417.0,10.219,69.64,I,846,AO,20240508102447,2023-09-04 20:34:17,aoml,5905085
aoml/5905085/profiles/D5905085_240.nc,20230914202014.0,10.467,69.891,I,846,AO,20240508102447,2023-09-14 20:20:14,aoml,5905085
aoml/5905085/profiles/D5905085_241.nc,20230924200249.0,10.758,70.192,I,846,AO,20240508102447,2023-09-24 20:02:49,aoml,5905085
aoml/5905085/profiles/D5905085_242.nc,20231004192308.0,10.989,70.384,I,846,AO,20240508102448,2023-10-04 19:23:08,aoml,5905085
aoml/5905085/profiles/D5905085_243.nc,20231014185018.0,11.023,70.465,I,846,AO,20240508102448,2023-10-14 18:50:18,aoml,5905085
aoml/5905085/profiles/D5905085_244.nc,20231024183053.0,10.892,70.374,I,846,AO,20240508102448,2023-10-24 18:30:53,aoml,5905085
aoml/5905085/profiles/D5905085_245.nc,20231103180513.0,10.595,70.137,I,846,AO,20240508102448,2023-11-03 18:05:13,aoml,5905085
aoml/5905088/profiles/D5905088_178.nc,20220104113240.0,7.189,74.285,I,846,AO,20220623120448,2022-01-04 11:32:40,aoml,5905088
aoml/5905088/profiles/D5905088_179.nc,20220114111801.0,6.825,74.426,I,846,AO,20220623120450,2022-01-14 11:18:01,aoml,5905088
aoml/5905088/profiles/D5905088_180.nc,20220124111020.0,6.401,74.396,I,846,AO,20220623120451,2022-01-24 11:10:20,aoml,5905088
aoml/5905088/profiles/D5905088_181.nc,20220203104614.0,5.882,74.55,I,846,AO,20220623120453,2022-02-03 10:46:14,aoml,5905088
aoml/5905088/profiles/D5905088_182.nc,20220213103408.0,5.837,75.237,I,846,AO,20220623120455,2022-02-13 10:34:08,aoml,5905088
aoml/5905088/profiles/D5905088_183.nc,20220223102047.0,5.674,75.245,I,846,AO,20220623120457,2022-02-23 10:20:47,aoml,5905088
aoml/5905088/profiles/D5905088_184.nc,20220305095840.0,5.374,75.103,I,846,AO,20220623120459,2022-03-05 09:58:40,aoml,5905088
aoml/5905088/profiles/D5905088_185.nc,20220315094407.0,5.303,74.826,I,846,AO,20220623120501,2022-03-15 09:44:07,aoml,5905088
aoml/5905088/profiles/D5905088_186.nc,20220325093158.0,5.466,74.582,I,846,AO,20220623120502,2022-03-25 09:31:58,aoml,5905088
aoml/5905088/profiles/D5905088_187.nc,20220404092015.0,5.783,74.414,I,846,AO,20220623120504,2022-04-04 09:20:15,aoml,5905088
aoml/5905088/profiles/D5905088_188.nc,20220414090558.0,5.74,74.643,I,846,AO,20220623120505,2022-04-14 09:05:58,aoml,5905088
aoml/5905088/profiles/D5905088_189.nc,20220424085535.0,5.097,74.865,I,846,AO,20220623120507,2022-04-24 08:55:35,aoml,5905088
aoml/5905089/profiles/D5905089_178.nc,20220104154907.0,11.095,71.363,I,846,AO,20220623120638,2022-01-04 15:49:07,aoml,5905089
aoml/5905089/profiles/D5905089_179.nc,20220114141408.0,10.873,71.276,I,846,AO,20220623120638,2022-01-14 14:14:08,aoml,5905089
aoml/5905089/profiles/D5905089_180.nc,20220124125511.0,10.519,71.164,I,846,AO,20220623120638,2022-01-24 12:55:11,aoml,5905089
aoml/5905089/profiles/D5905089_181.nc,20220203112548.0,10.476,71.027,I,846,AO,20220623120638,2022-02-03 11:25:48,aoml,5905089
aoml/5905089/profiles/D5905089_182.nc,20220213095436.0,10.694,70.864,I,846,AO,20220623120639,2022-02-13 09:54:36,aoml,5905089
aoml/5905089/profiles/D5905089_183.nc,20220223081641.0,11.301,70.721,I,846,AO,20220623120639,2022-02-23 08:16:41,aoml,5905089
aoml/5905089/profiles/D5905089_184.nc,20220305064120.0,11.989,70.795,I,846,AO,20220623120639,2022-03-05 06:41:20,aoml,5905089
aoml/5905089/profiles/D5905089_185.nc,20220315051346.0,12.03,71.105,I,846,AO,20220623120639,2022-03-15 05:13:46,aoml,5905089
aoml/5905089/profiles/D5905089_186.nc,20220325044512.0,11.535,71.229,I,846,AO,20220623120639,2022-03-25 04:45:12,aoml,5905089
aoml/5905089/profiles/D5905089_187.nc,20220404034045.0,11.286,71.276,I,846,AO,20220623120639,2022-04-04 03:40:45,aoml,5905089
aoml/5905089/profiles/D5905089_188.nc,20220414023645.0,11.314,71.249,I,846,AO,20220623120639,2022-04-14 02:36:45,aoml,5905089
aoml/5905089/profiles/D5905089_189.nc,20220424011917.0,11.477,71.222,I,846,AO,20220623120639,2022-04-24 01:19:17,aoml,5905089
aoml/5905089/profiles/D5905089_190.nc,20220504003835.0,11.858,71.085,I,846,AO,20220623120640,2022-05-04 00:38:35,aoml,5905089
aoml/5905089/profiles/D5905089_191.nc,20220513235503.0,12.292,70.716,I,846,AO,20220623120640,2022-05-13 23:55:03,aoml,5905089
aoml/5905089/profiles/D5905089_192.nc,20220523231752.0,12.684,70.398,I,846,AO,20220623120640,2022-05-23 23:17:52,aoml,5905089
aoml/5905089/profiles/D5905089_193.nc,20220602223256.0,12.923,70.127,I,846,AO,20220623120640,2022-06-02 22:32:56,aoml,5905089
aoml/5905089/profiles/D5905089_194.nc,20220612220159.0,12.897,70.072,I,846,AO,20230210110340,2022-06-12 22:01:59,aoml,5905089
aoml/5905089/profiles/D5905089_195.nc,20220622213620.0,12.627,70.137,I,846,AO,20230210110340,2022-06-22 21:36:20,aoml,5905089
aoml/5905089/profiles/D5905089_196.nc,20220702210104.0,12.384,70.213,I,846,AO,20230210110340,2022-07-02 21:01:04,aoml,5905089
aoml/5905089/profiles/D5905089_197.nc,20220712202655.0,12.272,70.195,I,846,AO,20230210110340,2022-07-12 20:26:55,aoml,5905089
aoml/5905089/profiles/D5905089_198.nc,20220722194210.0,12.335,70.289,I,846,AO,20230210110341,2022-07-22 19:42:10,aoml,5905089
aoml/5905089/profiles/D5905089_199.nc,20220801185438.0,12.379,70.434,I,846,AO,20230210110341,2022-08-01 18:54:38,aoml,5905089
aoml/5905089/profiles/D5905089_200.nc,20220811183643.0,12.446,70.553,I,846,AO,20230210110341,2022-08-11 18:36:43,aoml,5905089
aoml/5905089/profiles/D5905089_201.nc,20220821180522.0,12.523,70.625,I,846,AO,20230210110341,2022-08-21 18:05:22,aoml,5905089
aoml/5905089/profiles/D5905089_202.nc,20220831171902.0,12.588,70.818,I,846,AO,20230210110341,2022-08-31 17:19:02,aoml,5905089
aoml/5905089/profiles/D5905089_203.nc,20220910163237.0,12.428,71.044,I,846,AO,20230210110341,2022-09-10 16:32:37,aoml,5905089
aoml/5905089/profiles/D5905089_204.nc,20220920161229.0,12.4,71.244,I,846,AO,20230210110341,2022-09-20 16:12:29,aoml,5905089
aoml/5905089/profiles/D5905089_205.nc,20220930153218.0,12.503,71.345,I,846,AO,20230210110341,2022-09-30 15:32:18,aoml,5905089
aoml/5905089/profiles/D5905089_206.nc,20221010144049.0,12.5,71.386,I,846,AO,20230210110342,2022-10-10 14:40:49,aoml,5905089
aoml/5905089/profiles/D5905089_207.nc,20221020134225.0,12.476,71.447,I,846,AO,20230210110342,2022-10-20 13:42:25,aoml,5905089
aoml/5905089/profiles/D5905089_208.nc,20221030123710.0,12.353,71.517,I,846,AO,20230210110342,2022-10-30 12:37:10,aoml,5905089
aoml/5905089/profiles/D5905089_209.nc,20221109112609.0,12.276,71.644,I,846,AO,20230210110342,2022-11-09 11:26:09,aoml,5905089
aoml/5905089/profiles/D5905089_210.nc,20221119094756.0,12.064,71.673,I,846,AO,20230210110342,2022-11-19 09:47:56,aoml,5905089
aoml/5905089/profiles/D5905089_211.nc,20221129075555.0,12.097,71.659,I,846,AO,20230210110342,2022-11-29 07:55:55,aoml,5905089
aoml/5905089/profiles/D5905089_212.nc,20221209060130.0,12.189,71.736,I,846,AO,20230210110342,2022-12-09 06:01:30,aoml,5905089
aoml/5905089/profiles/D5905089_213.nc,20221219044534.0,12.055,71.964,I,846,AO,20230210110342,2022-12-19 04:45:34,aoml,5905089
aoml/5905089/profiles/D5905089_214.nc,20221229033931.0,12.051,72.121,I,846,AO,20230210110342,2022-12-29 03:39:31,aoml,5905089
aoml/5905089/profiles/D5905089_215.nc,20230108023412.0,12.139,72.064,I,846,AO,20230210110343,2023-01-08 02:34:12,aoml,5905089
aoml/5905089/profiles/D5905089_216.nc,20230118013014.0,12.113,71.938,I,846,AO,20230210110343,2023-01-18 01:30:14,aoml,5905089
aoml/5905089/profiles/D5905089_217.nc,20230127233233.0,12.009,71.873,I,846,AO,20230210110343,2023-01-27 23:32:33,aoml,5905089
aoml/5905089/profiles/D5905089_218.nc,20230206221257.0,12.12,71.785,I,846,AO,20230809095627,2023-02-06 22:12:57,aoml,5905089
aoml/5905089/profiles/D5905089_219.nc,20230216205033.0,12.286,71.61,I,846,AO,20230809095627,2023-02-16 20:50:33,aoml,5905089
aoml/5905089/profiles/D5905089_220.nc,20230226194559.0,12.438,71.536,I,846,AO,20230809095627,2023-02-26 19:45:59,aoml,5905089
aoml/5905089/profiles/D5905089_221.nc,20230308190707.0,12.678,71.451,I,846,AO,20230809095627,2023-03-08 19:07:07,aoml,5905089
aoml/5905089/profiles/D5905089_222.nc,20230318180545.0,12.812,71.445,I,846,AO,20230809095627,2023-03-18 18:05:45,aoml,5905089
aoml/5905089/profiles/D5905089_223.nc,20230328165100.0,12.977,71.53,I,846,AO,20230809095627,2023-03-28 16:51:00,aoml,5905089
aoml/5905089/profiles/D5905089_224.nc,20230407154320.0,13.201,71.543,I,846,AO,20230809095628,2023-04-07 15:43:20,aoml,5905089
aoml/5905089/profiles/D5905089_225.nc,20230417144001.0,13.601,71.543,I,846,AO,20230809095628,2023-04-17 14:40:01,aoml,5905089
aoml/5905089/profiles/D5905089_226.nc,20230427141901.0,13.879,71.459,I,846,AO,20230809095628,2023-04-27 14:19:01,aoml,5905089
aoml/5905089/profiles/D5905089_227.nc,20230507141223.0,13.936,71.374,I,846,AO,20230809095628,2023-05-07 14:12:23,aoml,5905089
aoml/5905089/profiles/D5905089_228.nc,20230517133914.0,13.967,71.375,I,846,AO,20230809095628,2023-05-17 13:39:14,aoml,5905089
aoml/5905089/profiles/D5905089_229.nc,20230527130732.0,13.956,71.472,I,846,AO,20230809095628,2023-05-27 13:07:32,aoml,5905089
aoml/5905089/profiles/D5905089_230.nc,20230606121505.0,14.033,71.682,I,846,AO,20230809095628,2023-06-06 12:15:05,aoml,5905089
aoml/5905089/profiles/D5905089_231.nc,20230616114239.0,14.224,71.947,I,846,AO,20230809095628,2023-06-16 11:42:39,aoml,5905089
aoml/5905089/profiles/D5905089_232.nc,20230626102735.0,14.205,72.2,I,846,AO,20230809095629,2023-06-26 10:27:35,aoml,5905089
aoml/5905089/profiles/D5905089_233.nc,20230706093757.0,13.765,72.392,I,846,AO,20230809095629,2023-07-06 09:37:57,aoml,5905089
aoml/5905089/profiles/D5905089_234.nc,20230716083628.0,13.485,72.304,I,846,AO,20230809095629,2023-07-16 08:36:28,aoml,5905089
aoml/5905089/profiles/D5905089_235.nc,20230726065628.0,13.012,72.248,I,846,AO,20230809095629,2023-07-26 06:56:28,aoml,5905089
aoml/5905089/profiles/D5905089_236.nc,20230805051351.0,12.95,72.331,I,846,AO,20230809095629,2023-08-05 05:13:51,aoml,5905089
aoml/5905089/profiles/D5905089_237.nc,20230815034919.0,12.631,72.255,I,846,AO,20240508102538,2023-08-15 03:49:19,aoml,5905089
aoml/5905089/profiles/D5905089_238.nc,20230825023008.0,12.552,72.407,I,846,AO,20240508102539,2023-08-25 02:30:08,aoml,5905089
aoml/5905089/profiles/D5905089_239.nc,20230904012737.0,12.415,72.527,I,846,AO,20240508102539,2023-09-04 01:27:37,aoml,5905089
aoml/5905089/profiles/D5905089_240.nc,20230914000046.0,12.504,73.087,I,846,AO,20240508102539,2023-09-14 00:00:46,aoml,5905089
aoml/5905089/profiles/D5905089_241.nc,20230923225305.0,12.617,73.296,I,846,AO,20240508102539,2023-09-23 22:53:05,aoml,5905089
aoml/5905089/profiles/D5905089_242.nc,20231003212301.0,12.76,73.143,I,846,AO,20240508102539,2023-10-03 21:23:01,aoml,5905089
aoml/5905089/profiles/D5905089_243.nc,20231013210521.0,12.68,72.937,I,846,AO,20240508102539,2023-10-13 21:05:21,aoml,5905089
aoml/5905089/profiles/D5905089_244.nc,20231023204437.0,12.457,72.747,I,846,AO,20240508102540,2023-10-23 20:44:37,aoml,5905089
aoml/5905089/profiles/D5905089_245.nc,20231102194846.0,12.331,72.572,I,846,AO,20240508102540,2023-11-02 19:48:46,aoml,5905089
aoml/5905089/profiles/D5905089_246.nc,20231112181505.0,12.277,72.763,I,846,AO,20240508102540,2023-11-12 18:15:05,aoml,5905089
aoml/5905089/profiles/D5905089_247.nc,20231122163723.0,12.206,73.048,I,846,AO,20240508102540,2023-11-22 16:37:23,aoml,5905089
aoml/5905089/profiles/D5905089_248.nc,20231202145434.0,12.306,73.34,I,846,AO,20240508102540,2023-12-02 14:54:34,aoml,5905089
aoml/5905089/profiles/D5905089_249.nc,20231212144623.0,12.542,73.591,I,846,AO,20240508102540,2023-12-12 14:46:23,aoml,5905089
aoml/5905089/profiles/D5905089_250.nc,20231222144550.0,12.485,73.649,I,846,AO,20240508102540,2023-12-22 14:45:50,aoml,5905089
aoml/5905090/profiles/D5905090_180.nc,20220125220232.0,5.358,83.739,I,846,AO,20220623120645,2022-01-25 22:02:32,aoml,5905090
aoml/5905090/profiles/D5905090_181.nc,20220204214320.0,5.023,84.93,I,846,AO,20220623120646,2022-02-04 21:43:20,aoml,5905090
bodc/1901897/profiles/R1901897_133.nc,20220107120747.0,14.833,55.747,I,846,BO,20231023213609,2022-01-07 12:07:47,bodc,1901897
bodc/1901897/profiles/R1901897_134.nc,20220117133934.0,15.921,55.681,I,846,BO,20231023213650,2022-01-17 13:39:34,bodc,1901897
bodc/1901897/profiles/R1901897_135.nc,20220127113051.0,16.441,56.026,I,846,BO,20231023213700,2022-01-27 11:30:51,bodc,1901897
bodc/1901897/profiles/R1901897_136.nc,20220206133614.0,15.849,56.486,I,846,BO,20231023213713,2022-02-06 13:36:14,bodc,1901897
bodc/1901897/profiles/R1901897_137.nc,20220216115120.0,15.194,56.126,I,846,BO,20231023213723,2022-02-16 11:51:20,bodc,1901897
bodc/1901897/profiles/R1901897_138.nc,20220226134037.0,15.159,55.714,I,846,BO,20231023213732,2022-02-26 13:40:37,bodc,1901897
bodc/1901897/profiles/R1901897_139.nc,20220308112454.0,15.299,55.399,I,846,BO,20231023213742,2022-03-08 11:24:54,bodc,1901897
bodc/1901897/profiles/R1901897_140.nc,20220318134748.0,15.696,55.405,I,846,BO,20231023213640,2022-03-18 13:47:48,bodc,1901897
bodc/1901897/profiles/R1901897_141.nc,20220328112711.0,16.259,56.308,I,846,BO,20231023213752,2022-03-28 11:27:11,bodc,1901897
bodc/1901897/profiles/R1901897_142.nc,20220407134716.0,15.574,57.239,I,846,BO,20231023213856,2022-04-07 13:47:16,bodc,1901897
bodc/1901897/profiles/R1901897_143.nc,20220417115603.0,15.455,57.415,I,846,BO,20231023213803,2022-04-17 11:56:03,bodc,1901897
bodc/1901897/profiles/R1901897_144.nc,20220427134232.0,16.063,57.35,I,846,BO,20231023213836,2022-04-27 13:42:32,bodc,1901897
bodc/1901897/profiles/R1901897_145.nc,20220507111537.0,16.467,57.348,I,846,BO,20231023213814,2022-05-07 11:15:37,bodc,1901897
bodc/1901897/profiles/R1901897_146.nc,20220517135807.0,16.57,57.555,I,846,BO,20231023213825,2022-05-17 13:58:07,bodc,1901897
bodc/1901897/profiles/R1901897_147.nc,20220527114018.0,16.181,57.976,I,846,BO,20231023213846,2022-05-27 11:40:18,bodc,1901897
bodc/1901897/profiles/R1901897_148.nc,20220606134748.0,15.698,58.363,I,846,BO,20231023213912,2022-06-06 13:47:48,bodc,1901897
bodc/1901897/profiles/R1901897_149.nc,20220616114029.0,15.78,58.827,I,846,BO,20231023214014,2022-06-16 11:40:29,bodc,1901897
bodc/1901897/profiles/R1901897_150.nc,20220626135910.0,15.921,59.436,I,846,BO,20231023213942,2022-06-26 13:59:10,bodc,1901897
bodc/1901897/profiles/R1901897_151.nc,20220706112515.0,15.865,60.133,I,846,BO,20231023213922,2022-07-06 11:25:15,bodc,1901897
bodc/1901897/profiles/R1901897_152.nc,20220716135220.0,15.965,60.568,I,846,BO,20231023213932,2022-07-16 13:52:20,bodc,1901897
bodc/1901897/profiles/R1901897_153.nc,20220726112938.0,16.247,60.831,I,846,BO,20231023213952,2022-07-26 11:29:38,bodc,1901897
bodc/1901897/profiles/R1901897_154.nc,20220805135437.0,16.271,61.057,I,846,BO,20231023214004,2022-08-05 13:54:37,bodc,1901897
bodc/1901897/profiles/R1901897_155.nc,20220815111918.0,16.223,61.422,I,846,BO,20231023214107,2022-08-15 11:19:18,bodc,1901897
bodc/1901897/profiles/R1901897_156.nc,20220825134335.0,16.032,61.65,I,846,BO,20231023214055,2022-08-25 13:43:35,bodc,1901897
bodc/1901897/profiles/R1901897_157.nc,20220904113246.0,15.802,61.765,I,846,BO,20231023214127,2022-09-04 11:32:46,bodc,1901897
bodc/1901897/profiles/R1901897_158.nc,20220914133809.0,15.64,61.985,I,846,BO,20231023214034,2022-09-14 13:38:09,bodc,1901897
bodc/1901897/profiles/R1901897_159.nc,20220924114532.0,15.488,62.291,I,846,BO,20231023214024,2022-09-24 11:45:32,bodc,1901897
bodc/1901897/profiles/R1901897_160.nc,20221004134108.0,15.505,62.512,I,846,BO,20231023214045,2022-10-04 13:41:08,bodc,1901897
bodc/1901897/profiles/R1901897_161.nc,20221014111043.0,15.656,62.524,I,846,BO,20231023214116,2022-10-14 11:10:43,bodc,1901897
bodc/1901897/profiles/R1901897_162.nc,20221024134818.0,15.921,62.425,I,846,BO,20231023214221,2022-10-24 13:48:18,bodc,1901897
bodc/1901897/profiles/R1901897_163.nc,20221103131530.0,15.986,62.416,I,846,BO,20231023214211,2022-11-03 13:15:30,bodc,1901897
bodc/1901897/profiles/R1901897_164.nc,20221113135241.0,15.948,62.252,I,846,BO,20231023214148,2022-11-13 13:52:41,bodc,1901897
bodc/1901897/profiles/R1901897_165.nc,20221123131746.0,16.105,61.992,I,846,BO,20231023214241,2022-11-23 13:17:46,bodc,1901897
bodc/1901897/profiles/R1901897_166.nc,20221203134633.0,16.473,61.629,I,846,BO,20231023214159,2022-12-03 13:46:33,bodc,1901897
bodc/1901897/profiles/R1901897_167.nc,20221213122444.0,16.632,61.314,I,846,BO,20231023214231,2022-12-13 12:24:44,bodc,1901897
bodc/1901897/profiles/R1901897_168.nc,20221223134519.0,16.533,60.855,I,846,BO,20231023214137,2022-12-23 13:45:19,bodc,1901897
bodc/1901897/profiles/R1901897_169.nc,20230102113101.0,16.474,60.362,I,846,BO,20231023214343,2023-01-02 11:31:01,bodc,1901897
bodc/1901897/profiles/R1901897_170.nc,20230112133830.0,16.378,59.732,I,846,BO,20231023214251,2023-01-12 13:38:30,bodc,1901897
bodc/1901897/profiles/R1901897_171.nc,20230122120118.0,16.376,58.917,I,846,BO,20231023214333,2023-01-22 12:01:18,bodc,1901897
bodc/1901897/profiles/R1901897_172.nc,20230201134541.0,16.443,58.302,I,846,BO,20231023214313,2023-02-01 13:45:41,bodc,1901897
bodc/1901897/profiles/R1901897_173.nc,20230211121240.0,16.537,57.879,I,846,BO,20231023214302,2023-02-11 12:12:40,bodc,1901897
bodc/1901897/profiles/R1901897_174.nc,20230221135458.0,16.5,57.568,I,846,BO,20231023214353,2023-02-21 13:54:58,bodc,1901897
bodc/1901897/profiles/R1901897_175.nc,20230303110415.0,16.399,57.409,I,846,BO,20231023214323,2023-03-03 11:04:15,bodc,1901897
bodc/1901897/profiles/R1901897_176.nc,20230313134850.0,16.197,57.416,I,846,BO,20231023214405,2023-03-13 13:48:50,bodc,1901897
bodc/1901897/profiles/R1901897_177.nc,20230323112402.0,15.718,57.442,I,846,BO,20231023214456,2023-03-23 11:24:02,bodc,1901897
bodc/1901897/profiles/R1901897_178.nc,20230402135313.0,15.269,57.083,I,846,BO,20231023214425,2023-04-02 13:53:13,bodc,1901897
bodc/1901897/profiles/R1901897_179.nc,20230412115624.0,15.038,57.004,I,846,BO,20231023214508,2023-04-12 11:56:24,bodc,1901897
bodc/1901897/profiles/R1901897_180.nc,20230422134130.0,15.03,56.712,I,846,BO,20231023214445,2023-04-22 13:41:30,bodc,1901897
bodc/1901897/profiles/R1901897_181.nc,20230502134753.0,15.239,56.568,I,846,BO,20231023214435,2023-05-02 13:47:53,bodc,1901897
bodc/1901897/profiles/R1901897_182.nc,20230512135540.0,16.044,56.259,I,846,BO,20231023214415,2023-05-12 13:55:40,bodc,1901897
bodc/1901897/profiles/R1901897_183.nc,20230522113215.0,16.582,55.645,I,846,BO,20231023214519,2023-05-22 11:32:15,bodc,1901897
bodc/1901897/profiles/R1901897_184.nc,20230601134851.0,16.767,55.197,I,846,BO,20231023214549,2023-06-01 13:48:51,bodc,1901897
bodc/1901897/profiles/R1901897_185.nc,20230611111950.0,17.19,55.514,I,846,BO,20231023214539,2023-06-11 11:19:50,bodc,1901897
bodc/1901897/profiles/R1901897_186.nc,20230621135231.0,17.411,55.986,I,846,BO,20231023214529,2023-06-21 13:52:31,bodc,1901897
bodc/1901897/profiles/R1901897_187.nc,20230701113524.0,17.486,56.572,I,846,BO,20231023214622,2023-07-01 11:35:24,bodc,1901897
bodc/1901897/profiles/R1901897_188.nc,20230711111842.0,17.307,57.223,I,846,BO,20231023214632,2023-07-11 11:18:42,bodc,1901897
bodc/1901897/profiles/R1901897_189.nc,20230721112341.0,17.305,57.051,I,846,BO,20231023214612,2023-07-21 11:23:41,bodc,1901897
bodc/1901897/profiles/R1901897_190.nc,20230731134058.0,17.038,57.23,I,846,BO,20231023214600,2023-07-31 13:40:58,bodc,1901897
bodc/1901897/profiles/R1901897_191.nc,20230810133403.0,17.373,57.115,I,846,BO,20231023214642,2023-08-10 13:34:03,bodc,1901897
bodc/1901897/profiles/R1901897_192.nc,20230820135138.0,17.46,56.919,I,846,BO,20231023214705,2023-08-20 13:51:38,bodc,1901897
bodc/1901897/profiles/R1901897_193.nc,20230830121837.0,17.474,57.111,I,846,BO,20231023214751,2023-08-30 12:18:37,bodc,1901897
bodc/1901897/profiles/R1901897_194.nc,20230909114548.0,17.531,57.081,I,846,BO,20231023214652,2023-09-09 11:45:48,bodc,1901897
bodc/1901897/profiles/R1901897_195.nc,20230919134000.0,17.488,57.584,I,846,BO,20231023214728,2023-09-19 13:40:00,bodc,1901897
bodc/1901897/profiles/R1901897_196.nc,20230929120205.0,17.817,57.708,I,846,BO,20231023214717,2023-09-29 12:02:05,bodc,1901897
bodc/1901897/profiles/R1901897_197.nc,20231009120746.0,17.736,57.7,I,846,BO,20231023214739,2023-10-09 12:07:46,bodc,1901897
bodc/1901897/profiles/R1901897_198.nc,20231019113045.0,17.709,57.628,I,846,BO,20231023214805,2023-10-19 11:30:45,bodc,1901897
bodc/1901897/profiles/R1901897_199.nc,20231029111732.0,17.781,57.609,I,846,BO,20231030082511,2023-10-29 11:17:32,bodc,1901897
bodc/1901897/profiles/R1901897_200.nc,20231108130649.0,17.858,57.715,I,846,BO,20231109023713,2023-11-08 13:06:49,bodc,1901897
bodc/1901897/profiles/R1901897_201.nc,20231118132548.0,17.738,57.879,I,846,BO,20231118202506,2023-11-18 13:25:48,bodc,1901897
bodc/1901897/profiles/R1901897_202.nc,20231128104042.0,17.15,58.481,I,846,BO,20231128202814,2023-11-28 10:40:42,bodc,1901897
bodc/1901897/profiles/R1901897_203.nc,20231208104335.0,17.377,58.321,I,846,BO,20231208200513,2023-12-08 10:43:35,bodc,1901897
bodc/1901897/profiles/R1901897_204.nc,20231218102034.0,17.027,57.686,I,846,BO,20231218140602,2023-12-18 10:20:34,bodc,1901897
bodc/1901897/profiles/R1901897_205.nc,20231228105128.0,17.119,57.41,I,846,BO,20231228140558,2023-12-28 10:51:28,bodc,1901897
bodc/1901898/profiles/D1901898_132.nc,20220103214900.0,15.955,54.962,I,846,BO,20240604040119,2022-01-03 21:49:00,bodc,1901898
bodc/1901898/profiles/D1901898_133.nc,20220113200201.0,14.935,54.465,I,846,BO,20240604040316,2022-01-13 20:02:01,bodc,1901898
bodc/1901898/profiles/D1901898_134.nc,20220123215122.0,14.44,54.531,I,846,BO,20240604040012,2022-01-23 21:51:22,bodc,1901898
bodc/1901898/profiles/D1901898_135.nc,20220202190838.0,14.722,54.555,I,846,BO,20240604040032,2022-02-02 19:08:38,bodc,1901898
bodc/1901898/profiles/D1901898_136.nc,20220212214455.0,16.204,53.998,I,846,BO,20240604040046,2022-02-12 21:44:55,bodc,1901898
bodc/1901898/profiles/D1901898_137.nc,20220222191608.0,15.236,52.455,I,846,BO,20240604040332,2022-02-22 19:16:08,bodc,1901898
bodc/1901898/profiles/D1901898_138.nc,20220304192925.0,13.411,51.745,I,846,BO,20240604040529,2022-03-04 19:29:25,bodc,1901898
bodc/1901898/profiles/D1901898_139.nc,20220314212947.0,13.295,52.59,I,846,BO,20240604040349,2022-03-14 21:29:47,bodc,1901898
bodc/1901898/profiles/D1901898_140.nc,20220324202732.0,14.171,51.634,I,846,BO,20240604040405,2022-03-24 20:27:32,bodc,1901898
bodc/1901898/profiles/D1901898_141.nc,20220403214945.0,13.169,51.298,I,846,BO,20240604040608,2022-04-03 21:49:45,bodc,1901898
bodc/1901898/profiles/D1901898_142.nc,20220413212114.0,14.14,52.269,I,846,BO,20240604040625,2022-04-13 21:21:14,bodc,1901898
bodc/1901898/profiles/D1901898_143.nc,20220423214403.0,14.326,50.955,I,846,BO,20240604040637,2022-04-23 21:44:03,bodc,1901898
bodc/1901898/profiles/D1901898_144.nc,20220503194732.0,13.806,50.549,I,846,BO,20240604040650,2022-05-03 19:47:32,bodc,1901898
bodc/1901898/profiles/D1901898_145.nc,20220513203813.0,15.051,52.306,I,846,BO,20240604040808,2022-05-13 20:38:13,bodc,1901898
bodc/1901898/profiles/D1901898_146.nc,20220523192711.0,15.382,52.95,I,846,BO,20240604040741,2022-05-23 19:27:11,bodc,1901898
bodc/1901898/profiles/D1901898_147.nc,20220602194156.0,15.32,53.261,I,846,BO,20240604040838,2022-06-02 19:41:56,bodc,1901898
bodc/1901898/profiles/D1901898_148.nc,20220612214853.0,15.654,52.905,I,846,BO,20240604040753,2022-06-12 21:48:53,bodc,1901898
bodc/1901898/profiles/D1901898_149.nc,20220622214518.0,15.403,52.615,I,846,BO,20240604040717,2022-06-22 21:45:18,bodc,1901898
bodc/1901898/profiles/D1901898_150.nc,20220702212705.0,14.261,52.053,I,846,BO,20240604040702,2022-07-02 21:27:05,bodc,1901898
bodc/1901898/profiles/D1901898_151.nc,20220712214528.0,14.14,52.674,I,846,BO,20240604040730,2022-07-12 21:45:28,bodc,1901898
bodc/1901898/profiles/D1901898_152.nc,20220722191809.0,13.72,51.932,I,846,BO,20240604040821,2022-07-22 19:18:09,bodc,1901898
bodc/1901898/profiles/D1901898_153.nc,20220801214030.0,14.361,53.116,I,846,BO,20240604040906,2022-08-01 21:40:30,bodc,1901898
bodc/1901898/profiles/D1901898_154.nc,20220811193215.0,14.185,53.035,I,846,BO,20240604041121,2022-08-11 19:32:15,bodc,1901898
bodc/1901898/profiles/D1901898_155.nc,20220821214800.0,14.883,55.117,I,846,BO,20240604041332,2022-08-21 21:48:00,bodc,1901898
bodc/1901898/profiles/D1901898_156.nc,20220831203149.0,15.492,55.763,I,846,BO,20240604041544,2022-08-31 20:31:49,bodc,1901898
bodc/1901898/profiles/D1901898_157.nc,20220910220249.0,16.361,55.24,I,846,BO,20240604041227,2022-09-10 22:02:49,bodc,1901898
bodc/1901898/profiles/D1901898_158.nc,20220920195646.0,15.973,54.496,I,846,BO,20240604041528,2022-09-20 19:56:46,bodc,1901898
bodc/1901898/profiles/D1901898_159.nc,20220930220131.0,16.114,54.968,I,846,BO,20240604041204,2022-09-30 22:01:31,bodc,1901898
bodc/1901898/profiles/D1901898_160.nc,20221010195740.0,16.605,54.403,I,846,BO,20240604041315,2022-10-10 19:57:40,bodc,1901898
bodc/1901898/profiles/D1901898_161.nc,20221020210557.0,16.808,54.406,I,846,BO,20240604041626,2022-10-20 21:05:57,bodc,1901898
bodc/1901898/profiles/D1901898_162.nc,20221030184727.0,16.836,54.322,I,846,BO,20240604041758,2022-10-30 18:47:27,bodc,1901898
bodc/1901898/profiles/D1901898_163.nc,20221109195120.0,16.691,53.959,I,846,BO,20240604041659,2022-11-09 19:51:20,bodc,1901898
bodc/1901898/profiles/D1901898_164.nc,20221119202637.0,16.604,53.828,I,846,BO,20240604041556,2022-11-19 20:26:37,bodc,1901898
bodc/1901898/profiles/D1901898_165.nc,20221129205351.0,16.97,55.237,I,846,BO,20240604041718,2022-11-29 20:53:51,bodc,1901898
bodc/1901898/profiles/D1901898_166.nc,20221209185508.0,17.077,55.534,I,846,BO,20240604041739,2022-12-09 18:55:08,bodc,1901898
bodc/1901898/profiles/D1901898_167.nc,20221219184245.0,17.369,55.63,I,846,BO,20240604041818,2022-12-19 18:42:45,bodc,1901898
bodc/1901898/profiles/D1901898_168.nc,20221229211014.0,16.958,55.244,I,846,BO,20240604042033,2022-12-29 21:10:14,bodc,1901898
bodc/1901898/profiles/D1901898_169.nc,20230108185607.0,15.287,55.993,I,846,BO,20240604042100,2023-01-08 18:56:07,bodc,1901898
bodc/1901898/profiles/D1901898_170.nc,20230118191600.0,15.581,56.736,I,846,BO,20240604042152,2023-01-18 19:16:00,bodc,1901898
bodc/1901898/profiles/D1901898_171.nc,20230128193001.0,16.734,56.038,I,846,BO,20240604042128,2023-01-28 19:30:01,bodc,1901898
bodc/1901898/profiles/D1901898_172.nc,20230207211247.0,16.891,55.127,I,846,BO,20240604041852,2023-02-07 21:12:47,bodc,1901898
bodc/1901898/profiles/D1901898_173.nc,20230217211504.0,16.667,54.123,I,846,BO,20240604042141,2023-02-17 21:15:04,bodc,1901898
bodc/1901898/profiles/D1901898_174.nc,20230227210622.0,16.302,53.017,I,846,BO,20240604041836,2023-02-27 21:06:22,bodc,1901898
bodc/1901898/profiles/D1901898_175.nc,20230309212151.0,15.484,52.523,I,846,BO,20240604041909,2023-03-09 21:21:51,bodc,1901898
bodc/1901898/profiles/D1901898_176.nc,20230319204812.0,14.501,51.8,I,846,BO,20240604042208,2023-03-19 20:48:12,bodc,1901898
bodc/1901898/profiles/D1901898_177.nc,20230329183701.0,13.561,51.759,I,846,BO,20240604042508,2023-03-29 18:37:01,bodc,1901898
bodc/1901898/profiles/D1901898_178.nc,20230408185314.0,13.142,52.101,I,846,BO,20240604042336,2023-04-08 18:53:14,bodc,1901898
bodc/1901898/profiles/D1901898_179.nc,20230418191816.0,12.959,52.31,I,846,BO,20240604042539,2023-04-18 19:18:16,bodc,1901898
bodc/1901898/profiles/D1901898_180.nc,20230428185833.0,13.757,52.06,I,846,BO,20240604042417,2023-04-28 18:58:33,bodc,1901898
bodc/1901898/profiles/D1901898_181.nc,20230508203442.0,14.284,51.662,I,846,BO,20240604043106,2023-05-08 20:34:42,bodc,1901898
bodc/1901898/profiles/D1901898_182.nc,20230518191239.0,14.508,50.519,I,846,BO,20240604042614,2023-05-18 19:12:39,bodc,1901898
bodc/1901898/profiles/D1901898_183.nc,20230528192004.0,13.812,49.53,I,846,BO,20240604042445,2023-05-28 19:20:04,bodc,1901898
bodc/1901898/profiles/D1901898_184.nc,20230607193958.0,13.425,49.759,I,846,BO,20240604042358,2023-06-07 19:39:58,bodc,1901898
bodc/1901898/profiles/D1901898_185.nc,20230617214147.0,14.191,49.643,I,846,BO,20240604043148,2023-06-17 21:41:47,bodc,1901898
bodc/1901898/profiles/D1901898_186.nc,20230627220308.0,13.512,48.92,I,846,BO,20240604043225,2023-06-27 22:03:08,bodc,1901898
bodc/1901898/profiles/D1901898_187.nc,20230707211617.0,13.035,48.63,I,846,BO,20240604043246,2023-07-07 21:16:17,bodc,1901898
bodc/1901898/profiles/D1901898_188.nc,20230717214035.0,13.382,49.326,I,846,BO,20240604043405,2023-07-17 21:40:35,bodc,1901898
bodc/1901898/profiles/D1901898_189.nc,20230727214336.0,13.501,48.804,I,846,BO,20240604043421,2023-07-27 21:43:36,bodc,1901898
bodc/1901898/profiles/D1901898_190.nc,20230806185925.0,13.191,49.075,I,846,BO,20240604043349,2023-08-06 18:59:25,bodc,1901898
bodc/1901898/profiles/D1901898_191.nc,20230816190607.0,13.107,48.3,I,846,BO,20240604043320,2023-08-16 19:06:07,bodc,1901898
bodc/1901898/profiles/D1901898_192.nc,20230826191120.0,12.345,48.442,I,846,BO,20240604043336,2023-08-26 19:11:20,bodc,1901898
bodc/1901898/profiles/D1901898_193.nc,20230905185857.0,12.655,49.742,I,846,BO,20240604043435,2023-09-05 18:58:57,bodc,1901898
bodc/1901898/profiles/D1901898_194.nc,20230915194346.0,13.45,49.422,I,846,BO,20240604043451,2023-09-15 19:43:46,bodc,1901898
bodc/1901898/profiles/D1901898_195.nc,20230925215932.0,13.919,49.319,I,846,BO,20240604043612,2023-09-25 21:59:32,bodc,1901898
bodc/1901898/profiles/D1901898_196.nc,20231005193509.0,14.173,49.983,I,846,BO,20240604043555,2023-10-05 19:35:09,bodc,1901898
bodc/1901898/profiles/D1901898_197.nc,20231015220154.0,13.906,50.286,I,846,BO,20240604043949,2023-10-15 22:01:54,bodc,1901898
bodc/1901898/profiles/D1901898_198.nc,20231025203951.0,13.425,50.049,I,846,BO,20240604043510,2023-10-25 20:39:51,bodc,1901898
bodc/1901898/profiles/D1901898_199.nc,20231104215612.0,12.312,50.24,I,846,BO,20240604043639,2023-11-04 21:56:12,bodc,1901898
bodc/1901898/profiles/D1901898_200.nc,20231114205526.0,11.842,50.127,I,846,BO,20240604043655,2023-11-14 20:55:26,bodc,1901898
bodc/1901898/profiles/D1901898_201.nc,20231124213423.0,11.794,49.776,I,846,BO,20240604044037,2023-11-24 21:34:23,bodc,1901898
bodc/1901898/profiles/D1901898_202.nc,20231204190748.0,11.989,49.46,I,846,BO,20240604044223,2023-12-04 19:07:48,bodc,1901898
bodc/1901898/profiles/D1901898_203.nc,20231214192445.0,12.204,49.338,I,846,BO,20240604044256,2023-12-14 19:24:45,bodc,1901898
bodc/1901898/profiles/D1901898_204.nc,20231224194729.0,12.445,48.993,I,846,BO,20240604044157,2023-12-24 19:47:29,bodc,1901898
coriolis/1902594/profiles/R1902594_001.nc,20230616153513.0,5.359,80.069,I,834,IF,20241210074625,2023-06-16 15:35:13,coriolis,1902594
coriolis/1902594/profiles/R1902594_001D.nc,20230615221557.0,5.336,79.973,I,834,IF,20241210074623,2023-06-15 22:15:57,coriolis,1902594
coriolis/1902594/profiles/R1902594_002.nc,20230617093720.0,5.399,80.203,I,834,IF,20241210074626,2023-06-17 09:37:20,coriolis,1902594
coriolis/1902594/profiles/R1902594_002D.nc,20230616160804.0,5.359,80.069,I,834,IF,20241210074625,2023-06-16 16:08:04,coriolis,1902594
coriolis/1902594/profiles/R1902594_003.nc,20230618034024.0,5.418,80.363,I,834,IF,20241210074628,2023-06-18 03:40:24,coriolis,1902594
coriolis/1902594/profiles/R1902594_003D.nc,20230617101507.0,5.399,80.203,I,834,IF,20241210074627,2023-06-17 10:15:07,coriolis,1902594
coriolis/1902594/profiles/R1902594_004.nc,20230618213635.0,5.44,80.526,I,834,IF,20241210074629,2023-06-18 21:36:35,coriolis,1902594
coriolis/1902594/profiles/R1902594_004D.nc,20230618041520.0,5.418,80.363,I,834,IF,20241210074628,2023-06-18 04:15:20,coriolis,1902594
coriolis/1902594/profiles/R1902594_005.nc,20230619152646.0,5.486,80.699,I,834,IF,20241210074631,2023-06-19 15:26:46,coriolis,1902594
coriolis/1902594/profiles/R1902594_005D.nc,20230618220930.0,5.44,80.526,I,834,IF,20241210074630,2023-06-18 22:09:30,coriolis,1902594
coriolis/1902594/profiles/R1902594_006.nc,20230629104756.0,6.201,82.077,I,834,IF,20241210074632,2023-06-29 10:47:56,coriolis,1902594
coriolis/1902594/profiles/R1902594_007.nc,20230709060305.0,7.15,82.866,I,834,IF,20241210074633,2023-07-09 06:03:05,coriolis,1902594
coriolis/1902594/profiles/R1902594_008.nc,20230719011623.0,8.483,81.903,I,834,IF,20241210074634,2023-07-19 01:16:23,coriolis,1902594
coriolis/1902594/profiles/R1902594_009.nc,20230728202416.0,10.921,81.639,I,834,IF,20241210074635,2023-07-28 20:24:16,coriolis,1902594
coriolis/1902594/profiles/R1902594_010.nc,20230807153132.0,10.64,82.461,I,834,IF,20241210074636,2023-08-07 15:31:32,coriolis,1902594
coriolis/1902594/profiles/R1902594_011.nc,20230817103349.0,9.08,82.489,I,834,IF,20241210074637,2023-08-17 10:33:49,coriolis,1902594
coriolis/1902594/profiles/R1902594_012.nc,20230827045508.0,9.663,83.128,I,834,IF,20241210074638,2023-08-27 04:55:08,coriolis,1902594
coriolis/1902594/profiles/R1902594_013.nc,20230905232238.0,9.964,83.156,I,834,IF,20241210074639,2023-09-05 23:22:38,coriolis,1902594
coriolis/1902594/profiles/R1902594_014.nc,20230915175044.0,10.671,83.14,I,834,IF,20241210074640,2023-09-15 17:50:44,coriolis,1902594
coriolis/1902594/profiles/R1902594_015.nc,20230925121454.0,11.533,82.942,I,834,IF,20241210074641,2023-09-25 12:14:54,coriolis,1902594
coriolis/1902594/profiles/R1902594_016.nc,20231005063421.0,12.227,82.675,I,834,IF,20241210074642,2023-10-05 06:34:21,coriolis,1902594
coriolis/1902594/profiles/R1902594_017.nc,20231015010042.0,12.722,82.897,I,834,IF,20241210074643,2023-10-15 01:00:42,coriolis,1902594
coriolis/1902594/profiles/R1902594_018.nc,20231024192123.0,12.526,83.131,I,834,IF,20241210074644,2023-10-24 19:21:23,coriolis,1902594
coriolis/1902594/profiles/R1902594_019.nc,20231103134238.0,12.686,83.397,I,834,IF,20241210074645,2023-11-03 13:42:38,coriolis,1902594
coriolis/1902594/profiles/R1902594_020.nc,20231113080833.0,12.691,83.953,I,834,IF,20241210074646,2023-11-13 08:08:33,coriolis,1902594
coriolis/1902594/profiles/R1902594_021.nc,20231123023155.0,12.29,84.284,I,834,IF,20241210074647,2023-11-23 02:31:55,coriolis,1902594
coriolis/1902594/profiles/R1902594_022.nc,20231202210014.0,11.804,84.013,I,834,IF,20241210074648,2023-12-02 21:00:14,coriolis,1902594
coriolis/1902594/profiles/R1902594_023.nc,20231212152713.0,11.67,83.558,I,834,IF,20241210074649,2023-12-12 15:27:13,coriolis,1902594
coriolis/1902594/profiles/R1902594_024.nc,20231222095511.0,11.387,83.42,I,834,IF,20241210074650,2023-12-22 09:55:11,coriolis,1902594
coriolis/4903660/profiles/R4903660_001.nc,20230605221301.0,17.667,66.465,I,834,IF,20250325105605,2023-06-05 22:13:01,coriolis,4903660
coriolis/4903660/profiles/R4903660_001D.nc,20230605043747.0,17.635,66.446,I,834,IF,20250325105604,2023-06-05 04:37:47,coriolis,4903660
coriolis/4903660/profiles/R4903660_002.nc,20230606072017.0,17.686,66.473,I,834,IF,20250325105607,2023-06-06 07:20:17,coriolis,4903660
coriolis/4903660/profiles/R4903660_003.nc,20230607070922.0,17.714,66.517,I,834,IF,20250325105608,2023-06-07 07:09:22,coriolis,4903660
coriolis/4903660/profiles/R4903660_004.nc,20230608070122.0,17.732,66.561,I,834,IF,20250325105609,2023-06-08 07:01:22,coriolis,4903660
coriolis/4903660/profiles/R4903660_005.nc,20230609070523.0,17.741,66.616,I,834,IF,20250325105611,2023-06-09 07:05:23,coriolis,4903660
coriolis/4903660/profiles/R4903660_006.nc,20230610070321.0,17.733,66.665,I,834,IF,20250325105612,2023-06-10 07:03:21,coriolis,4903660
coriolis/4903660/profiles/R4903660_007.nc,20230611070522.0,17.688,66.664,I,834,IF,20250325105613,2023-06-11 07:05:22,coriolis,4903660
coriolis/4903660/profiles/R4903660_008.nc,20230612070323.0,17.572,66.701,I,834,IF,20250325105614,2023-06-12 07:03:23,coriolis,4903660
coriolis/4903660/profiles/R4903660_009.nc,20230621071118.0,16.991,66.606,I,834,IF,20250325105615,2023-06-21 07:11:18,coriolis,4903660
coriolis/4903660/profiles/R4903660_010.nc,20230630070917.0,16.609,66.19,I,834,IF,20250325105616,2023-06-30 07:09:17,coriolis,4903660
coriolis/4903660/profiles/R4903660_011.nc,20230709065718.0,16.327,65.686,I,834,IF,20250325105617,2023-07-09 06:57:18,coriolis,4903660
coriolis/4903660/profiles/R4903660_012.nc,20230718070317.0,16.107,65.358,I,834,IF,20250325105618,2023-07-18 07:03:17,coriolis,4903660
coriolis/4903660/profiles/R4903660_013.nc,20230727070714.0,15.7,65.127,I,834,IF,20250325105619,2023-07-27 07:07:14,coriolis,4903660
coriolis/4903660/profiles/R4903660_014.nc,20230805070117.0,15.238,64.915,I,834,IF,20250325105620,2023-08-05 07:01:17,coriolis,4903660
coriolis/4903660/profiles/R4903660_015.nc,20230814065917.0,14.857,64.82,I,834,IF,20250325105621,2023-08-14 06:59:17,coriolis,4903660
coriolis/4903660/profiles/R4903660_016.nc,20230823065917.0,14.744,64.909,I,834,IF,20250325105622,2023-08-23 06:59:17,coriolis,4903660
coriolis/4903660/profiles/R4903660_017.nc,20230901065917.0,14.964,64.978,I,834,IF,20250325105623,2023-09-01 06:59:17,coriolis,4903660
coriolis/4903660/profiles/R4903660_018.nc,20230910065718.0,15.204,64.785,I,834,IF,20250325105624,2023-09-10 06:57:18,coriolis,4903660
coriolis/4903660/profiles/R4903660_019.nc,20230919065917.0,15.504,64.456,I,834,IF,20250325105625,2023-09-19 06:59:17,coriolis,4903660
coriolis/4903660/profiles/R4903660_020.nc,20230928065918.0,15.644,64.327,I,834,IF,20250325105626,2023-09-28 06:59:18,coriolis,4903660
coriolis/4903660/profiles/R4903660_021.nc,20231007070517.0,15.644,64.257,I,834,IF,20250325105627,2023-10-07 07:05:17,coriolis,4903660
coriolis/4903660/profiles/R4903660_022.nc,20231016065917.0,15.731,64.203,I,834,IF,20250325105628,2023-10-16 06:59:17,coriolis,4903660
coriolis/4903660/profiles/R4903660_023.nc,20231025070114.0,15.813,64.083,I,834,IF,20250325105629,2023-10-25 07:01:14,coriolis,4903660
coriolis/4903660/profiles/R4903660_024.nc,20231103070317.0,15.686,64.012,I,834,IF,20250325105630,2023-11-03 07:03:17,coriolis,4903660
coriolis/4903660/profiles/R4903660_025.nc,20231112065918.0,15.384,64.05,I,834,IF,20250325105631,2023-11-12 06:59:18,coriolis,4903660
coriolis/4903660/profiles/R4903660_026.nc,20231113190322.0,15.327,64.04,I,834,IF,20250325105632,2023-11-13 19:03:22,coriolis,4903660
coriolis/4903660/profiles/R4903660_027.nc,20231123065917.0,15.111,64.107,I,834,IF,20250325105634,2023-11-23 06:59:17,coriolis,4903660
coriolis/4903660/profiles/R4903660_028.nc,20231202070518.0,15.195,64.06,I,834,IF,20250325105634,2023-12-02 07:05:18,coriolis,4903660
coriolis/4903660/profiles/R4903660_029.nc,20231211070117.0,15.26,64.26,I,834,IF,20250325105635,2023-12-11 07:01:17,coriolis,4903660
coriolis/4903660/profiles/R4903660_030.nc,20231220070117.0,15.516,64.555,I,834,IF,20250325105636,2023-12-20 07:01:17,coriolis,4903660
coriolis/4903660/profiles/R4903660_031.nc,20231229070318.0,16.063,64.768,I,834,IF,20250325105637,2023-12-29 07:03:18,coriolis,4903660
coriolis/6902947/profiles/D6902947_343.nc,20220104144730.0,9.903,64.278,I,844,IF,20240410123307,2022-01-04 14:47:30,coriolis,6902947
coriolis/6902947/profiles/D6902947_344.nc,20220109145430.0,10.007,64.343,I,844,IF,20240410123307,2022-01-09 14:54:30,coriolis,6902947
coriolis/6902947/profiles/D6902947_345.nc,20220114144030.0,10.032,64.333,I,844,IF,20240410123307,2022-01-14 14:40:30,coriolis,6902947
coriolis/6902947/profiles/D6902947_346.nc,20220119144630.0,9.991,64.238,I,844,IF,20240410123307,2022-01-19 14:46:30,coriolis,6902947
coriolis/6902947/profiles/D6902947_347.nc,20220124144430.0,9.944,64.046,I,844,IF,20240410123307,2022-01-24 14:44:30,coriolis,6902947
coriolis/6902947/profiles/D6902947_348.nc,20220129145330.0,9.834,63.784,I,844,IF,20240410123307,2022-01-29 14:53:30,coriolis,6902947
coriolis/6902947/profiles/D6902947_349.nc,20220203143630.0,9.758,63.522,I,844,IF,20240410123307,2022-02-03 14:36:30,coriolis,6902947
coriolis/6902947/profiles/D6902947_350.nc,20220208145030.0,9.616,63.291,I,844,IF,20240410123307,2022-02-08 14:50:30,coriolis,6902947
coriolis/6902947/profiles/D6902947_351.nc,20220213143430.0,9.446,63.144,I,844,IF,20240410123307,2022-02-13 14:34:30,coriolis,6902947
coriolis/6902947/profiles/D6902947_352.nc,20220218145230.0,9.287,63.057,I,844,IF,20240410123307,2022-02-18 14:52:30,coriolis,6902947
coriolis/6902947/profiles/D6902947_353.nc,20220223144330.0,9.252,63.018,I,844,IF,20240410123307,2022-02-23 14:43:30,coriolis,6902947
coriolis/6902947/profiles/D6902947_354.nc,20220228145130.0,9.371,62.95,I,844,IF,20240410123307,2022-02-28 14:51:30,coriolis,6902947
coriolis/6902947/profiles/D6902947_355.nc,20220305144030.0,9.508,62.835,I,844,IF,20240410123307,2022-03-05 14:40:30,coriolis,6902947
coriolis/6902947/profiles/D6902947_356.nc,20220310144630.0,9.738,62.753,I,844,IF,20240410123307,2022-03-10 14:46:30,coriolis,6902947
coriolis/6902947/profiles/D6902947_357.nc,20220315144230.0,9.895,62.76,I,844,IF,20240410123307,2022-03-15 14:42:30,coriolis,6902947
coriolis/6902947/profiles/D6902947_358.nc,20220320145430.0,10.013,62.794,I,844,IF,20240410123307,2022-03-20 14:54:30,coriolis,6902947
coriolis/6902947/profiles/D6902947_359.nc,20220325143530.0,10.057,62.849,I,844,IF,20240410123307,2022-03-25 14:35:30,coriolis,6902947
coriolis/6902947/profiles/D6902947_360.nc,20220330145130.0,10.04,62.962,I,844,IF,20240410123307,2022-03-30 14:51:30,coriolis,6902947
coriolis/6902947/profiles/D6902947_361.nc,20220404143330.0,9.988,63.049,I,844,IF,20240410123307,2022-04-04 14:33:30,coriolis,6902947
coriolis/6902947/profiles/D6902947_362.nc,20220409144530.0,9.819,63.166,I,844,IF,20240410123307,2022-04-09 14:45:30,coriolis,6902947
coriolis/6902947/profiles/D6902947_363.nc,20220414144130.0,9.617,63.214,I,844,IF,20240410123307,2022-04-14 14:41:30,coriolis,6902947
coriolis/6902947/profiles/D6902947_364.nc,20220419145130.0,9.337,63.119,I,844,IF,20240410123307,2022-04-19 14:51:30,coriolis,6902947
coriolis/6902947/profiles/D6902947_365.nc,20220424143830.0,9.071,62.94,I,844,IF,20240410123307,2022-04-24 14:38:30,coriolis,6902947
coriolis/6902947/profiles/D6902947_366.nc,20220429145030.0,8.765,62.7,I,844,IF,20240410123307,2022-04-29 14:50:30,coriolis,6902947
coriolis/6902947/profiles/D6902947_367.nc,20220504144130.0,8.463,62.447,I,844,IF,20240410123307,2022-05-04 14:41:30,coriolis,6902947
coriolis/6902947/profiles/D6902947_368.nc,20220509144530.0,8.162,62.132,I,844,IF,20240410123307,2022-05-09 14:45:30,coriolis,6902947
coriolis/6902947/profiles/D6902947_369.nc,20220514144230.0,7.87,61.928,I,844,IF,20240410123307,2022-05-14 14:42:30,coriolis,6902947
coriolis/6902947/profiles/D6902947_370.nc,20220519150030.0,7.623,61.817,I,844,IF,20240410123307,2022-05-19 15:00:30,coriolis,6902947
coriolis/6902947/profiles/D6902947_371.nc,20220524143930.0,7.491,61.814,I,844,IF,20240410123307,2022-05-24 14:39:30,coriolis,6902947
coriolis/6902947/profiles/D6902947_372.nc,20220529145430.0,7.538,61.824,I,844,IF,20240410123307,2022-05-29 14:54:30,coriolis,6902947
coriolis/6902947/profiles/D6902947_373.nc,20220603143930.0,7.601,61.872,I,844,IF,20240410123307,2022-06-03 14:39:30,coriolis,6902947
coriolis/6902947/profiles/D6902947_374.nc,20220608145330.0,7.736,61.916,I,844,IF,20240410123307,2022-06-08 14:53:30,coriolis,6902947
coriolis/6902947/profiles/D6902947_375.nc,20220613144430.0,7.887,62.076,I,844,IF,20240410123307,2022-06-13 14:44:30,coriolis,6902947
coriolis/6902947/profiles/D6902947_376.nc,20220618145630.0,8.018,62.274,I,844,IF,20240410123307,2022-06-18 14:56:30,coriolis,6902947
coriolis/6902947/profiles/D6902947_377.nc,20220623143430.0,8.073,62.587,I,844,IF,20240410123307,2022-06-23 14:34:30,coriolis,6902947
coriolis/6902947/profiles/D6902947_378.nc,20220628145130.0,8.154,62.92,I,844,IF,20240410123307,2022-06-28 14:51:30,coriolis,6902947
coriolis/6902947/profiles/D6902947_379.nc,20220703144930.0,8.219,63.276,I,844,IF,20240410123307,2022-07-03 14:49:30,coriolis,6902947
coriolis/6902947/profiles/D6902947_380.nc,20220708195230.0,8.383,63.47,I,844,IF,20240410123307,2022-07-08 19:52:30,coriolis,6902947
coriolis/6902947/profiles/D6902947_381.nc,20220714004430.0,8.509,63.567,I,844,IF,20240410123307,2022-07-14 00:44:30,coriolis,6902947
coriolis/6902947/profiles/D6902947_382.nc,20220719055530.0,8.709,63.599,I,844,IF,20240410123307,2022-07-19 05:55:30,coriolis,6902947
coriolis/6902947/profiles/D6902947_383.nc,20220724103930.0,8.789,63.518,I,844,IF,20240410123307,2022-07-24 10:39:30,coriolis,6902947
coriolis/6902947/profiles/D6902947_384.nc,20220729155230.0,8.661,63.355,I,844,IF,20240410123307,2022-07-29 15:52:30,coriolis,6902947
coriolis/6902947/profiles/D6902947_385.nc,20220803202730.0,8.607,63.199,I,844,IF,20240410123307,2022-08-03 20:27:30,coriolis,6902947
coriolis/6902947/profiles/D6902947_386.nc,20220809015630.0,8.541,63.043,I,844,IF,20240410123307,2022-08-09 01:56:30,coriolis,6902947
coriolis/6902947/profiles/D6902947_387.nc,20220814063430.0,8.493,62.995,I,844,IF,20240410123307,2022-08-14 06:34:30,coriolis,6902947
coriolis/6902947/profiles/D6902947_388.nc,20220819114930.0,8.394,62.939,I,844,IF,20240410123307,2022-08-19 11:49:30,coriolis,6902947
coriolis/6902947/profiles/D6902947_389.nc,20220824163930.0,8.297,62.908,I,844,IF,20240410123307,2022-08-24 16:39:30,coriolis,6902947
coriolis/6902947/profiles/D6902947_390.nc,20220829214430.0,8.208,62.87,I,844,IF,20240410123307,2022-08-29 21:44:30,coriolis,6902947
coriolis/6902947/profiles/D6902947_391.nc,20220904023930.0,8.193,62.817,I,844,IF,20240410123307,2022-09-04 02:39:30,coriolis,6902947
coriolis/6902947/profiles/D6902947_392.nc,20220909075030.0,8.298,62.777,I,844,IF,20240410123307,2022-09-09 07:50:30,coriolis,6902947
coriolis/6902947/profiles/D6902947_393.nc,20220914124230.0,8.375,62.754,I,844,IF,20240410123307,2022-09-14 12:42:30,coriolis,6902947
coriolis/6902947/profiles/D6902947_394.nc,20220919174630.0,8.33,62.754,I,844,IF,20240410123307,2022-09-19 17:46:30,coriolis,6902947
coriolis/6902947/profiles/D6902947_395.nc,20220924224130.0,8.128,62.737,I,844,IF,20240410123307,2022-09-24 22:41:30,coriolis,6902947
coriolis/6902947/profiles/D6902947_396.nc,20220930034630.0,7.743,62.67,I,844,IF,20240410123307,2022-09-30 03:46:30,coriolis,6902947
coriolis/6902947/profiles/D6902947_397.nc,20221005081630.0,7.371,62.548,I,844,IF,20240410123307,2022-10-05 08:16:30,coriolis,6902947
coriolis/6902947/profiles/D6902947_398.nc,20221010134930.0,7.145,62.464,I,844,IF,20240410123307,2022-10-10 13:49:30,coriolis,6902947
coriolis/6902947/profiles/D6902947_399.nc,20221015182830.0,7.198,62.476,I,844,IF,20240410123307,2022-10-15 18:28:30,coriolis,6902947
coriolis/6902947/profiles/D6902947_400.nc,20221020234930.0,7.494,62.542,I,844,IF,20240410123307,2022-10-20 23:49:30,coriolis,6902947
coriolis/6902947/profiles/D6902947_401.nc,20221031044230.0,7.871,62.442,I,844,IF,20240410123307,2022-10-31 04:42:30,coriolis,6902947
coriolis/6902947/profiles/D6902947_402.nc,20221110094530.0,8.359,62.4,I,844,IF,20240410123307,2022-11-10 09:45:30,coriolis,6902947
coriolis/6902947/profiles/D6902947_403.nc,20221120145130.0,8.909,62.368,I,844,IF,20240410123307,2022-11-20 14:51:30,coriolis,6902947
coriolis/6902947/profiles/D6902947_404.nc,20221130194530.0,9.018,62.718,I,844,IF,20240410123307,2022-11-30 19:45:30,coriolis,6902947
coriolis/6902947/profiles/D6902947_405.nc,20221211005730.0,9.18,63.138,I,844,IF,20240410123307,2022-12-11 00:57:30,coriolis,6902947
coriolis/6902947/profiles/D6902947_406.nc,20221221055230.0,9.66,63.619,I,844,IF,20240410123307,2022-12-21 05:52:30,coriolis,6902947
coriolis/6902947/profiles/D6902947_407.nc,20221231104430.0,9.72,63.948,I,844,IF,20240410123307,2022-12-31 10:44:30,coriolis,6902947
coriolis/6902947/profiles/D6902947_408.nc,20230110153730.0,9.747,64.025,I,844,IF,20240410123307,2023-01-10 15:37:30,coriolis,6902947
coriolis/6902947/profiles/D6902947_409.nc,20230120203930.0,9.712,64.058,I,844,IF,20240410123307,2023-01-20 20:39:30,coriolis,6902947
coriolis/6902947/profiles/D6902947_410.nc,20230131015430.0,9.565,63.999,I,844,IF,20240410123307,2023-01-31 01:54:30,coriolis,6902947
coriolis/6902947/profiles/D6902947_411.nc,20230210064030.0,9.471,63.808,I,844,IF,20240410123307,2023-02-10 06:40:30,coriolis,6902947
coriolis/6902947/profiles/D6902947_412.nc,20230220114730.0,9.465,63.446,I,844,IF,20240410123307,2023-02-20 11:47:30,coriolis,6902947
coriolis/6902947/profiles/D6902947_413.nc,20230302164530.0,9.538,63.05,I,844,IF,20240410123307,2023-03-02 16:45:30,coriolis,6902947
coriolis/6902947/profiles/D6902947_415.nc,20230313143830.0,9.613,62.74,I,844,IF,20240410123307,2023-03-13 14:38:30,coriolis,6902947
coriolis/6902947/profiles/D6902947_416.nc,20230323195030.0,9.667,62.399,I,844,IF,20240410123307,2023-03-23 19:50:30,coriolis,6902947
coriolis/6902947/profiles/D6902947_417.nc,20230403005030.0,9.756,62.101,I,844,IF,20240410123307,2023-04-03 00:50:30,coriolis,6902947
coriolis/6902947/profiles/D6902947_418.nc,20230413054730.0,9.7,61.761,I,844,IF,20240410123307,2023-04-13 05:47:30,coriolis,6902947
coriolis/6902947/profiles/D6902947_419.nc,20230423105430.0,9.445,61.368,I,844,IF,20240410123307,2023-04-23 10:54:30,coriolis,6902947
coriolis/6902947/profiles/D6902947_420.nc,20230503160230.0,9.029,60.77,I,844,IF,20240410123307,2023-05-03 16:02:30,coriolis,6902947
coriolis/6902947/profiles/D6902947_421.nc,20230513204830.0,8.604,60.062,I,844,IF,20240410123307,2023-05-13 20:48:30,coriolis,6902947
coriolis/6902947/profiles/D6902947_422.nc,20230524014030.0,8.397,59.399,I,844,IF,20240410123307,2023-05-24 01:40:30,coriolis,6902947
coriolis/6902947/profiles/R6902947_423.nc,20230603065030.0,8.54,58.804,I,844,IF,20230603073751,2023-06-03 06:50:30,coriolis,6902947
coriolis/6902947/profiles/R6902947_424.nc,20230613114730.0,8.732,58.293,I,844,IF,20230613123613,2023-06-13 11:47:30,coriolis,6902947
coriolis/6902947/profiles/R6902947_425.nc,20230623165030.0,8.889,57.857,I,844,IF,20230623173911,2023-06-23 16:50:30,coriolis,6902947
coriolis/6902947/profiles/R6902947_426.nc,20230703214430.0,8.575,57.608,I,844,IF,20230703224113,2023-07-03 21:44:30,coriolis,6902947
coriolis/6902947/profiles/R6902947_427.nc,20230714024130.0,7.861,57.46,I,844,IF,20230714033201,2023-07-14 02:41:30,coriolis,6902947
coriolis/6902947/profiles/R6902947_428.nc,20230724075230.0,7.511,57.338,I,844,IF,20230724083447,2023-07-24 07:52:30,coriolis,6902947
coriolis/6902947/profiles/R6902947_429.nc,20230803124830.0,7.775,56.852,I,844,IF,20230803133605,2023-08-03 12:48:30,coriolis,6902947
coriolis/6902947/profiles/R6902947_430.nc,20230813174930.0,7.92,56.679,I,844,IF,20230813183135,2023-08-13 17:49:30,coriolis,6902947
coriolis/6902947/profiles/R6902947_431.nc,20230823230330.0,8.04,56.965,I,844,IF,20230824002748,2023-08-23 23:03:30,coriolis,6902947
coriolis/6903007/profiles/D6903007_121.nc,20220101143730.0,18.564,60.731,I,844,IF,20250520130529,2022-01-01 14:37:30,coriolis,6903007
coriolis/6903007/profiles/D6903007_122.nc,20220103143230.0,18.481,60.467,I,844,IF,20250520130529,2022-01-03 14:32:30,coriolis,6903007
coriolis/6903007/profiles/D6903007_123.nc,20220105144330.0,18.438,60.217,I,844,IF,20250520130529,2022-01-05 14:43:30,coriolis,6903007
coriolis/6903007/profiles/D6903007_124.nc,20220107144530.0,18.418,60.03,I,844,IF,20250520130529,2022-01-07 14:45:30,coriolis,6903007
coriolis/6903007/profiles/D6903007_125.nc,20220109143830.0,18.39,59.876,I,844,IF,20250520130529,2022-01-09 14:38:30,coriolis,6903007
coriolis/6903007/profiles/D6903007_126.nc,20220111143830.0,18.34,59.738,I,844,IF,20250520130529,2022-01-11 14:38:30,coriolis,6903007
coriolis/6903007/profiles/D6903007_127.nc,20220113145230.0,18.239,59.575,I,844,IF,20250520130529,2022-01-13 14:52:30,coriolis,6903007
coriolis/6903007/profiles/D6903007_128.nc,20220115144430.0,18.117,59.407,I,844,IF,20250520130529,2022-01-15 14:44:30,coriolis,6903007
coriolis/6903007/profiles/D6903007_129.nc,20220117144330.0,18.012,59.209,I,844,IF,20250520130529,2022-01-17 14:43:30,coriolis,6903007
coriolis/6903007/profiles/D6903007_130.nc,20220119143630.0,17.946,59.026,I,844,IF,20250520130529,2022-01-19 14:36:30,coriolis,6903007
coriolis/6903007/profiles/D6903007_131.nc,20220121143830.0,17.91,58.861,I,844,IF,20250520130529,2022-01-21 14:38:30,coriolis,6903007
coriolis/6903007/profiles/D6903007_132.nc,20220123143830.0,17.878,58.714,I,844,IF,20250520130529,2022-01-23 14:38:30,coriolis,6903007
coriolis/6903007/profiles/D6903007_133.nc,20220125143830.0,17.88,58.579,I,844,IF,20250520130529,2022-01-25 14:38:30,coriolis,6903007
coriolis/6903007/profiles/D6903007_134.nc,20220127144330.0,17.854,58.463,I,844,IF,20250520130529,2022-01-27 14:43:30,coriolis,6903007
coriolis/6903007/profiles/D6903007_135.nc,20220129143830.0,17.845,58.397,I,844,IF,20250520130529,2022-01-29 14:38:30,coriolis,6903007
coriolis/6903007/profiles/D6903007_136.nc,20220131143630.0,17.829,58.312,I,844,IF,20250520130529,2022-01-31 14:36:30,coriolis,6903007
coriolis/6903007/profiles/D6903007_137.nc,20220202144530.0,17.78,58.207,I,844,IF,20250520130529,2022-02-02 14:45:30,coriolis,6903007
coriolis/6903007/profiles/D6903007_138.nc,20220204144130.0,17.69,58.144,I,844,IF,20250520130529,2022-02-04 14:41:30,coriolis,6903007
coriolis/6903007/profiles/D6903007_139.nc,20220206143430.0,17.605,58.044,I,844,IF,20250520130529,2022-02-06 14:34:30,coriolis,6903007
coriolis/6903007/profiles/D6903007_140.nc,20220208144230.0,17.527,57.959,I,844,IF,20250520130529,2022-02-08 14:42:30,coriolis,6903007
coriolis/6903007/profiles/D6903007_141.nc,20220210143630.0,17.427,57.853,I,844,IF,20250520130529,2022-02-10 14:36:30,coriolis,6903007
coriolis/6903007/profiles/D6903007_142.nc,20220212143430.0,17.324,57.755,I,844,IF,20250520130529,2022-02-12 14:34:30,coriolis,6903007
coriolis/6903007/profiles/D6903007_143.nc,20220214143830.0,17.237,57.647,I,844,IF,20250520130529,2022-02-14 14:38:30,coriolis,6903007
coriolis/6903007/profiles/D6903007_144.nc,20220216144330.0,17.16,57.562,I,844,IF,20250520130529,2022-02-16 14:43:30,coriolis,6903007
coriolis/6903007/profiles/D6903007_145.nc,20220218142830.0,17.1,57.471,I,844,IF,20250520130529,2022-02-18 14:28:30,coriolis,6903007
coriolis/6903007/profiles/D6903007_146.nc,20220220143430.0,17.067,57.409,I,844,IF,20250520130529,2022-02-20 14:34:30,coriolis,6903007
coriolis/6903007/profiles/D6903007_147.nc,20220222144330.0,17.051,57.35,I,844,IF,20250520130529,2022-02-22 14:43:30,coriolis,6903007
coriolis/6903007/profiles/D6903007_148.nc,20220224144430.0,17.035,57.292,I,844,IF,20250520130529,2022-02-24 14:44:30,coriolis,6903007
coriolis/6903007/profiles/D6903007_149.nc,20220226144330.0,17.03,57.21,I,844,IF,20250520130529,2022-02-26 14:43:30,coriolis,6903007
coriolis/6903007/profiles/D6903007_150.nc,20220228144330.0,17.001,57.124,I,844,IF,20250520130529,2022-02-28 14:43:30,coriolis,6903007
coriolis/6903007/profiles/D6903007_151.nc,20220302143730.0,16.994,57.05,I,844,IF,20250520130529,2022-03-02 14:37:30,coriolis,6903007
coriolis/6903007/profiles/D6903007_152.nc,20220304144130.0,16.982,56.97,I,844,IF,20250520130529,2022-03-04 14:41:30,coriolis,6903007
coriolis/6903007/profiles/D6903007_153.nc,20220306144230.0,16.973,56.843,I,844,IF,20250520130529,2022-03-06 14:42:30,coriolis,6903007
coriolis/6903007/profiles/D6903007_154.nc,20220308144430.0,16.911,56.816,I,844,IF,20250520130529,2022-03-08 14:44:30,coriolis,6903007
coriolis/6903007/profiles/D6903007_155.nc,20220310144130.0,16.886,56.829,I,844,IF,20250520130529,2022-03-10 14:41:30,coriolis,6903007
coriolis/6903007/profiles/D6903007_156.nc,20220312145030.0,16.829,56.832,I,844,IF,20250520130529,2022-03-12 14:50:30,coriolis,6903007
coriolis/6903007/profiles/D6903007_157.nc,20220314144030.0,16.812,56.92,I,844,IF,20250520130529,2022-03-14 14:40:30,coriolis,6903007
coriolis/6903007/profiles/D6903007_158.nc,20220316144030.0,16.785,57.012,I,844,IF,20250520130529,2022-03-16 14:40:30,coriolis,6903007
coriolis/6903007/profiles/D6903007_159.nc,20220318143830.0,16.786,57.046,I,844,IF,20250520130529,2022-03-18 14:38:30,coriolis,6903007
coriolis/6903007/profiles/D6903007_160.nc,20220320143330.0,16.777,57.064,I,844,IF,20250520130529,2022-03-20 14:33:30,coriolis,6903007
coriolis/6903007/profiles/D6903007_161.nc,20220322144530.0,16.727,57.073,I,844,IF,20250520130529,2022-03-22 14:45:30,coriolis,6903007
coriolis/6903007/profiles/D6903007_162.nc,20220324144730.0,16.603,57.084,I,844,IF,20250520130529,2022-03-24 14:47:30,coriolis,6903007
coriolis/6903007/profiles/D6903007_163.nc,20220326144730.0,16.488,57.179,I,844,IF,20250520130529,2022-03-26 14:47:30,coriolis,6903007
coriolis/6903007/profiles/D6903007_164.nc,20220328143430.0,16.328,57.331,I,844,IF,20250520130529,2022-03-28 14:34:30,coriolis,6903007
coriolis/6903007/profiles/D6903007_165.nc,20220330141130.0,16.228,57.53,I,844,IF,20250520130529,2022-03-30 14:11:30,coriolis,6903007
coriolis/6903007/profiles/D6903007_166.nc,20220401143230.0,16.255,57.699,I,844,IF,20250520130529,2022-04-01 14:32:30,coriolis,6903007
coriolis/6903007/profiles/D6903007_167.nc,20220403144730.0,16.384,57.81,I,844,IF,20250520130529,2022-04-03 14:47:30,coriolis,6903007
coriolis/6903007/profiles/D6903007_168.nc,20220405143930.0,16.583,57.783,I,844,IF,20250520130529,2022-04-05 14:39:30,coriolis,6903007
coriolis/6903007/profiles/D6903007_169.nc,20220407144230.0,16.752,57.661,I,844,IF,20250520130529,2022-04-07 14:42:30,coriolis,6903007
coriolis/6903007/profiles/D6903007_170.nc,20220409142830.0,16.841,57.472,I,844,IF,20250520130529,2022-04-09 14:28:30,coriolis,6903007
coriolis/6903007/profiles/D6903007_171.nc,20220411143930.0,16.866,57.277,I,844,IF,20250520130529,2022-04-11 14:39:30,coriolis,6903007
coriolis/6903007/profiles/D6903007_172.nc,20220413143630.0,16.844,57.087,I,844,IF,20250520130529,2022-04-13 14:36:30,coriolis,6903007
coriolis/6903007/profiles/D6903007_173.nc,20220415142730.0,16.779,56.93,I,844,IF,20250520130529,2022-04-15 14:27:30,coriolis,6903007
coriolis/6903007/profiles/D6903007_174.nc,20220417144930.0,16.703,56.774,I,844,IF,20250520130529,2022-04-17 14:49:30,coriolis,6903007
coriolis/6903007/profiles/D6903007_175.nc,20220419144230.0,16.603,56.644,I,844,IF,20250520130529,2022-04-19 14:42:30,coriolis,6903007
coriolis/6903007/profiles/D6903007_176.nc,20220421143830.0,16.447,56.524,I,844,IF,20250520130529,2022-04-21 14:38:30,coriolis,6903007
coriolis/6903007/profiles/D6903007_177.nc,20220423143230.0,16.278,56.489,I,844,IF,20250520130529,2022-04-23 14:32:30,coriolis,6903007
coriolis/6903007/profiles/D6903007_178.nc,20220425140130.0,16.12,56.578,I,844,IF,20250520130529,2022-04-25 14:01:30,coriolis,6903007
coriolis/6903007/profiles/D6903007_179.nc,20220427143730.0,16.14,56.746,I,844,IF,20250520130529,2022-04-27 14:37:30,coriolis,6903007
coriolis/6903007/profiles/D6903007_180.nc,20220429143430.0,16.366,56.783,I,844,IF,20250520130529,2022-04-29 14:34:30,coriolis,6903007
coriolis/6903007/profiles/D6903007_181.nc,20220501143330.0,16.627,56.675,I,844,IF,20250520130529,2022-05-01 14:33:30,coriolis,6903007
coriolis/6903007/profiles/D6903007_182.nc,20220503144230.0,16.805,56.46,I,844,IF,20250520130529,2022-05-03 14:42:30,coriolis,6903007
coriolis/6903007/profiles/D6903007_183.nc,20220505144130.0,16.858,56.238,I,844,IF,20250520130529,2022-05-05 14:41:30,coriolis,6903007
coriolis/6903007/profiles/D6903007_184.nc,20220507144230.0,16.833,56.04,I,844,IF,20250520130529,2022-05-07 14:42:30,coriolis,6903007
coriolis/6903007/profiles/D6903007_185.nc,20220509144830.0,16.766,55.836,I,844,IF,20250520130529,2022-05-09 14:48:30,coriolis,6903007
coriolis/6903007/profiles/D6903007_186.nc,20220511143530.0,16.704,55.702,I,844,IF,20250520130529,2022-05-11 14:35:30,coriolis,6903007
coriolis/6903007/profiles/D6903007_187.nc,20220513142430.0,16.647,55.626,I,844,IF,20250520130529,2022-05-13 14:24:30,coriolis,6903007
coriolis/6903007/profiles/D6903007_188.nc,20220515142930.0,16.599,55.553,I,844,IF,20250520130529,2022-05-15 14:29:30,coriolis,6903007
coriolis/6903007/profiles/D6903007_189.nc,20220517143230.0,16.57,55.509,I,844,IF,20250520130529,2022-05-17 14:32:30,coriolis,6903007
coriolis/6903007/profiles/D6903007_190.nc,20220519144430.0,16.576,55.478,I,844,IF,20250520130529,2022-05-19 14:44:30,coriolis,6903007
coriolis/6903007/profiles/D6903007_191.nc,20220521143730.0,16.602,55.425,I,844,IF,20250520130529,2022-05-21 14:37:30,coriolis,6903007
coriolis/6903007/profiles/D6903007_192.nc,20220523144730.0,16.663,55.354,I,844,IF,20250520130529,2022-05-23 14:47:30,coriolis,6903007
coriolis/6903007/profiles/D6903007_193.nc,20220525144430.0,16.645,55.229,I,844,IF,20250520130529,2022-05-25 14:44:30,coriolis,6903007
coriolis/6903007/profiles/D6903007_194.nc,20220527144330.0,16.54,55.17,I,844,IF,20250520130529,2022-05-27 14:43:30,coriolis,6903007
coriolis/6903007/profiles/D6903007_195.nc,20220529144430.0,16.486,55.182,I,844,IF,20250520130529,2022-05-29 14:44:30,coriolis,6903007
coriolis/6903007/profiles/D6903007_196.nc,20220531144730.0,16.483,55.242,I,844,IF,20250520130529,2022-05-31 14:47:30,coriolis,6903007
coriolis/6903007/profiles/D6903007_197.nc,20220602144830.0,16.517,55.291,I,844,IF,20250520130529,2022-06-02 14:48:30,coriolis,6903007
coriolis/6903007/profiles/D6903007_198.nc,20220604143830.0,16.54,55.349,I,844,IF,20250520130529,2022-06-04 14:38:30,coriolis,6903007
coriolis/6903007/profiles/D6903007_199.nc,20220606144430.0,16.572,55.321,I,844,IF,20250520130529,2022-06-06 14:44:30,coriolis,6903007
coriolis/6903007/profiles/D6903007_200.nc,20220608144530.0,16.626,55.314,I,844,IF,20250520130529,2022-06-08 14:45:30,coriolis,6903007
coriolis/6903007/profiles/D6903007_201.nc,20220610144130.0,16.646,55.391,I,844,IF,20250520130529,2022-06-10 14:41:30,coriolis,6903007
coriolis/6903007/profiles/D6903007_202.nc,20220612144030.0,16.696,55.517,I,844,IF,20250520130529,2022-06-12 14:40:30,coriolis,6903007
coriolis/6903007/profiles/D6903007_203.nc,20220614144930.0,16.745,55.713,I,844,IF,20250520130529,2022-06-14 14:49:30,coriolis,6903007
coriolis/6903007/profiles/D6903007_204.nc,20220616143730.0,16.803,55.962,I,844,IF,20250520130529,2022-06-16 14:37:30,coriolis,6903007
coriolis/6903007/profiles/D6903007_205.nc,20220618144230.0,16.989,56.281,I,844,IF,20250520130529,2022-06-18 14:42:30,coriolis,6903007
coriolis/6903007/profiles/D6903007_206.nc,20220620143930.0,17.146,56.509,I,844,IF,20250520130529,2022-06-20 14:39:30,coriolis,6903007
coriolis/6903007/profiles/D6903007_207.nc,20220622143430.0,17.268,56.64,I,844,IF,20250520130529,2022-06-22 14:34:30,coriolis,6903007
coriolis/6903007/profiles/D6903007_208.nc,20220624143530.0,17.327,56.753,I,844,IF,20250520130529,2022-06-24 14:35:30,coriolis,6903007
coriolis/6903007/profiles/D6903007_209.nc,20220626144430.0,17.367,56.756,I,844,IF,20250520130529,2022-06-26 14:44:30,coriolis,6903007
coriolis/6903007/profiles/D6903007_210.nc,20220628143830.0,17.41,56.734,I,844,IF,20250520130529,2022-06-28 14:38:30,coriolis,6903007
coriolis/6903007/profiles/D6903007_211.nc,20220630144030.0,17.44,56.612,I,844,IF,20250520130529,2022-06-30 14:40:30,coriolis,6903007
coriolis/6903007/profiles/D6903007_212.nc,20220702144230.0,17.458,56.495,I,844,IF,20250520130529,2022-07-02 14:42:30,coriolis,6903007
coriolis/6903007/profiles/D6903007_213.nc,20220704144330.0,17.442,56.363,I,844,IF,20250520130529,2022-07-04 14:43:30,coriolis,6903007
coriolis/6903007/profiles/D6903007_214.nc,20220706145830.0,17.467,56.36,I,844,IF,20250520130529,2022-07-06 14:58:30,coriolis,6903007
coriolis/6903007/profiles/D6903007_215.nc,20220708145730.0,17.47,56.381,I,844,IF,20250520130529,2022-07-08 14:57:30,coriolis,6903007
coriolis/6903007/profiles/D6903007_216.nc,20220710151330.0,17.472,56.403,I,844,IF,20250520130529,2022-07-10 15:13:30,coriolis,6903007
coriolis/6903007/profiles/D6903007_217.nc,20220712151330.0,17.477,56.422,I,844,IF,20250520130529,2022-07-12 15:13:30,coriolis,6903007
coriolis/6903007/profiles/D6903007_218.nc,20220714152130.0,17.484,56.44,I,844,IF,20250520130529,2022-07-14 15:21:30,coriolis,6903007
coriolis/6903007/profiles/D6903007_219.nc,20220716145930.0,17.452,56.436,I,844,IF,20250520130529,2022-07-16 14:59:30,coriolis,6903007
coriolis/6903007/profiles/D6903007_220.nc,20220718145930.0,17.46,56.323,I,844,IF,20250520130529,2022-07-18 14:59:30,coriolis,6903007
coriolis/6903007/profiles/D6903007_221.nc,20220720150230.0,17.468,56.354,I,844,IF,20250520130529,2022-07-20 15:02:30,coriolis,6903007
coriolis/6903007/profiles/D6903007_222.nc,20220722150730.0,17.441,56.426,I,844,IF,20250520130529,2022-07-22 15:07:30,coriolis,6903007
coriolis/6903007/profiles/D6903007_223.nc,20220724144330.0,17.381,56.275,I,844,IF,20250520130529,2022-07-24 14:43:30,coriolis,6903007
coriolis/6903007/profiles/D6903007_224.nc,20220726144330.0,17.378,56.169,I,844,IF,20250520130529,2022-07-26 14:43:30,coriolis,6903007
coriolis/6903007/profiles/D6903007_225.nc,20220728144230.0,17.383,56.059,I,844,IF,20250520130529,2022-07-28 14:42:30,coriolis,6903007
coriolis/6903007/profiles/D6903007_226.nc,20220730144130.0,17.371,55.996,I,844,IF,20250520130529,2022-07-30 14:41:30,coriolis,6903007
coriolis/6903007/profiles/D6903007_227.nc,20220801144230.0,17.326,55.957,I,844,IF,20250520130529,2022-08-01 14:42:30,coriolis,6903007
coriolis/6903007/profiles/D6903007_228.nc,20220803143930.0,17.266,55.888,I,844,IF,20250520130529,2022-08-03 14:39:30,coriolis,6903007
coriolis/6903007/profiles/D6903007_229.nc,20220805144630.0,17.227,55.79,I,844,IF,20250520130529,2022-08-05 14:46:30,coriolis,6903007
coriolis/6903007/profiles/D6903007_230.nc,20220807144030.0,17.239,55.686,I,844,IF,20250520130529,2022-08-07 14:40:30,coriolis,6903007
coriolis/6903007/profiles/D6903007_231.nc,20220809143630.0,17.215,55.656,I,844,IF,20250520130529,2022-08-09 14:36:30,coriolis,6903007
coriolis/6903007/profiles/D6903007_232.nc,20220811144130.0,17.141,55.587,I,844,IF,20250520130529,2022-08-11 14:41:30,coriolis,6903007
coriolis/6903007/profiles/D6903007_233.nc,20220813143430.0,17.047,55.506,I,844,IF,20250520130529,2022-08-13 14:34:30,coriolis,6903007
coriolis/6903007/profiles/D6903007_234.nc,20220815144430.0,16.95,55.36,I,844,IF,20250520130529,2022-08-15 14:44:30,coriolis,6903007
coriolis/6903007/profiles/D6903007_235.nc,20220817144230.0,16.872,55.215,I,844,IF,20250520130529,2022-08-17 14:42:30,coriolis,6903007
coriolis/6903007/profiles/D6903007_236.nc,20220819145830.0,16.863,55.087,I,844,IF,20250520130529,2022-08-19 14:58:30,coriolis,6903007
coriolis/6903007/profiles/D6903007_237.nc,20220821145230.0,16.901,55.006,I,844,IF,20250520130529,2022-08-21 14:52:30,coriolis,6903007
coriolis/6903007/profiles/D6903007_238.nc,20220823145530.0,16.903,55.041,I,844,IF,20250520130529,2022-08-23 14:55:30,coriolis,6903007
coriolis/6903007/profiles/D6903007_239.nc,20220825145530.0,16.835,55.01,I,844,IF,20250520130529,2022-08-25 14:55:30,coriolis,6903007
coriolis/6903007/profiles/D6903007_240.nc,20220827145330.0,16.821,54.918,I,844,IF,20250520130529,2022-08-27 14:53:30,coriolis,6903007
coriolis/6903007/profiles/D6903007_241.nc,20220829144330.0,16.822,54.791,I,844,IF,20250520130529,2022-08-29 14:43:30,coriolis,6903007
coriolis/6903007/profiles/D6903007_242.nc,20220831143930.0,16.838,54.662,I,844,IF,20250520130529,2022-08-31 14:39:30,coriolis,6903007
coriolis/6903007/profiles/D6903007_243.nc,20220902145430.0,16.843,54.595,I,844,IF,20250520130529,2022-09-02 14:54:30,coriolis,6903007
coriolis/6903007/profiles/D6903007_244.nc,20220904144230.0,16.809,54.574,I,844,IF,20250520130529,2022-09-04 14:42:30,coriolis,6903007
coriolis/6903007/profiles/D6903007_245.nc,20220906144330.0,16.751,54.544,I,844,IF,20250520130529,2022-09-06 14:43:30,coriolis,6903007
coriolis/6903007/profiles/D6903007_246.nc,20220908144230.0,16.69,54.45,I,844,IF,20250520130529,2022-09-08 14:42:30,coriolis,6903007
coriolis/6903007/profiles/D6903007_247.nc,20220910145230.0,16.665,54.368,I,844,IF,20250520130529,2022-09-10 14:52:30,coriolis,6903007
coriolis/6903007/profiles/D6903007_248.nc,20220912145430.0,16.659,54.214,I,844,IF,20250520130529,2022-09-12 14:54:30,coriolis,6903007
coriolis/6903007/profiles/D6903007_249.nc,20220914145330.0,16.664,54.119,I,844,IF,20250520130529,2022-09-14 14:53:30,coriolis,6903007
coriolis/6903007/profiles/D6903007_250.nc,20220916151630.0,16.615,54.059,I,844,IF,20250520130529,2022-09-16 15:16:30,coriolis,6903007
coriolis/6903007/profiles/D6903007_251.nc,20220918145930.0,16.568,53.965,I,844,IF,20250520130529,2022-09-18 14:59:30,coriolis,6903007
coriolis/6903007/profiles/D6903007_252.nc,20220920144330.0,16.5,53.881,I,844,IF,20250520130529,2022-09-20 14:43:30,coriolis,6903007
coriolis/6903007/profiles/D6903007_253.nc,20220922143730.0,16.423,53.746,I,844,IF,20250520130529,2022-09-22 14:37:30,coriolis,6903007
coriolis/6903007/profiles/D6903007_254.nc,20220924144630.0,16.323,53.554,I,844,IF,20250520130529,2022-09-24 14:46:30,coriolis,6903007
coriolis/6903007/profiles/D6903007_255.nc,20220926144130.0,16.202,53.418,I,844,IF,20250520130529,2022-09-26 14:41:30,coriolis,6903007
coriolis/6903007/profiles/D6903007_256.nc,20220928143230.0,16.096,53.27,I,844,IF,20250520130529,2022-09-28 14:32:30,coriolis,6903007
coriolis/6903007/profiles/D6903007_257.nc,20220930145130.0,15.981,53.143,I,844,IF,20250520130529,2022-09-30 14:51:30,coriolis,6903007
coriolis/6903007/profiles/D6903007_258.nc,20221002144930.0,15.84,53.022,I,844,IF,20250520130529,2022-10-02 14:49:30,coriolis,6903007
coriolis/6903007/profiles/D6903007_259.nc,20221004143830.0,15.738,52.876,I,844,IF,20250520130529,2022-10-04 14:38:30,coriolis,6903007
coriolis/6903007/profiles/D6903007_260.nc,20221006143930.0,15.665,52.763,I,844,IF,20250520130529,2022-10-06 14:39:30,coriolis,6903007
coriolis/6903007/profiles/D6903007_261.nc,20221008143230.0,15.597,52.696,I,844,IF,20250520130529,2022-10-08 14:32:30,coriolis,6903007
coriolis/6903007/profiles/D6903007_262.nc,20221010143830.0,15.565,52.646,I,844,IF,20250520130529,2022-10-10 14:38:30,coriolis,6903007
coriolis/6903007/profiles/D6903007_263.nc,20221012142830.0,15.554,52.576,I,844,IF,20250520130529,2022-10-12 14:28:30,coriolis,6903007
coriolis/6903007/profiles/D6903007_264.nc,20221014142630.0,15.54,52.486,I,844,IF,20250520130529,2022-10-14 14:26:30,coriolis,6903007
coriolis/6903007/profiles/D6903007_265.nc,20221016160030.0,15.543,52.409,I,844,IF,20250520130529,2022-10-16 16:00:30,coriolis,6903007
coriolis/6903007/profiles/D6903007_266.nc,20221018150730.0,15.744,52.444,I,844,IF,20250520130529,2022-10-18 15:07:30,coriolis,6903007
coriolis/6903007/profiles/D6903007_267.nc,20221020151330.0,15.741,52.46,I,844,IF,20250520130529,2022-10-20 15:13:30,coriolis,6903007
coriolis/6903007/profiles/D6903007_268.nc,20221022150530.0,15.776,52.472,I,844,IF,20250520130529,2022-10-22 15:05:30,coriolis,6903007
coriolis/6903007/profiles/D6903007_269.nc,20221024150730.0,15.918,52.535,I,844,IF,20250520130529,2022-10-24 15:07:30,coriolis,6903007
coriolis/6903007/profiles/D6903007_270.nc,20221026150230.0,15.952,52.612,I,844,IF,20250520130529,2022-10-26 15:02:30,coriolis,6903007
coriolis/6903007/profiles/D6903007_271.nc,20221028145930.0,15.896,52.591,I,844,IF,20250520130529,2022-10-28 14:59:30,coriolis,6903007
coriolis/6903007/profiles/D6903007_272.nc,20221030150030.0,15.862,52.557,I,844,IF,20250520130529,2022-10-30 15:00:30,coriolis,6903007
coriolis/6903007/profiles/D6903007_273.nc,20221101145730.0,15.671,52.539,I,844,IF,20250520130529,2022-11-01 14:57:30,coriolis,6903007
coriolis/6903007/profiles/D6903007_274.nc,20221103145830.0,15.453,52.566,I,844,IF,20250520130529,2022-11-03 14:58:30,coriolis,6903007
coriolis/6903007/profiles/D6903007_275.nc,20221105144930.0,15.341,52.559,I,844,IF,20250520130529,2022-11-05 14:49:30,coriolis,6903007
coriolis/6903007/profiles/D6903007_276.nc,20221107144030.0,15.331,52.558,I,844,IF,20250520130529,2022-11-07 14:40:30,coriolis,6903007
coriolis/6903007/profiles/D6903007_277.nc,20221109144630.0,15.321,52.691,I,844,IF,20250520130529,2022-11-09 14:46:30,coriolis,6903007
coriolis/6903007/profiles/D6903007_278.nc,20221111145230.0,15.237,52.828,I,844,IF,20250520130529,2022-11-11 14:52:30,coriolis,6903007
coriolis/6903007/profiles/D6903007_279.nc,20221113143830.0,15.151,53.056,I,844,IF,20250520130529,2022-11-13 14:38:30,coriolis,6903007
coriolis/6903007/profiles/D6903007_280.nc,20221115144530.0,15.314,53.311,I,844,IF,20250520130529,2022-11-15 14:45:30,coriolis,6903007
coriolis/6903007/profiles/D6903007_281.nc,20221117144130.0,15.699,53.461,I,844,IF,20250520130529,2022-11-17 14:41:30,coriolis,6903007
coriolis/6903007/profiles/D6903007_282.nc,20221119150230.0,16.016,53.314,I,844,IF,20250520130529,2022-11-19 15:02:30,coriolis,6903007
coriolis/6903007/profiles/D6903007_283.nc,20221121150430.0,16.118,53.122,I,844,IF,20250520130529,2022-11-21 15:04:30,coriolis,6903007
coriolis/6903007/profiles/D6903007_284.nc,20221123145730.0,16.148,53.016,I,844,IF,20250520130529,2022-11-23 14:57:30,coriolis,6903007
coriolis/6903007/profiles/D6903007_285.nc,20221125145030.0,16.143,52.912,I,844,IF,20250520130529,2022-11-25 14:50:30,coriolis,6903007
coriolis/6903007/profiles/D6903007_286.nc,20221127145730.0,16.058,52.751,I,844,IF,20250520130529,2022-11-27 14:57:30,coriolis,6903007
coriolis/6903007/profiles/D6903007_287.nc,20221129143430.0,15.848,52.567,I,844,IF,20250520130529,2022-11-29 14:34:30,coriolis,6903007
coriolis/6903007/profiles/D6903007_288.nc,20221201144730.0,15.507,52.53,I,844,IF,20250520130529,2022-12-01 14:47:30,coriolis,6903007
coriolis/6903007/profiles/D6903007_289.nc,20221203142930.0,15.334,52.657,I,844,IF,20250520130529,2022-12-03 14:29:30,coriolis,6903007
coriolis/6903007/profiles/D6903007_290.nc,20221205143930.0,15.277,52.886,I,844,IF,20250520130529,2022-12-05 14:39:30,coriolis,6903007
coriolis/6903007/profiles/D6903007_291.nc,20221207144630.0,15.315,53.147,I,844,IF,20250520130529,2022-12-07 14:46:30,coriolis,6903007
coriolis/6903007/profiles/D6903007_292.nc,20221209144230.0,15.479,53.355,I,844,IF,20250520130529,2022-12-09 14:42:30,coriolis,6903007
coriolis/6903007/profiles/D6903007_293.nc,20221211144330.0,15.717,53.504,I,844,IF,20250520130529,2022-12-11 14:43:30,coriolis,6903007
coriolis/6903007/profiles/D6903007_294.nc,20221213144130.0,16.064,53.646,I,844,IF,20250520130529,2022-12-13 14:41:30,coriolis,6903007
coriolis/6903007/profiles/D6903007_295.nc,20221215144630.0,16.343,53.704,I,844,IF,20250520130529,2022-12-15 14:46:30,coriolis,6903007
coriolis/6903007/profiles/D6903007_296.nc,20221217144830.0,16.493,53.818,I,844,IF,20250520130529,2022-12-17 14:48:30,coriolis,6903007
coriolis/6903007/profiles/D6903007_297.nc,20221219144230.0,16.615,54.135,I,844,IF,20250520130529,2022-12-19 14:42:30,coriolis,6903007
coriolis/6903007/profiles/D6903007_298.nc,20221221143930.0,16.719,54.461,I,844,IF,20250520130529,2022-12-21 14:39:30,coriolis,6903007
coriolis/6903007/profiles/D6903007_299.nc,20221223144330.0,16.788,54.848,I,844,IF,20250520130529,2022-12-23 14:43:30,coriolis,6903007
coriolis/6903007/profiles/D6903007_300.nc,20221225144230.0,16.738,55.23,I,844,IF,20250520130529,2022-12-25 14:42:30,coriolis,6903007
coriolis/6903007/profiles/D6903007_301.nc,20221227144630.0,16.492,55.63,I,844,IF,20250520130529,2022-12-27 14:46:30,coriolis,6903007
coriolis/6903007/profiles/D6903007_302.nc,20221229143030.0,16.162,55.911,I,844,IF,20250520130529,2022-12-29 14:30:30,coriolis,6903007
coriolis/6903007/profiles/D6903007_303.nc,20221231143530.0,15.657,56.04,I,844,IF,20250520130529,2022-12-31 14:35:30,coriolis,6903007
coriolis/6903007/profiles/D6903007_304.nc,20230102143330.0,15.144,56.207,I,844,IF,20250520130529,2023-01-02 14:33:30,coriolis,6903007
coriolis/6903007/profiles/D6903007_305.nc,20230104140730.0,14.768,56.439,I,844,IF,20250520130529,2023-01-04 14:07:30,coriolis,6903007
coriolis/6903007/profiles/D6903007_306.nc,20230106142730.0,14.581,56.698,I,844,IF,20250520130529,2023-01-06 14:27:30,coriolis,6903007
coriolis/6903007/profiles/D6903007_307.nc,20230108143730.0,14.529,56.951,I,844,IF,20250520130529,2023-01-08 14:37:30,coriolis,6903007
coriolis/6903007/profiles/D6903007_308.nc,20230110144430.0,14.542,57.203,I,844,IF,20250520130529,2023-01-10 14:44:30,coriolis,6903007
coriolis/6903007/profiles/D6903007_309.nc,20230112144930.0,14.686,57.445,I,844,IF,20250520130529,2023-01-12 14:49:30,coriolis,6903007
coriolis/6903007/profiles/D6903007_310.nc,20230114144230.0,14.79,57.594,I,844,IF,20250520130529,2023-01-14 14:42:30,coriolis,6903007
coriolis/6903007/profiles/D6903007_311.nc,20230116143930.0,14.885,57.72,I,844,IF,20250520130529,2023-01-16 14:39:30,coriolis,6903007
coriolis/6903007/profiles/D6903007_312.nc,20230118144230.0,14.961,57.741,I,844,IF,20250520130529,2023-01-18 14:42:30,coriolis,6903007
coriolis/6903007/profiles/D6903007_313.nc,20230120145330.0,15.016,57.749,I,844,IF,20250520130529,2023-01-20 14:53:30,coriolis,6903007
coriolis/6903007/profiles/D6903007_314.nc,20230122144630.0,15.037,57.734,I,844,IF,20250520130529,2023-01-22 14:46:30,coriolis,6903007
coriolis/6903007/profiles/D6903007_315.nc,20230124143030.0,14.963,57.727,I,844,IF,20250520130529,2023-01-24 14:30:30,coriolis,6903007
coriolis/6903007/profiles/D6903007_316.nc,20230126143730.0,14.889,57.697,I,844,IF,20250520130529,2023-01-26 14:37:30,coriolis,6903007
coriolis/6903007/profiles/D6903007_317.nc,20230128143530.0,14.786,57.606,I,844,IF,20250520130529,2023-01-28 14:35:30,coriolis,6903007
coriolis/6903007/profiles/D6903007_318.nc,20230130144530.0,14.681,57.558,I,844,IF,20250520130529,2023-01-30 14:45:30,coriolis,6903007
coriolis/6903007/profiles/D6903007_319.nc,20230201142330.0,14.593,57.515,I,844,IF,20250520130529,2023-02-01 14:23:30,coriolis,6903007
coriolis/6903007/profiles/D6903007_320.nc,20230203142730.0,14.499,57.495,I,844,IF,20250520130529,2023-02-03 14:27:30,coriolis,6903007
coriolis/6903007/profiles/D6903007_321.nc,20230205143830.0,14.38,57.474,I,844,IF,20250520130529,2023-02-05 14:38:30,coriolis,6903007
coriolis/6903007/profiles/D6903007_322.nc,20230207144430.0,14.29,57.469,I,844,IF,20250520130529,2023-02-07 14:44:30,coriolis,6903007
coriolis/6903007/profiles/D6903007_323.nc,20230209142630.0,14.193,57.447,I,844,IF,20250520130529,2023-02-09 14:26:30,coriolis,6903007
coriolis/6903007/profiles/D6903007_324.nc,20230211145230.0,14.1,57.494,I,844,IF,20250520130529,2023-02-11 14:52:30,coriolis,6903007
coriolis/6903007/profiles/D6903007_325.nc,20230213144230.0,14.007,57.488,I,844,IF,20250520130529,2023-02-13 14:42:30,coriolis,6903007
coriolis/6903007/profiles/D6903007_326.nc,20230215144230.0,13.917,57.442,I,844,IF,20250520130529,2023-02-15 14:42:30,coriolis,6903007
coriolis/6903007/profiles/D6903007_327.nc,20230217144630.0,13.853,57.386,I,844,IF,20250520130529,2023-02-17 14:46:30,coriolis,6903007
coriolis/6903007/profiles/D6903007_328.nc,20230219144530.0,13.796,57.333,I,844,IF,20250520130529,2023-02-19 14:45:30,coriolis,6903007
coriolis/6903007/profiles/D6903007_329.nc,20230221143030.0,13.733,57.31,I,844,IF,20250520130529,2023-02-21 14:30:30,coriolis,6903007
coriolis/6903007/profiles/D6903007_330.nc,20230223144530.0,13.747,57.286,I,844,IF,20250520130529,2023-02-23 14:45:30,coriolis,6903007
coriolis/6903007/profiles/D6903007_331.nc,20230225143830.0,13.764,57.223,I,844,IF,20250520130529,2023-02-25 14:38:30,coriolis,6903007
coriolis/6903007/profiles/D6903007_332.nc,20230227144430.0,13.771,57.219,I,844,IF,20250520130529,2023-02-27 14:44:30,coriolis,6903007
coriolis/6903007/profiles/D6903007_333.nc,20230301144830.0,13.779,57.209,I,844,IF,20250520130529,2023-03-01 14:48:30,coriolis,6903007
coriolis/6903007/profiles/D6903007_334.nc,20230303145330.0,13.845,57.167,I,844,IF,20250520130529,2023-03-03 14:53:30,coriolis,6903007
coriolis/6903007/profiles/D6903007_335.nc,20230305143830.0,13.937,57.14,I,844,IF,20250520130529,2023-03-05 14:38:30,coriolis,6903007
coriolis/6903008/profiles/D6903008_121.nc,20220102143930.0,23.867,62.796,I,844,IF,20250520132208,2022-01-02 14:39:30,coriolis,6903008
coriolis/6903008/profiles/D6903008_122.nc,20220104144730.0,23.802,62.576,I,844,IF,20250520132208,2022-01-04 14:47:30,coriolis,6903008
coriolis/6903008/profiles/D6903008_123.nc,20220106143830.0,23.817,62.377,I,844,IF,20250520132208,2022-01-06 14:38:30,coriolis,6903008
coriolis/6903008/profiles/D6903008_124.nc,20220108144030.0,23.881,62.239,I,844,IF,20250520132208,2022-01-08 14:40:30,coriolis,6903008
coriolis/6903008/profiles/D6903008_125.nc,20220110144830.0,24.009,62.179,I,844,IF,20250520132208,2022-01-10 14:48:30,coriolis,6903008
coriolis/6903008/profiles/D6903008_126.nc,20220112144430.0,24.166,62.231,I,844,IF,20250520132208,2022-01-12 14:44:30,coriolis,6903008
coriolis/6903008/profiles/D6903008_127.nc,20220114144430.0,24.249,62.282,I,844,IF,20250520132208,2022-01-14 14:44:30,coriolis,6903008
coriolis/6903008/profiles/D6903008_128.nc,20220116144230.0,24.321,62.356,I,844,IF,20250520132208,2022-01-16 14:42:30,coriolis,6903008
coriolis/6903008/profiles/D6903008_129.nc,20220118144830.0,24.361,62.404,I,844,IF,20250520132208,2022-01-18 14:48:30,coriolis,6903008
coriolis/6903008/profiles/D6903008_130.nc,20220120143830.0,24.425,62.495,I,844,IF,20250520132208,2022-01-20 14:38:30,coriolis,6903008
coriolis/6903008/profiles/D6903008_131.nc,20220122144030.0,24.492,62.597,I,844,IF,20250520132208,2022-01-22 14:40:30,coriolis,6903008
coriolis/6903008/profiles/D6903008_132.nc,20220124144130.0,24.54,62.734,I,844,IF,20250520132208,2022-01-24 14:41:30,coriolis,6903008
coriolis/6903008/profiles/D6903008_133.nc,20220126143730.0,24.571,62.867,I,844,IF,20250520132208,2022-01-26 14:37:30,coriolis,6903008
coriolis/6903008/profiles/D6903008_134.nc,20220128144330.0,24.571,63.061,I,844,IF,20250520132208,2022-01-28 14:43:30,coriolis,6903008
coriolis/6903008/profiles/D6903008_135.nc,20220130144130.0,24.565,63.263,I,844,IF,20250520132208,2022-01-30 14:41:30,coriolis,6903008
coriolis/6903008/profiles/D6903008_136.nc,20220201144030.0,24.445,63.478,I,844,IF,20250520132208,2022-02-01 14:40:30,coriolis,6903008
coriolis/6903008/profiles/D6903008_137.nc,20220203143730.0,24.279,63.64,I,844,IF,20250520132208,2022-02-03 14:37:30,coriolis,6903008
coriolis/6903008/profiles/D6903008_138.nc,20220205144030.0,24.111,63.767,I,844,IF,20250520132208,2022-02-05 14:40:30,coriolis,6903008
coriolis/6903008/profiles/D6903008_139.nc,20220207144130.0,23.968,63.834,I,844,IF,20250520132208,2022-02-07 14:41:30,coriolis,6903008
coriolis/6903008/profiles/D6903008_140.nc,20220209143430.0,23.858,63.891,I,844,IF,20250520132208,2022-02-09 14:34:30,coriolis,6903008
coriolis/6903008/profiles/D6903008_141.nc,20220211143830.0,23.766,63.974,I,844,IF,20250520132208,2022-02-11 14:38:30,coriolis,6903008
coriolis/6903008/profiles/D6903008_142.nc,20220213144930.0,23.675,64.083,I,844,IF,20250520132208,2022-02-13 14:49:30,coriolis,6903008
coriolis/6903008/profiles/D6903008_143.nc,20220215144330.0,23.618,64.29,I,844,IF,20250520132208,2022-02-15 14:43:30,coriolis,6903008
coriolis/6903008/profiles/D6903008_144.nc,20220217145130.0,23.617,64.493,I,844,IF,20250520132208,2022-02-17 14:51:30,coriolis,6903008
coriolis/6903008/profiles/D6903008_145.nc,20220219144130.0,23.66,64.623,I,844,IF,20250520132208,2022-02-19 14:41:30,coriolis,6903008
coriolis/6903008/profiles/D6903008_146.nc,20220221143130.0,23.747,64.689,I,844,IF,20250520132208,2022-02-21 14:31:30,coriolis,6903008
coriolis/6903008/profiles/D6903008_147.nc,20220223143830.0,23.958,64.665,I,844,IF,20250520132208,2022-02-23 14:38:30,coriolis,6903008
coriolis/6903008/profiles/D6903008_148.nc,20220225144930.0,24.156,64.515,I,844,IF,20250520132208,2022-02-25 14:49:30,coriolis,6903008
coriolis/6903008/profiles/D6903008_149.nc,20220227144130.0,24.247,64.21,I,844,IF,20250520132208,2022-02-27 14:41:30,coriolis,6903008
coriolis/6903008/profiles/D6903008_150.nc,20220301143330.0,24.141,63.871,I,844,IF,20250520132208,2022-03-01 14:33:30,coriolis,6903008
coriolis/6903008/profiles/D6903008_151.nc,20220303143630.0,23.9,63.674,I,844,IF,20250520132208,2022-03-03 14:36:30,coriolis,6903008
coriolis/6903008/profiles/D6903008_152.nc,20220305143530.0,23.608,63.631,I,844,IF,20250520132208,2022-03-05 14:35:30,coriolis,6903008
coriolis/6903008/profiles/D6903008_153.nc,20220307143930.0,23.391,63.804,I,844,IF,20250520132208,2022-03-07 14:39:30,coriolis,6903008
coriolis/6903008/profiles/D6903008_154.nc,20220309144230.0,23.226,64.214,I,844,IF,20250520132208,2022-03-09 14:42:30,coriolis,6903008
coriolis/6903008/profiles/D6903008_155.nc,20220311142830.0,23.147,64.595,I,844,IF,20250520132208,2022-03-11 14:28:30,coriolis,6903008
coriolis/6903008/profiles/D6903008_156.nc,20220313144130.0,23.214,64.821,I,844,IF,20250520132208,2022-03-13 14:41:30,coriolis,6903008
coriolis/6903008/profiles/D6903008_157.nc,20220315144030.0,23.354,64.868,I,844,IF,20250520132208,2022-03-15 14:40:30,coriolis,6903008
coriolis/6903008/profiles/D6903008_158.nc,20220317143930.0,23.62,64.661,I,844,IF,20250520132208,2022-03-17 14:39:30,coriolis,6903008
coriolis/6903008/profiles/D6903008_159.nc,20220319151030.0,23.678,64.335,I,844,IF,20250520132208,2022-03-19 15:10:30,coriolis,6903008
coriolis/6903008/profiles/D6903008_160.nc,20220321144630.0,23.591,64.134,I,844,IF,20250520132208,2022-03-21 14:46:30,coriolis,6903008
coriolis/6903008/profiles/D6903008_161.nc,20220323143730.0,23.498,63.998,I,844,IF,20250520132208,2022-03-23 14:37:30,coriolis,6903008
coriolis/6903008/profiles/D6903008_162.nc,20220325144830.0,23.49,63.897,I,844,IF,20250520132208,2022-03-25 14:48:30,coriolis,6903008
coriolis/6903008/profiles/D6903008_163.nc,20220327145330.0,23.491,63.87,I,844,IF,20250520132208,2022-03-27 14:53:30,coriolis,6903008
coriolis/6903008/profiles/D6903008_164.nc,20220329144330.0,23.504,63.867,I,844,IF,20250520132208,2022-03-29 14:43:30,coriolis,6903008
coriolis/6903008/profiles/D6903008_165.nc,20220331144830.0,23.514,63.83,I,844,IF,20250520132208,2022-03-31 14:48:30,coriolis,6903008
coriolis/6903008/profiles/D6903008_166.nc,20220402144030.0,23.524,63.806,I,844,IF,20250520132208,2022-04-02 14:40:30,coriolis,6903008
coriolis/6903008/profiles/D6903008_167.nc,20220404144730.0,23.543,63.752,I,844,IF,20250520132208,2022-04-04 14:47:30,coriolis,6903008
coriolis/6903008/profiles/D6903008_168.nc,20220406145930.0,23.611,63.703,I,844,IF,20250520132208,2022-04-06 14:59:30,coriolis,6903008
coriolis/6903008/profiles/D6903008_169.nc,20220408144330.0,23.64,63.614,I,844,IF,20250520132208,2022-04-08 14:43:30,coriolis,6903008
coriolis/6903008/profiles/D6903008_170.nc,20220410144330.0,23.664,63.657,I,844,IF,20250520132208,2022-04-10 14:43:30,coriolis,6903008
coriolis/6903008/profiles/D6903008_171.nc,20220412144630.0,23.677,63.699,I,844,IF,20250520132208,2022-04-12 14:46:30,coriolis,6903008
coriolis/6903008/profiles/D6903008_172.nc,20220414144330.0,23.713,63.702,I,844,IF,20250520132208,2022-04-14 14:43:30,coriolis,6903008
coriolis/6903008/profiles/D6903008_173.nc,20220416144030.0,23.802,63.688,I,844,IF,20250520132208,2022-04-16 14:40:30,coriolis,6903008
coriolis/6903008/profiles/D6903008_174.nc,20220418144230.0,23.925,63.676,I,844,IF,20250520132208,2022-04-18 14:42:30,coriolis,6903008
coriolis/6903008/profiles/D6903008_175.nc,20220420144230.0,24.033,63.684,I,844,IF,20250520132208,2022-04-20 14:42:30,coriolis,6903008
coriolis/6903008/profiles/D6903008_176.nc,20220422144430.0,24.161,63.688,I,844,IF,20250520132208,2022-04-22 14:44:30,coriolis,6903008
coriolis/6903008/profiles/D6903008_177.nc,20220424144430.0,24.273,63.645,I,844,IF,20250520132208,2022-04-24 14:44:30,coriolis,6903008
coriolis/6903008/profiles/D6903008_178.nc,20220426145830.0,24.396,63.594,I,844,IF,20250520132208,2022-04-26 14:58:30,coriolis,6903008
coriolis/6903008/profiles/D6903008_179.nc,20220428144630.0,24.494,63.563,I,844,IF,20250520132208,2022-04-28 14:46:30,coriolis,6903008
coriolis/6903008/profiles/D6903008_180.nc,20220430144930.0,24.532,63.54,I,844,IF,20250520132208,2022-04-30 14:49:30,coriolis,6903008
coriolis/6903008/profiles/D6903008_181.nc,20220502150530.0,24.596,63.549,I,844,IF,20250520132208,2022-05-02 15:05:30,coriolis,6903008
coriolis/6903008/profiles/D6903008_182.nc,20220504145630.0,24.625,63.55,I,844,IF,20250520132208,2022-05-04 14:56:30,coriolis,6903008
coriolis/6903008/profiles/D6903008_183.nc,20220506143830.0,24.665,63.561,I,844,IF,20250520132208,2022-05-06 14:38:30,coriolis,6903008
coriolis/6903008/profiles/D6903008_184.nc,20220508144030.0,24.669,63.577,I,844,IF,20250520132208,2022-05-08 14:40:30,coriolis,6903008
coriolis/6903008/profiles/D6903008_185.nc,20220510150130.0,24.665,63.609,I,844,IF,20250520132208,2022-05-10 15:01:30,coriolis,6903008
coriolis/6903008/profiles/D6903008_186.nc,20220512145530.0,24.649,63.653,I,844,IF,20250520132208,2022-05-12 14:55:30,coriolis,6903008
coriolis/6903008/profiles/D6903008_187.nc,20220514144230.0,24.602,63.652,I,844,IF,20250520132208,2022-05-14 14:42:30,coriolis,6903008
coriolis/6903008/profiles/D6903008_188.nc,20220516144130.0,24.567,63.649,I,844,IF,20250520132208,2022-05-16 14:41:30,coriolis,6903008
coriolis/6903008/profiles/D6903008_189.nc,20220518144430.0,24.521,63.678,I,844,IF,20250520132208,2022-05-18 14:44:30,coriolis,6903008
coriolis/6903008/profiles/D6903008_190.nc,20220520143930.0,24.481,63.698,I,844,IF,20250520132208,2022-05-20 14:39:30,coriolis,6903008
coriolis/6903008/profiles/D6903008_191.nc,20220522144130.0,24.49,63.735,I,844,IF,20250520132208,2022-05-22 14:41:30,coriolis,6903008
coriolis/6903008/profiles/D6903008_192.nc,20220524143930.0,24.479,63.773,I,844,IF,20250520132208,2022-05-24 14:39:30,coriolis,6903008
coriolis/6903008/profiles/D6903008_193.nc,20220526145730.0,24.46,63.793,I,844,IF,20250520132208,2022-05-26 14:57:30,coriolis,6903008
coriolis/6903008/profiles/D6903008_194.nc,20220528145030.0,24.447,63.783,I,844,IF,20250520132208,2022-05-28 14:50:30,coriolis,6903008
coriolis/6903008/profiles/D6903008_195.nc,20220530143830.0,24.425,63.794,I,844,IF,20250520132208,2022-05-30 14:38:30,coriolis,6903008
coriolis/6903008/profiles/D6903008_196.nc,20220601144330.0,24.409,63.775,I,844,IF,20250520132208,2022-06-01 14:43:30,coriolis,6903008
coriolis/6903008/profiles/D6903008_197.nc,20220603144730.0,24.409,63.764,I,844,IF,20250520132208,2022-06-03 14:47:30,coriolis,6903008
coriolis/6903008/profiles/D6903008_198.nc,20220605143730.0,24.386,63.788,I,844,IF,20250520132208,2022-06-05 14:37:30,coriolis,6903008
coriolis/6903008/profiles/D6903008_199.nc,20220607144330.0,24.39,63.845,I,844,IF,20250520132208,2022-06-07 14:43:30,coriolis,6903008
coriolis/6903008/profiles/D6903008_200.nc,20220609144030.0,24.399,63.915,I,844,IF,20250520132208,2022-06-09 14:40:30,coriolis,6903008
coriolis/6903008/profiles/D6903008_201.nc,20220611144630.0,24.434,63.982,I,844,IF,20250520132208,2022-06-11 14:46:30,coriolis,6903008
coriolis/6903008/profiles/D6903008_202.nc,20220613150030.0,24.487,64.078,I,844,IF,20250520132208,2022-06-13 15:00:30,coriolis,6903008
coriolis/6903008/profiles/D6903008_203.nc,20220615145530.0,24.56,64.095,I,844,IF,20250520132208,2022-06-15 14:55:30,coriolis,6903008
coriolis/6903008/profiles/D6903008_204.nc,20220617143730.0,24.628,64.085,I,844,IF,20250520132208,2022-06-17 14:37:30,coriolis,6903008
coriolis/6903008/profiles/D6903008_205.nc,20220619145130.0,24.648,64.051,I,844,IF,20250520132208,2022-06-19 14:51:30,coriolis,6903008
coriolis/6903008/profiles/D6903008_206.nc,20220621145230.0,24.679,64.059,I,844,IF,20250520132208,2022-06-21 14:52:30,coriolis,6903008
coriolis/6903008/profiles/D6903008_207.nc,20220623145630.0,24.696,64.102,I,844,IF,20250520132208,2022-06-23 14:56:30,coriolis,6903008
coriolis/6903008/profiles/D6903008_208.nc,20220625145330.0,24.738,64.184,I,844,IF,20250520132208,2022-06-25 14:53:30,coriolis,6903008
coriolis/6903008/profiles/D6903008_209.nc,20220627144930.0,24.738,64.264,I,844,IF,20250520132208,2022-06-27 14:49:30,coriolis,6903008
coriolis/6903008/profiles/D6903008_210.nc,20220629145830.0,24.708,64.344,I,844,IF,20250520132208,2022-06-29 14:58:30,coriolis,6903008
coriolis/6903008/profiles/D6903008_211.nc,20220701150630.0,24.678,64.435,I,844,IF,20250520132208,2022-07-01 15:06:30,coriolis,6903008
coriolis/6903008/profiles/D6903008_212.nc,20220703145230.0,24.656,64.575,I,844,IF,20250520132208,2022-07-03 14:52:30,coriolis,6903008
coriolis/6903008/profiles/D6903008_213.nc,20220705151430.0,24.636,64.704,I,844,IF,20250520132208,2022-07-05 15:14:30,coriolis,6903008
coriolis/6903008/profiles/D6903008_214.nc,20220707144930.0,24.611,64.816,I,844,IF,20250520132208,2022-07-07 14:49:30,coriolis,6903008
coriolis/6903008/profiles/D6903008_215.nc,20220709135530.0,24.629,65.0,I,844,IF,20250520132208,2022-07-09 13:55:30,coriolis,6903008
coriolis/6903008/profiles/D6903008_216.nc,20220711144130.0,24.601,65.167,I,844,IF,20250520132208,2022-07-11 14:41:30,coriolis,6903008
coriolis/6903008/profiles/D6903008_217.nc,20220713144330.0,24.544,65.327,I,844,IF,20250520132208,2022-07-13 14:43:30,coriolis,6903008
coriolis/6903008/profiles/D6903008_218.nc,20220715144930.0,24.489,65.441,I,844,IF,20250520132208,2022-07-15 14:49:30,coriolis,6903008
coriolis/6903008/profiles/D6903008_219.nc,20220717144530.0,24.396,65.507,I,844,IF,20250520132208,2022-07-17 14:45:30,coriolis,6903008
coriolis/6903008/profiles/D6903008_220.nc,20220719145830.0,24.284,65.562,I,844,IF,20250520132208,2022-07-19 14:58:30,coriolis,6903008
coriolis/6903008/profiles/D6903008_221.nc,20220721150730.0,24.141,65.551,I,844,IF,20250520132208,2022-07-21 15:07:30,coriolis,6903008
coriolis/6903008/profiles/D6903008_222.nc,20220723152930.0,24.01,65.55,I,844,IF,20250520132208,2022-07-23 15:29:30,coriolis,6903008
coriolis/6903008/profiles/D6903008_223.nc,20220725145530.0,23.889,65.56,I,844,IF,20250520132208,2022-07-25 14:55:30,coriolis,6903008
coriolis/6903008/profiles/D6903008_224.nc,20220727145730.0,23.741,65.57,I,844,IF,20250520132208,2022-07-27 14:57:30,coriolis,6903008
coriolis/6903008/profiles/D6903008_225.nc,20220729145430.0,23.622,65.57,I,844,IF,20250520132208,2022-07-29 14:54:30,coriolis,6903008
coriolis/6903008/profiles/D6903008_226.nc,20220731145930.0,23.468,65.646,I,844,IF,20250520132208,2022-07-31 14:59:30,coriolis,6903008
coriolis/6903008/profiles/D6903008_227.nc,20220802145630.0,23.369,65.765,I,844,IF,20250520132208,2022-08-02 14:56:30,coriolis,6903008
coriolis/6903008/profiles/D6903008_228.nc,20220804151630.0,23.361,65.889,I,844,IF,20250520132208,2022-08-04 15:16:30,coriolis,6903008
coriolis/6903008/profiles/D6903008_229.nc,20220806150530.0,23.444,65.96,I,844,IF,20250520132208,2022-08-06 15:05:30,coriolis,6903008
coriolis/6903008/profiles/D6903008_230.nc,20220808145630.0,23.598,65.922,I,844,IF,20250520132208,2022-08-08 14:56:30,coriolis,6903008
coriolis/6903008/profiles/D6903008_231.nc,20220810150630.0,23.733,65.772,I,844,IF,20250520132208,2022-08-10 15:06:30,coriolis,6903008
coriolis/6903008/profiles/D6903008_232.nc,20220812145130.0,23.715,65.545,I,844,IF,20250520132208,2022-08-12 14:51:30,coriolis,6903008
coriolis/6903008/profiles/D6903008_233.nc,20220814145830.0,23.611,65.333,I,844,IF,20250520132208,2022-08-14 14:58:30,coriolis,6903008
coriolis/6903008/profiles/D6903008_234.nc,20220816150030.0,23.4,65.233,I,844,IF,20250520132208,2022-08-16 15:00:30,coriolis,6903008
coriolis/6903008/profiles/D6903008_235.nc,20220818151530.0,23.239,65.214,I,844,IF,20250520132208,2022-08-18 15:15:30,coriolis,6903008
coriolis/6903008/profiles/D6903008_236.nc,20220820145530.0,23.12,65.261,I,844,IF,20250520132208,2022-08-20 14:55:30,coriolis,6903008
coriolis/6903008/profiles/D6903008_237.nc,20220822144730.0,23.089,65.396,I,844,IF,20250520132208,2022-08-22 14:47:30,coriolis,6903008
coriolis/6903008/profiles/D6903008_238.nc,20220824145130.0,23.14,65.516,I,844,IF,20250520132208,2022-08-24 14:51:30,coriolis,6903008
coriolis/6903008/profiles/D6903008_239.nc,20220826151530.0,23.243,65.582,I,844,IF,20250520132208,2022-08-26 15:15:30,coriolis,6903008
coriolis/6903008/profiles/D6903008_240.nc,20220828150230.0,23.443,65.599,I,844,IF,20250520132208,2022-08-28 15:02:30,coriolis,6903008
coriolis/6903008/profiles/D6903008_241.nc,20220830150030.0,23.628,65.504,I,844,IF,20250520132208,2022-08-30 15:00:30,coriolis,6903008
coriolis/6903008/profiles/D6903008_242.nc,20220901144830.0,23.703,65.32,I,844,IF,20250520132208,2022-09-01 14:48:30,coriolis,6903008
coriolis/6903008/profiles/D6903008_243.nc,20220903144730.0,23.762,65.16,I,844,IF,20250520132208,2022-09-03 14:47:30,coriolis,6903008
coriolis/6903008/profiles/D6903008_244.nc,20220905144730.0,23.692,65.033,I,844,IF,20250520132208,2022-09-05 14:47:30,coriolis,6903008
coriolis/6903008/profiles/D6903008_245.nc,20220907145330.0,23.559,65.034,I,844,IF,20250520132208,2022-09-07 14:53:30,coriolis,6903008
coriolis/6903008/profiles/D6903008_246.nc,20220909145030.0,23.472,65.143,I,844,IF,20250520132208,2022-09-09 14:50:30,coriolis,6903008
coriolis/6903008/profiles/D6903008_247.nc,20220911145030.0,23.553,65.296,I,844,IF,20250520132208,2022-09-11 14:50:30,coriolis,6903008
coriolis/6903008/profiles/D6903008_248.nc,20220913144630.0,23.788,65.329,I,844,IF,20250520132208,2022-09-13 14:46:30,coriolis,6903008
coriolis/6903008/profiles/D6903008_249.nc,20220915145630.0,23.931,65.327,I,844,IF,20250520132208,2022-09-15 14:56:30,coriolis,6903008
coriolis/6903008/profiles/D6903008_250.nc,20220917144730.0,24.087,65.275,I,844,IF,20250520132208,2022-09-17 14:47:30,coriolis,6903008
coriolis/6903008/profiles/D6903008_251.nc,20220919150130.0,24.206,65.156,I,844,IF,20250520132208,2022-09-19 15:01:30,coriolis,6903008
coriolis/6903008/profiles/D6903008_252.nc,20220921144330.0,24.35,65.018,I,844,IF,20250520132208,2022-09-21 14:43:30,coriolis,6903008
coriolis/6903008/profiles/D6903008_253.nc,20220923144930.0,24.492,64.871,I,844,IF,20250520132208,2022-09-23 14:49:30,coriolis,6903008
coriolis/6903008/profiles/D6903008_254.nc,20220925144130.0,24.627,64.737,I,844,IF,20250520132208,2022-09-25 14:41:30,coriolis,6903008
coriolis/6903008/profiles/D6903008_255.nc,20220927150430.0,24.7,64.639,I,844,IF,20250520132208,2022-09-27 15:04:30,coriolis,6903008
coriolis/6903008/profiles/D6903008_256.nc,20220929152830.0,24.741,64.55,I,844,IF,20250520132208,2022-09-29 15:28:30,coriolis,6903008
coriolis/6903008/profiles/D6903008_257.nc,20221001145030.0,24.77,64.429,I,844,IF,20250520132208,2022-10-01 14:50:30,coriolis,6903008
coriolis/6903008/profiles/D6903008_258.nc,20221003145630.0,24.782,64.262,I,844,IF,20250520132208,2022-10-03 14:56:30,coriolis,6903008
coriolis/6903008/profiles/D6903008_259.nc,20221005152130.0,24.779,64.08,I,844,IF,20250520132208,2022-10-05 15:21:30,coriolis,6903008
coriolis/6903008/profiles/D6903008_260.nc,20221007145230.0,24.762,63.886,I,844,IF,20250520132208,2022-10-07 14:52:30,coriolis,6903008
coriolis/6903008/profiles/D6903008_261.nc,20221009150730.0,24.74,63.691,I,844,IF,20250520132208,2022-10-09 15:07:30,coriolis,6903008
coriolis/6903008/profiles/D6903008_262.nc,20221011145430.0,24.712,63.498,I,844,IF,20250520132208,2022-10-11 14:54:30,coriolis,6903008
coriolis/6903008/profiles/D6903008_263.nc,20221013144830.0,24.691,63.275,I,844,IF,20250520132208,2022-10-13 14:48:30,coriolis,6903008
coriolis/6903008/profiles/D6903008_264.nc,20221015145530.0,24.651,63.026,I,844,IF,20250520132208,2022-10-15 14:55:30,coriolis,6903008
coriolis/6903008/profiles/D6903008_265.nc,20221017150830.0,24.604,62.827,I,844,IF,20250520132208,2022-10-17 15:08:30,coriolis,6903008
coriolis/6903008/profiles/D6903008_266.nc,20221019144530.0,24.544,62.656,I,844,IF,20250520132208,2022-10-19 14:45:30,coriolis,6903008
coriolis/6903008/profiles/D6903008_267.nc,20221021144730.0,24.444,62.507,I,844,IF,20250520132208,2022-10-21 14:47:30,coriolis,6903008
coriolis/6903008/profiles/D6903008_268.nc,20221023144230.0,24.355,62.391,I,844,IF,20250520132208,2022-10-23 14:42:30,coriolis,6903008
coriolis/6903008/profiles/D6903008_269.nc,20221025150730.0,24.308,62.232,I,844,IF,20250520132208,2022-10-25 15:07:30,coriolis,6903008
coriolis/6903008/profiles/D6903008_270.nc,20221027145230.0,24.314,62.151,I,844,IF,20250520132208,2022-10-27 14:52:30,coriolis,6903008
coriolis/6903008/profiles/D6903008_271.nc,20221029144530.0,24.321,62.144,I,844,IF,20250520132208,2022-10-29 14:45:30,coriolis,6903008
coriolis/6903008/profiles/D6903008_272.nc,20221031144530.0,24.284,62.149,I,844,IF,20250520132208,2022-10-31 14:45:30,coriolis,6903008
coriolis/6903008/profiles/D6903008_273.nc,20221102144430.0,24.25,62.113,I,844,IF,20250520132208,2022-11-02 14:44:30,coriolis,6903008
coriolis/6903008/profiles/D6903008_274.nc,20221104144830.0,24.25,62.099,I,844,IF,20250520132208,2022-11-04 14:48:30,coriolis,6903008
coriolis/6903008/profiles/D6903008_275.nc,20221106145130.0,24.181,62.123,I,844,IF,20250520132208,2022-11-06 14:51:30,coriolis,6903008
coriolis/6903008/profiles/D6903008_276.nc,20221108144030.0,24.032,62.165,I,844,IF,20250520132208,2022-11-08 14:40:30,coriolis,6903008
coriolis/6903008/profiles/D6903008_277.nc,20221110143730.0,23.863,62.208,I,844,IF,20250520132208,2022-11-10 14:37:30,coriolis,6903008
coriolis/6903008/profiles/D6903008_278.nc,20221112143930.0,23.708,62.24,I,844,IF,20250520132208,2022-11-12 14:39:30,coriolis,6903008
coriolis/6903008/profiles/D6903008_279.nc,20221114144630.0,23.572,62.306,I,844,IF,20250520132208,2022-11-14 14:46:30,coriolis,6903008
coriolis/6903008/profiles/D6903008_280.nc,20221116144330.0,23.482,62.393,I,844,IF,20250520132208,2022-11-16 14:43:30,coriolis,6903008
coriolis/6903008/profiles/D6903008_281.nc,20221118150130.0,23.433,62.479,I,844,IF,20250520132208,2022-11-18 15:01:30,coriolis,6903008
coriolis/6903008/profiles/D6903008_282.nc,20221120144530.0,23.452,62.567,I,844,IF,20250520132208,2022-11-20 14:45:30,coriolis,6903008
coriolis/6903008/profiles/D6903008_283.nc,20221122144530.0,23.526,62.636,I,844,IF,20250520132208,2022-11-22 14:45:30,coriolis,6903008
coriolis/6903008/profiles/D6903008_284.nc,20221124143830.0,23.643,62.723,I,844,IF,20250520132208,2022-11-24 14:38:30,coriolis,6903008
coriolis/6903008/profiles/D6903008_285.nc,20221126144330.0,23.811,62.769,I,844,IF,20250520132208,2022-11-26 14:43:30,coriolis,6903008
coriolis/6903008/profiles/D6903008_286.nc,20221128143830.0,23.971,62.783,I,844,IF,20250520132208,2022-11-28 14:38:30,coriolis,6903008
coriolis/6903008/profiles/D6903008_287.nc,20221130144430.0,24.088,62.797,I,844,IF,20250520132208,2022-11-30 14:44:30,coriolis,6903008
coriolis/6903008/profiles/D6903008_288.nc,20221202145630.0,24.138,62.821,I,844,IF,20250520132208,2022-12-02 14:56:30,coriolis,6903008
coriolis/6903008/profiles/D6903008_289.nc,20221204144130.0,24.161,62.851,I,844,IF,20250520132208,2022-12-04 14:41:30,coriolis,6903008
coriolis/6903008/profiles/D6903008_290.nc,20221206144630.0,24.161,62.914,I,844,IF,20250520132208,2022-12-06 14:46:30,coriolis,6903008
coriolis/6903008/profiles/D6903008_291.nc,20221208150030.0,24.161,62.983,I,844,IF,20250520132208,2022-12-08 15:00:30,coriolis,6903008
coriolis/6903008/profiles/D6903008_292.nc,20221210144730.0,24.145,63.046,I,844,IF,20250520132208,2022-12-10 14:47:30,coriolis,6903008
coriolis/6903008/profiles/D6903008_293.nc,20221212144030.0,24.141,63.101,I,844,IF,20250520132208,2022-12-12 14:40:30,coriolis,6903008
coriolis/6903008/profiles/D6903008_294.nc,20221214144530.0,24.116,63.154,I,844,IF,20250520132208,2022-12-14 14:45:30,coriolis,6903008
coriolis/6903008/profiles/D6903008_295.nc,20221216145130.0,24.069,63.244,I,844,IF,20250520132208,2022-12-16 14:51:30,coriolis,6903008
coriolis/6903008/profiles/D6903008_296.nc,20221218144730.0,24.04,63.304,I,844,IF,20250520132208,2022-12-18 14:47:30,coriolis,6903008
coriolis/6903008/profiles/D6903008_297.nc,20221220145430.0,24.015,63.341,I,844,IF,20250520132208,2022-12-20 14:54:30,coriolis,6903008
coriolis/6903008/profiles/D6903008_298.nc,20221222144230.0,23.993,63.384,I,844,IF,20250520132208,2022-12-22 14:42:30,coriolis,6903008
coriolis/6903008/profiles/D6903008_299.nc,20221224150030.0,23.965,63.409,I,844,IF,20250520132208,2022-12-24 15:00:30,coriolis,6903008
coriolis/6903008/profiles/D6903008_300.nc,20221226145430.0,23.922,63.426,I,844,IF,20250520132208,2022-12-26 14:54:30,coriolis,6903008
coriolis/6903008/profiles/D6903008_301.nc,20221228145030.0,23.902,63.437,I,844,IF,20250520132208,2022-12-28 14:50:30,coriolis,6903008
coriolis/6903008/profiles/D6903008_302.nc,20221230143830.0,23.873,63.413,I,844,IF,20250520132208,2022-12-30 14:38:30,coriolis,6903008
coriolis/6903008/profiles/D6903008_303.nc,20230101143730.0,23.852,63.397,I,844,IF,20250520132208,2023-01-01 14:37:30,coriolis,6903008
coriolis/6903008/profiles/D6903008_304.nc,20230103144130.0,23.831,63.365,I,844,IF,20250520132208,2023-01-03 14:41:30,coriolis,6903008
coriolis/6903008/profiles/D6903008_305.nc,20230105145330.0,23.826,63.309,I,844,IF,20250520132208,2023-01-05 14:53:30,coriolis,6903008
coriolis/6903008/profiles/D6903008_306.nc,20230107144530.0,23.816,63.268,I,844,IF,20250520132208,2023-01-07 14:45:30,coriolis,6903008
coriolis/6903008/profiles/D6903008_307.nc,20230109144630.0,23.797,63.227,I,844,IF,20250520132208,2023-01-09 14:46:30,coriolis,6903008
coriolis/6903008/profiles/D6903008_308.nc,20230111145230.0,23.779,63.202,I,844,IF,20250520132208,2023-01-11 14:52:30,coriolis,6903008
coriolis/6903008/profiles/D6903008_309.nc,20230113144830.0,23.788,63.187,I,844,IF,20250520132208,2023-01-13 14:48:30,coriolis,6903008
coriolis/6903008/profiles/D6903008_310.nc,20230115144630.0,23.8,63.194,I,844,IF,20250520132208,2023-01-15 14:46:30,coriolis,6903008
coriolis/6903008/profiles/D6903008_311.nc,20230117150130.0,23.834,63.236,I,844,IF,20250520132208,2023-01-17 15:01:30,coriolis,6903008
coriolis/6903008/profiles/D6903008_312.nc,20230119144430.0,23.873,63.319,I,844,IF,20250520132208,2023-01-19 14:44:30,coriolis,6903008
coriolis/6903008/profiles/D6903008_313.nc,20230121150530.0,23.903,63.407,I,844,IF,20250520132208,2023-01-21 15:05:30,coriolis,6903008
coriolis/6903008/profiles/D6903008_314.nc,20230123144730.0,23.931,63.483,I,844,IF,20250520132208,2023-01-23 14:47:30,coriolis,6903008
coriolis/6903008/profiles/D6903008_315.nc,20230125144530.0,23.961,63.557,I,844,IF,20250520132208,2023-01-25 14:45:30,coriolis,6903008
coriolis/6903008/profiles/D6903008_316.nc,20230127144930.0,24.001,63.616,I,844,IF,20250520132208,2023-01-27 14:49:30,coriolis,6903008
coriolis/6903008/profiles/D6903008_317.nc,20230129144330.0,24.035,63.649,I,844,IF,20250520132208,2023-01-29 14:43:30,coriolis,6903008
coriolis/6903008/profiles/D6903008_318.nc,20230131144830.0,24.101,63.706,I,844,IF,20250520132208,2023-01-31 14:48:30,coriolis,6903008
coriolis/6903008/profiles/D6903008_319.nc,20230202145130.0,24.194,63.735,I,844,IF,20250520132208,2023-02-02 14:51:30,coriolis,6903008
coriolis/6903008/profiles/D6903008_320.nc,20230204145130.0,24.289,63.761,I,844,IF,20250520132208,2023-02-04 14:51:30,coriolis,6903008
coriolis/6903008/profiles/D6903008_321.nc,20230206143930.0,24.374,63.83,I,844,IF,20250520132208,2023-02-06 14:39:30,coriolis,6903008
coriolis/6903008/profiles/D6903008_322.nc,20230208144630.0,24.438,63.903,I,844,IF,20250520132208,2023-02-08 14:46:30,coriolis,6903008
coriolis/6903008/profiles/D6903008_323.nc,20230210144730.0,24.471,63.96,I,844,IF,20250520132208,2023-02-10 14:47:30,coriolis,6903008
coriolis/6903008/profiles/D6903008_324.nc,20230212144930.0,24.486,64.003,I,844,IF,20250520132208,2023-02-12 14:49:30,coriolis,6903008
coriolis/6903008/profiles/D6903008_325.nc,20230214150030.0,24.452,64.035,I,844,IF,20250520132208,2023-02-14 15:00:30,coriolis,6903008
coriolis/6903008/profiles/D6903008_326.nc,20230216143930.0,24.351,64.064,I,844,IF,20250520132208,2023-02-16 14:39:30,coriolis,6903008
coriolis/6903008/profiles/D6903008_327.nc,20230218144930.0,24.228,64.101,I,844,IF,20250520132208,2023-02-18 14:49:30,coriolis,6903008
coriolis/6903008/profiles/D6903008_328.nc,20230220145730.0,24.086,64.213,I,844,IF,20250520132208,2023-02-20 14:57:30,coriolis,6903008
coriolis/6903008/profiles/D6903008_329.nc,20230222145330.0,23.922,64.312,I,844,IF,20250520132208,2023-02-22 14:53:30,coriolis,6903008
coriolis/6903008/profiles/D6903008_330.nc,20230224144930.0,23.801,64.45,I,844,IF,20250520132208,2023-02-24 14:49:30,coriolis,6903008
coriolis/6903008/profiles/D6903008_331.nc,20230226144130.0,23.737,64.643,I,844,IF,20250520132208,2023-02-26 14:41:30,coriolis,6903008
coriolis/6903008/profiles/D6903008_332.nc,20230228145030.0,23.733,64.816,I,844,IF,20250520132208,2023-02-28 14:50:30,coriolis,6903008
coriolis/6903008/profiles/D6903008_333.nc,20230302145930.0,23.785,64.971,I,844,IF,20250520132208,2023-03-02 14:59:30,coriolis,6903008
coriolis/6903008/profiles/D6903008_334.nc,20230304144930.0,23.889,65.115,I,844,IF,20250520132208,2023-03-04 14:49:30,coriolis,6903008
coriolis/6903008/profiles/D6903008_335.nc,20230306145930.0,23.993,65.238,I,844,IF,20250520132208,2023-03-06 14:59:30,coriolis,6903008
coriolis/6903008/profiles/D6903008_336.nc,20230308145230.0,24.064,65.357,I,844,IF,20250520132208,2023-03-08 14:52:30,coriolis,6903008
coriolis/6903008/profiles/D6903008_337.nc,20230310145930.0,24.093,65.499,I,844,IF,20250520132208,2023-03-10 14:59:30,coriolis,6903008
coriolis/6903008/profiles/D6903008_338.nc,20230312150730.0,24.058,65.593,I,844,IF,20250520132208,2023-03-12 15:07:30,coriolis,6903008
coriolis/6903008/profiles/D6903008_339.nc,20230314145430.0,23.911,65.635,I,844,IF,20250520132208,2023-03-14 14:54:30,coriolis,6903008
coriolis/6903008/profiles/D6903008_340.nc,20230316150230.0,23.728,65.556,I,844,IF,20250520132208,2023-03-16 15:02:30,coriolis,6903008
coriolis/6903008/profiles/D6903008_341.nc,20230318150030.0,23.629,65.464,I,844,IF,20250520132208,2023-03-18 15:00:30,coriolis,6903008
coriolis/6903008/profiles/D6903008_342.nc,20230320145130.0,23.52,65.405,I,844,IF,20250520132208,2023-03-20 14:51:30,coriolis,6903008
coriolis/6903008/profiles/D6903008_343.nc,20230322145530.0,23.43,65.35,I,844,IF,20250520132208,2023-03-22 14:55:30,coriolis,6903008
coriolis/6903008/profiles/D6903008_344.nc,20230324150730.0,23.384,65.287,I,844,IF,20250520132208,2023-03-24 15:07:30,coriolis,6903008
coriolis/6903008/profiles/D6903008_345.nc,20230326150530.0,23.388,65.238,I,844,IF,20250520132208,2023-03-26 15:05:30,coriolis,6903008
coriolis/6903008/profiles/D6903008_346.nc,20230328151830.0,23.471,65.219,I,844,IF,20250520132208,2023-03-28 15:18:30,coriolis,6903008
coriolis/6903008/profiles/D6903008_347.nc,20230330145030.0,23.589,65.238,I,844,IF,20250520132208,2023-03-30 14:50:30,coriolis,6903008
coriolis/6903008/profiles/D6903008_348.nc,20230401145530.0,23.669,65.272,I,844,IF,20250520132208,2023-04-01 14:55:30,coriolis,6903008
coriolis/6903008/profiles/D6903008_349.nc,20230403145130.0,23.741,65.281,I,844,IF,20250520132208,2023-04-03 14:51:30,coriolis,6903008
coriolis/6903008/profiles/D6903008_350.nc,20230405145130.0,23.75,65.347,I,844,IF,20250520132208,2023-04-05 14:51:30,coriolis,6903008
coriolis/6903008/profiles/D6903008_351.nc,20230407145230.0,23.675,65.416,I,844,IF,20250520132208,2023-04-07 14:52:30,coriolis,6903008
coriolis/6903008/profiles/D6903008_352.nc,20230409150130.0,23.541,65.463,I,844,IF,20250520132208,2023-04-09 15:01:30,coriolis,6903008
coriolis/6903008/profiles/D6903008_353.nc,20230411150730.0,23.363,65.432,I,844,IF,20250520132208,2023-04-11 15:07:30,coriolis,6903008
coriolis/6903046/profiles/D6903046_121.nc,20220102141630.0,20.657,60.483,I,844,IF,20250520133129,2022-01-02 14:16:30,coriolis,6903046
coriolis/6903046/profiles/D6903046_122.nc,20220104141130.0,20.691,60.314,I,844,IF,20250520133129,2022-01-04 14:11:30,coriolis,6903046
coriolis/6903046/profiles/D6903046_123.nc,20220106141730.0,20.705,60.119,I,844,IF,20250520133129,2022-01-06 14:17:30,coriolis,6903046
coriolis/6903046/profiles/D6903046_124.nc,20220108142330.0,20.694,59.967,I,844,IF,20250520133129,2022-01-08 14:23:30,coriolis,6903046
coriolis/6903046/profiles/D6903046_125.nc,20220110141730.0,20.615,59.836,I,844,IF,20250520133129,2022-01-10 14:17:30,coriolis,6903046
coriolis/6903046/profiles/D6903046_126.nc,20220112142630.0,20.511,59.742,I,844,IF,20250520133129,2022-01-12 14:26:30,coriolis,6903046
coriolis/6903046/profiles/D6903046_127.nc,20220114141030.0,20.402,59.667,I,844,IF,20250520133129,2022-01-14 14:10:30,coriolis,6903046
coriolis/6903046/profiles/D6903046_128.nc,20220116141230.0,20.25,59.664,I,844,IF,20250520133129,2022-01-16 14:12:30,coriolis,6903046
coriolis/6903046/profiles/D6903046_129.nc,20220118141730.0,20.088,59.729,I,844,IF,20250520133129,2022-01-18 14:17:30,coriolis,6903046
coriolis/6903046/profiles/D6903046_130.nc,20220120140830.0,20.009,59.887,I,844,IF,20250520133129,2022-01-20 14:08:30,coriolis,6903046
coriolis/6903046/profiles/D6903046_131.nc,20220122142030.0,20.001,60.077,I,844,IF,20250520133129,2022-01-22 14:20:30,coriolis,6903046
coriolis/6903046/profiles/D6903046_132.nc,20220124141130.0,20.109,60.293,I,844,IF,20250520133129,2022-01-24 14:11:30,coriolis,6903046
coriolis/6903046/profiles/D6903046_133.nc,20220126140730.0,20.285,60.503,I,844,IF,20250520133129,2022-01-26 14:07:30,coriolis,6903046
coriolis/6903046/profiles/D6903046_134.nc,20220128141830.0,20.518,60.619,I,844,IF,20250520133129,2022-01-28 14:18:30,coriolis,6903046
coriolis/6903046/profiles/D6903046_135.nc,20220130142330.0,20.747,60.588,I,844,IF,20250520133129,2022-01-30 14:23:30,coriolis,6903046
coriolis/6903046/profiles/D6903046_136.nc,20220201143130.0,21.009,60.433,I,844,IF,20250520133129,2022-02-01 14:31:30,coriolis,6903046
coriolis/6903046/profiles/D6903046_137.nc,20220203142130.0,21.27,60.241,I,844,IF,20250520133129,2022-02-03 14:21:30,coriolis,6903046
coriolis/6903046/profiles/D6903046_138.nc,20220205142630.0,21.526,60.022,I,844,IF,20250520133129,2022-02-05 14:26:30,coriolis,6903046
coriolis/6903046/profiles/D6903046_139.nc,20220207060830.0,21.798,59.954,I,844,IF,20250520133129,2022-02-07 06:08:30,coriolis,6903046
coriolis/6903046/profiles/D6903046_140.nc,20220209051730.0,22.145,59.963,I,844,IF,20250520133129,2022-02-09 05:17:30,coriolis,6903046
coriolis/6903046/profiles/D6903046_141.nc,20220211142430.0,22.518,60.047,I,844,IF,20250520133129,2022-02-11 14:24:30,coriolis,6903046
coriolis/6903046/profiles/D6903046_142.nc,20220213140830.0,22.722,60.125,I,844,IF,20250520133129,2022-02-13 14:08:30,coriolis,6903046
coriolis/6903046/profiles/D6903046_143.nc,20220215143130.0,22.899,60.142,I,844,IF,20250520133129,2022-02-15 14:31:30,coriolis,6903046
coriolis/6903046/profiles/D6903046_144.nc,20220217143530.0,23.09,60.173,I,844,IF,20250520133129,2022-02-17 14:35:30,coriolis,6903046
coriolis/6903046/profiles/D6903046_145.nc,20220219143430.0,23.17,60.221,I,844,IF,20250520133129,2022-02-19 14:34:30,coriolis,6903046
coriolis/6903046/profiles/D6903046_146.nc,20220221140530.0,23.206,60.267,I,844,IF,20250520133129,2022-02-21 14:05:30,coriolis,6903046
coriolis/6903046/profiles/D6903046_147.nc,20220223141430.0,23.214,60.353,I,844,IF,20250520133129,2022-02-23 14:14:30,coriolis,6903046
coriolis/6903046/profiles/D6903046_148.nc,20220225143130.0,23.235,60.497,I,844,IF,20250520133129,2022-02-25 14:31:30,coriolis,6903046
coriolis/6903046/profiles/D6903046_149.nc,20220227143130.0,23.229,60.678,I,844,IF,20250520133129,2022-02-27 14:31:30,coriolis,6903046
coriolis/6903046/profiles/D6903046_150.nc,20220301141830.0,23.216,60.885,I,844,IF,20250520133129,2022-03-01 14:18:30,coriolis,6903046
coriolis/6903046/profiles/D6903046_151.nc,20220303141930.0,23.145,61.159,I,844,IF,20250520133129,2022-03-03 14:19:30,coriolis,6903046
coriolis/6903046/profiles/D6903046_152.nc,20220305142730.0,23.077,61.546,I,844,IF,20250520133129,2022-03-05 14:27:30,coriolis,6903046
coriolis/6903046/profiles/D6903046_153.nc,20220307142630.0,23.046,61.905,I,844,IF,20250520133129,2022-03-07 14:26:30,coriolis,6903046
coriolis/6903046/profiles/D6903046_154.nc,20220309141930.0,23.098,62.241,I,844,IF,20250520133129,2022-03-09 14:19:30,coriolis,6903046
coriolis/6903046/profiles/D6903046_155.nc,20220311141730.0,23.259,62.459,I,844,IF,20250520133129,2022-03-11 14:17:30,coriolis,6903046
coriolis/6903046/profiles/D6903046_156.nc,20220313141430.0,23.505,62.59,I,844,IF,20250520133129,2022-03-13 14:14:30,coriolis,6903046
coriolis/6903046/profiles/D6903046_157.nc,20220315141830.0,23.785,62.581,I,844,IF,20250520133129,2022-03-15 14:18:30,coriolis,6903046
coriolis/6903046/profiles/D6903046_158.nc,20220317142330.0,24.099,62.429,I,844,IF,20250520133129,2022-03-17 14:23:30,coriolis,6903046
coriolis/6903046/profiles/D6903046_159.nc,20220319142730.0,24.32,62.177,I,844,IF,20250520133129,2022-03-19 14:27:30,coriolis,6903046
coriolis/6903046/profiles/D6903046_160.nc,20220321104330.0,24.437,61.882,I,844,IF,20250520133129,2022-03-21 10:43:30,coriolis,6903046
coriolis/6903046/profiles/D6903046_161.nc,20220323071830.0,24.43,61.508,I,844,IF,20250520133129,2022-03-23 07:18:30,coriolis,6903046
coriolis/6903046/profiles/D6903046_162.nc,20220325141330.0,24.299,61.121,I,844,IF,20250520133129,2022-03-25 14:13:30,coriolis,6903046
coriolis/6903046/profiles/D6903046_163.nc,20220327141730.0,24.088,60.878,I,844,IF,20250520133129,2022-03-27 14:17:30,coriolis,6903046
coriolis/6903046/profiles/D6903046_164.nc,20220329142930.0,23.867,60.697,I,844,IF,20250520133129,2022-03-29 14:29:30,coriolis,6903046
coriolis/6903046/profiles/D6903046_165.nc,20220331142730.0,23.706,60.572,I,844,IF,20250520133129,2022-03-31 14:27:30,coriolis,6903046
coriolis/6903046/profiles/D6903046_166.nc,20220402142730.0,23.607,60.514,I,844,IF,20250520133129,2022-04-02 14:27:30,coriolis,6903046
coriolis/6903046/profiles/D6903046_167.nc,20220404143230.0,23.533,60.521,I,844,IF,20250520133129,2022-04-04 14:32:30,coriolis,6903046
coriolis/6903046/profiles/D6903046_168.nc,20220406143230.0,23.492,60.602,I,844,IF,20250520133129,2022-04-06 14:32:30,coriolis,6903046
coriolis/6903046/profiles/D6903046_169.nc,20220408143530.0,23.429,60.769,I,844,IF,20250520133129,2022-04-08 14:35:30,coriolis,6903046
coriolis/6903046/profiles/D6903046_170.nc,20220410141130.0,23.311,61.082,I,844,IF,20250520133129,2022-04-10 14:11:30,coriolis,6903046
coriolis/6903046/profiles/D6903046_171.nc,20220412142330.0,23.162,61.546,I,844,IF,20250520133129,2022-04-12 14:23:30,coriolis,6903046
coriolis/6903046/profiles/D6903046_172.nc,20220414142630.0,23.025,62.06,I,844,IF,20250520133129,2022-04-14 14:26:30,coriolis,6903046
coriolis/6903046/profiles/D6903046_173.nc,20220416142630.0,22.863,62.357,I,844,IF,20250520133129,2022-04-16 14:26:30,coriolis,6903046
coriolis/6903046/profiles/D6903046_174.nc,20220418141630.0,22.659,62.507,I,844,IF,20250520133129,2022-04-18 14:16:30,coriolis,6903046
coriolis/6903046/profiles/D6903046_175.nc,20220420141030.0,22.442,62.605,I,844,IF,20250520133129,2022-04-20 14:10:30,coriolis,6903046
coriolis/6903046/profiles/D6903046_176.nc,20220422140730.0,22.19,62.685,I,844,IF,20250520133129,2022-04-22 14:07:30,coriolis,6903046
coriolis/6903046/profiles/D6903046_177.nc,20220424140430.0,21.94,62.751,I,844,IF,20250520133129,2022-04-24 14:04:30,coriolis,6903046
coriolis/6903046/profiles/D6903046_178.nc,20220426141130.0,21.761,62.772,I,844,IF,20250520133129,2022-04-26 14:11:30,coriolis,6903046
coriolis/6903046/profiles/D6903046_179.nc,20220428141030.0,21.622,62.801,I,844,IF,20250520133129,2022-04-28 14:10:30,coriolis,6903046
coriolis/6903046/profiles/D6903046_180.nc,20220430142330.0,21.517,62.849,I,844,IF,20250520133129,2022-04-30 14:23:30,coriolis,6903046
coriolis/6903046/profiles/D6903046_181.nc,20220502141130.0,21.477,62.955,I,844,IF,20250520133129,2022-05-02 14:11:30,coriolis,6903046
coriolis/6903046/profiles/D6903046_182.nc,20220504140830.0,21.503,63.113,I,844,IF,20250520133129,2022-05-04 14:08:30,coriolis,6903046
coriolis/6903046/profiles/D6903046_183.nc,20220506143130.0,21.615,63.278,I,844,IF,20250520133129,2022-05-06 14:31:30,coriolis,6903046
coriolis/6903046/profiles/D6903046_184.nc,20220508143030.0,21.711,63.402,I,844,IF,20250520133129,2022-05-08 14:30:30,coriolis,6903046
coriolis/6903046/profiles/D6903046_185.nc,20220510142330.0,21.811,63.513,I,844,IF,20250520133129,2022-05-10 14:23:30,coriolis,6903046
coriolis/6903046/profiles/D6903046_186.nc,20220512141830.0,21.865,63.65,I,844,IF,20250520133129,2022-05-12 14:18:30,coriolis,6903046
coriolis/6903046/profiles/D6903046_187.nc,20220514142830.0,21.918,63.793,I,844,IF,20250520133129,2022-05-14 14:28:30,coriolis,6903046
coriolis/6903046/profiles/D6903046_188.nc,20220516142630.0,21.947,63.969,I,844,IF,20250520133129,2022-05-16 14:26:30,coriolis,6903046
coriolis/6903046/profiles/D6903046_189.nc,20220518141030.0,21.996,64.129,I,844,IF,20250520133129,2022-05-18 14:10:30,coriolis,6903046
coriolis/6903046/profiles/D6903046_190.nc,20220520141430.0,21.986,64.344,I,844,IF,20250520133129,2022-05-20 14:14:30,coriolis,6903046
coriolis/6903046/profiles/D6903046_191.nc,20220522140730.0,21.975,64.607,I,844,IF,20250520133129,2022-05-22 14:07:30,coriolis,6903046
coriolis/6903046/profiles/D6903046_192.nc,20220524141930.0,21.947,64.868,I,844,IF,20250520133129,2022-05-24 14:19:30,coriolis,6903046
coriolis/6903046/profiles/D6903046_193.nc,20220526141730.0,21.904,65.102,I,844,IF,20250520133129,2022-05-26 14:17:30,coriolis,6903046
coriolis/6903046/profiles/D6903046_194.nc,20220528141830.0,21.863,65.271,I,844,IF,20250520133129,2022-05-28 14:18:30,coriolis,6903046
coriolis/6903046/profiles/D6903046_195.nc,20220530141430.0,21.792,65.392,I,844,IF,20250520133129,2022-05-30 14:14:30,coriolis,6903046
coriolis/6903046/profiles/D6903046_196.nc,20220601141930.0,21.71,65.474,I,844,IF,20250520133129,2022-06-01 14:19:30,coriolis,6903046
coriolis/6903046/profiles/D6903046_197.nc,20220603142430.0,21.642,65.553,I,844,IF,20250520133129,2022-06-03 14:24:30,coriolis,6903046
coriolis/6903046/profiles/D6903046_198.nc,20220605143530.0,21.568,65.608,I,844,IF,20250520133129,2022-06-05 14:35:30,coriolis,6903046
coriolis/6903046/profiles/D6903046_199.nc,20220607141930.0,21.498,65.628,I,844,IF,20250520133129,2022-06-07 14:19:30,coriolis,6903046
coriolis/6903046/profiles/D6903046_200.nc,20220609143630.0,21.421,65.663,I,844,IF,20250520133129,2022-06-09 14:36:30,coriolis,6903046
coriolis/6903046/profiles/D6903046_201.nc,20220611143630.0,21.343,65.7,I,844,IF,20250520133129,2022-06-11 14:36:30,coriolis,6903046
coriolis/6903046/profiles/D6903046_202.nc,20220613142530.0,21.253,65.719,I,844,IF,20250520133129,2022-06-13 14:25:30,coriolis,6903046
coriolis/6903046/profiles/D6903046_203.nc,20220615143530.0,21.168,65.757,I,844,IF,20250520133129,2022-06-15 14:35:30,coriolis,6903046
coriolis/6903046/profiles/D6903046_204.nc,20220617142130.0,21.119,65.781,I,844,IF,20250520133129,2022-06-17 14:21:30,coriolis,6903046
coriolis/6903046/profiles/D6903046_205.nc,20220619143830.0,21.059,65.839,I,844,IF,20250520133129,2022-06-19 14:38:30,coriolis,6903046
coriolis/6903046/profiles/D6903046_206.nc,20220621141530.0,21.002,65.917,I,844,IF,20250520133129,2022-06-21 14:15:30,coriolis,6903046
coriolis/6903046/profiles/D6903046_207.nc,20220623142730.0,20.968,66.002,I,844,IF,20250520133129,2022-06-23 14:27:30,coriolis,6903046
coriolis/6903046/profiles/D6903046_208.nc,20220625142130.0,20.97,66.091,I,844,IF,20250520133129,2022-06-25 14:21:30,coriolis,6903046
coriolis/6903046/profiles/D6903046_209.nc,20220627143130.0,21.0,66.153,I,844,IF,20250520133129,2022-06-27 14:31:30,coriolis,6903046
coriolis/6903046/profiles/D6903046_210.nc,20220629142930.0,21.041,66.222,I,844,IF,20250520133129,2022-06-29 14:29:30,coriolis,6903046
coriolis/6903046/profiles/D6903046_211.nc,20220701142230.0,21.128,66.302,I,844,IF,20250520133129,2022-07-01 14:22:30,coriolis,6903046
coriolis/6903046/profiles/D6903046_212.nc,20220703142530.0,21.245,66.396,I,844,IF,20250520133129,2022-07-03 14:25:30,coriolis,6903046
coriolis/6903046/profiles/D6903046_213.nc,20220705143630.0,21.372,66.47,I,844,IF,20250520133129,2022-07-05 14:36:30,coriolis,6903046
coriolis/6903046/profiles/D6903046_214.nc,20220707142930.0,21.506,66.494,I,844,IF,20250520133129,2022-07-07 14:29:30,coriolis,6903046
coriolis/6903046/profiles/D6903046_215.nc,20220709143130.0,21.598,66.501,I,844,IF,20250520133129,2022-07-09 14:31:30,coriolis,6903046
coriolis/6903046/profiles/D6903046_216.nc,20220711143630.0,21.673,66.46,I,844,IF,20250520133129,2022-07-11 14:36:30,coriolis,6903046
coriolis/6903046/profiles/D6903046_217.nc,20220713143130.0,21.748,66.379,I,844,IF,20250520133129,2022-07-13 14:31:30,coriolis,6903046
coriolis/6903046/profiles/D6903046_218.nc,20220715143130.0,21.847,66.276,I,844,IF,20250520133129,2022-07-15 14:31:30,coriolis,6903046
coriolis/6903046/profiles/D6903046_219.nc,20220717143530.0,21.949,66.147,I,844,IF,20250520133129,2022-07-17 14:35:30,coriolis,6903046
coriolis/6903046/profiles/D6903046_220.nc,20220719143530.0,22.031,66.02,I,844,IF,20250520133129,2022-07-19 14:35:30,coriolis,6903046
coriolis/6903046/profiles/D6903046_221.nc,20220721143330.0,22.095,65.911,I,844,IF,20250520133129,2022-07-21 14:33:30,coriolis,6903046
coriolis/6903046/profiles/D6903046_222.nc,20220723143830.0,22.117,65.791,I,844,IF,20250520133129,2022-07-23 14:38:30,coriolis,6903046
coriolis/6903046/profiles/D6903046_223.nc,20220725142830.0,22.13,65.683,I,844,IF,20250520133129,2022-07-25 14:28:30,coriolis,6903046
coriolis/6903046/profiles/D6903046_224.nc,20220727143230.0,22.113,65.577,I,844,IF,20250520133129,2022-07-27 14:32:30,coriolis,6903046
coriolis/6903046/profiles/D6903046_225.nc,20220729142630.0,22.084,65.49,I,844,IF,20250520133129,2022-07-29 14:26:30,coriolis,6903046
coriolis/6903046/profiles/D6903046_226.nc,20220731143330.0,22.052,65.395,I,844,IF,20250520133129,2022-07-31 14:33:30,coriolis,6903046
coriolis/6903046/profiles/D6903046_227.nc,20220802143230.0,21.97,65.289,I,844,IF,20250520133129,2022-08-02 14:32:30,coriolis,6903046
coriolis/6903046/profiles/D6903046_228.nc,20220804142830.0,21.88,65.224,I,844,IF,20250520133129,2022-08-04 14:28:30,coriolis,6903046
coriolis/6903046/profiles/D6903046_229.nc,20220806142830.0,21.779,65.199,I,844,IF,20250520133129,2022-08-06 14:28:30,coriolis,6903046
coriolis/6903046/profiles/D6903046_230.nc,20220808142430.0,21.668,65.205,I,844,IF,20250520133129,2022-08-08 14:24:30,coriolis,6903046
coriolis/6903046/profiles/D6903046_231.nc,20220810142830.0,21.588,65.25,I,844,IF,20250520133129,2022-08-10 14:28:30,coriolis,6903046
coriolis/6903046/profiles/D6903046_232.nc,20220812142630.0,21.541,65.339,I,844,IF,20250520133129,2022-08-12 14:26:30,coriolis,6903046
coriolis/6903046/profiles/D6903046_233.nc,20220814142530.0,21.553,65.493,I,844,IF,20250520133129,2022-08-14 14:25:30,coriolis,6903046
coriolis/6903046/profiles/D6903046_234.nc,20220816143430.0,21.631,65.63,I,844,IF,20250520133129,2022-08-16 14:34:30,coriolis,6903046
coriolis/6903046/profiles/D6903046_235.nc,20220818142830.0,21.759,65.727,I,844,IF,20250520133129,2022-08-18 14:28:30,coriolis,6903046
coriolis/6903046/profiles/D6903046_236.nc,20220820143430.0,21.872,65.781,I,844,IF,20250520133129,2022-08-20 14:34:30,coriolis,6903046
coriolis/6903046/profiles/D6903046_237.nc,20220822142530.0,21.984,65.798,I,844,IF,20250520133129,2022-08-22 14:25:30,coriolis,6903046
coriolis/6903046/profiles/D6903046_238.nc,20220824143030.0,22.061,65.787,I,844,IF,20250520133129,2022-08-24 14:30:30,coriolis,6903046
coriolis/6903046/profiles/D6903046_239.nc,20220826142730.0,22.181,65.788,I,844,IF,20250520133129,2022-08-26 14:27:30,coriolis,6903046
coriolis/6903046/profiles/D6903046_240.nc,20220828143630.0,22.254,65.725,I,844,IF,20250520133129,2022-08-28 14:36:30,coriolis,6903046
coriolis/6903046/profiles/D6903046_241.nc,20220830143030.0,22.307,65.724,I,844,IF,20250520133129,2022-08-30 14:30:30,coriolis,6903046
coriolis/6903046/profiles/D6903046_242.nc,20220901143030.0,22.343,65.707,I,844,IF,20250520133129,2022-09-01 14:30:30,coriolis,6903046
coriolis/6903046/profiles/D6903046_243.nc,20220903143030.0,22.364,65.719,I,844,IF,20250520133129,2022-09-03 14:30:30,coriolis,6903046
coriolis/6903046/profiles/D6903046_244.nc,20220905142930.0,22.406,65.681,I,844,IF,20250520133129,2022-09-05 14:29:30,coriolis,6903046
coriolis/6903046/profiles/D6903046_245.nc,20220907142630.0,22.457,65.674,I,844,IF,20250520133129,2022-09-07 14:26:30,coriolis,6903046
coriolis/6903046/profiles/D6903046_246.nc,20220909142730.0,22.489,65.626,I,844,IF,20250520133129,2022-09-09 14:27:30,coriolis,6903046
coriolis/6903046/profiles/D6903046_247.nc,20220911143530.0,22.518,65.612,I,844,IF,20250520133129,2022-09-11 14:35:30,coriolis,6903046
coriolis/6903046/profiles/D6903046_248.nc,20220913143130.0,22.554,65.595,I,844,IF,20250520133129,2022-09-13 14:31:30,coriolis,6903046
coriolis/6903046/profiles/D6903046_249.nc,20220915143030.0,22.57,65.602,I,844,IF,20250520133129,2022-09-15 14:30:30,coriolis,6903046
coriolis/6903046/profiles/D6903046_250.nc,20220917143330.0,22.595,65.562,I,844,IF,20250520133129,2022-09-17 14:33:30,coriolis,6903046
coriolis/6903046/profiles/D6903046_251.nc,20220919141930.0,22.613,65.533,I,844,IF,20250520133129,2022-09-19 14:19:30,coriolis,6903046
coriolis/6903046/profiles/D6903046_252.nc,20220921143330.0,22.641,65.502,I,844,IF,20250520133129,2022-09-21 14:33:30,coriolis,6903046
coriolis/6903046/profiles/D6903046_253.nc,20220923142830.0,22.652,65.488,I,844,IF,20250520133129,2022-09-23 14:28:30,coriolis,6903046
coriolis/6903046/profiles/D6903046_254.nc,20220925142830.0,22.649,65.459,I,844,IF,20250520133129,2022-09-25 14:28:30,coriolis,6903046
coriolis/6903046/profiles/D6903046_255.nc,20220927143830.0,22.671,65.404,I,844,IF,20250520133129,2022-09-27 14:38:30,coriolis,6903046
coriolis/6903046/profiles/D6903046_256.nc,20220929142930.0,22.716,65.33,I,844,IF,20250520133129,2022-09-29 14:29:30,coriolis,6903046
coriolis/6903046/profiles/D6903046_257.nc,20221001143730.0,22.798,65.245,I,844,IF,20250520133129,2022-10-01 14:37:30,coriolis,6903046
coriolis/6903046/profiles/D6903046_258.nc,20221003143230.0,22.905,65.146,I,844,IF,20250520133129,2022-10-03 14:32:30,coriolis,6903046
coriolis/6903046/profiles/D6903046_259.nc,20221005071430.0,23.063,65.114,I,844,IF,20250520133129,2022-10-05 07:14:30,coriolis,6903046
coriolis/6903046/profiles/D6903046_260.nc,20221007053930.0,23.216,65.136,I,844,IF,20250520133129,2022-10-07 05:39:30,coriolis,6903046
coriolis/6903046/profiles/D6903046_261.nc,20221009012530.0,23.342,65.165,I,844,IF,20250520133129,2022-10-09 01:25:30,coriolis,6903046
coriolis/6903046/profiles/D6903046_262.nc,20221011092930.0,23.414,65.174,I,844,IF,20250520133129,2022-10-11 09:29:30,coriolis,6903046
coriolis/6903046/profiles/D6903046_263.nc,20221013064030.0,23.43,65.19,I,844,IF,20250520133129,2022-10-13 06:40:30,coriolis,6903046
coriolis/6903046/profiles/D6903046_264.nc,20221015025430.0,23.402,65.185,I,844,IF,20250520133129,2022-10-15 02:54:30,coriolis,6903046
coriolis/6903046/profiles/D6903046_265.nc,20221017023730.0,23.366,65.168,I,844,IF,20250520133129,2022-10-17 02:37:30,coriolis,6903046
coriolis/6903046/profiles/D6903046_266.nc,20221019085130.0,23.329,65.115,I,844,IF,20250520133129,2022-10-19 08:51:30,coriolis,6903046
coriolis/6903046/profiles/D6903046_267.nc,20221021032830.0,23.29,65.083,I,844,IF,20250520133129,2022-10-21 03:28:30,coriolis,6903046
coriolis/6903046/profiles/D6903046_268.nc,20221023143230.0,23.257,64.985,I,844,IF,20250520133129,2022-10-23 14:32:30,coriolis,6903046
coriolis/6903046/profiles/D6903046_269.nc,20221025143530.0,23.243,64.925,I,844,IF,20250520133129,2022-10-25 14:35:30,coriolis,6903046
coriolis/6903046/profiles/D6903046_270.nc,20221027142930.0,23.211,64.846,I,844,IF,20250520133129,2022-10-27 14:29:30,coriolis,6903046
coriolis/6903046/profiles/D6903046_271.nc,20221029143130.0,23.154,64.773,I,844,IF,20250520133129,2022-10-29 14:31:30,coriolis,6903046
coriolis/6903046/profiles/D6903046_272.nc,20221031142830.0,23.112,64.718,I,844,IF,20250520133129,2022-10-31 14:28:30,coriolis,6903046
coriolis/6903046/profiles/D6903046_273.nc,20221102143330.0,23.094,64.656,I,844,IF,20250520133129,2022-11-02 14:33:30,coriolis,6903046
coriolis/6903046/profiles/D6903046_274.nc,20221104142530.0,23.077,64.598,I,844,IF,20250520133129,2022-11-04 14:25:30,coriolis,6903046
coriolis/6903046/profiles/D6903046_275.nc,20221106142630.0,23.092,64.498,I,844,IF,20250520133129,2022-11-06 14:26:30,coriolis,6903046
coriolis/6903046/profiles/D6903046_276.nc,20221108143530.0,23.16,64.451,I,844,IF,20250520133129,2022-11-08 14:35:30,coriolis,6903046
coriolis/6903046/profiles/D6903046_277.nc,20221110143230.0,23.189,64.421,I,844,IF,20250520133129,2022-11-10 14:32:30,coriolis,6903046
coriolis/6903046/profiles/D6903046_278.nc,20221112142030.0,23.22,64.382,I,844,IF,20250520133129,2022-11-12 14:20:30,coriolis,6903046
coriolis/6903046/profiles/D6903046_279.nc,20221114143130.0,23.239,64.369,I,844,IF,20250520133129,2022-11-14 14:31:30,coriolis,6903046
coriolis/6903046/profiles/D6903046_280.nc,20221116142430.0,23.235,64.35,I,844,IF,20250520133129,2022-11-16 14:24:30,coriolis,6903046
coriolis/6903046/profiles/D6903046_281.nc,20221118142530.0,23.229,64.331,I,844,IF,20250520133129,2022-11-18 14:25:30,coriolis,6903046
coriolis/6903046/profiles/D6903046_282.nc,20221120141330.0,23.212,64.3,I,844,IF,20250520133129,2022-11-20 14:13:30,coriolis,6903046
coriolis/6903046/profiles/D6903046_283.nc,20221122143230.0,23.202,64.259,I,844,IF,20250520133129,2022-11-22 14:32:30,coriolis,6903046
coriolis/6903046/profiles/D6903046_284.nc,20221124143130.0,23.194,64.205,I,844,IF,20250520133129,2022-11-24 14:31:30,coriolis,6903046
coriolis/6903046/profiles/D6903046_285.nc,20221126143230.0,23.169,64.147,I,844,IF,20250520133129,2022-11-26 14:32:30,coriolis,6903046
coriolis/6903046/profiles/D6903046_286.nc,20221128141430.0,23.192,64.103,I,844,IF,20250520133129,2022-11-28 14:14:30,coriolis,6903046
coriolis/6903046/profiles/D6903046_287.nc,20221130142630.0,23.219,64.066,I,844,IF,20250520133129,2022-11-30 14:26:30,coriolis,6903046
coriolis/6903046/profiles/D6903046_288.nc,20221202140930.0,23.255,64.029,I,844,IF,20250520133129,2022-12-02 14:09:30,coriolis,6903046
coriolis/6903046/profiles/D6903046_289.nc,20221204142430.0,23.291,63.977,I,844,IF,20250520133129,2022-12-04 14:24:30,coriolis,6903046
coriolis/6903046/profiles/D6903046_290.nc,20221206142630.0,23.31,63.933,I,844,IF,20250520133129,2022-12-06 14:26:30,coriolis,6903046
coriolis/6903046/profiles/D6903046_291.nc,20221208142030.0,23.339,63.917,I,844,IF,20250520133129,2022-12-08 14:20:30,coriolis,6903046
coriolis/6903046/profiles/D6903046_292.nc,20221210093330.0,23.367,63.885,I,844,IF,20250520133129,2022-12-10 09:33:30,coriolis,6903046
coriolis/6903046/profiles/D6903046_293.nc,20221212095530.0,23.393,63.868,I,844,IF,20250520133129,2022-12-12 09:55:30,coriolis,6903046
coriolis/6903046/profiles/D6903046_294.nc,20221214141830.0,23.419,63.867,I,844,IF,20250520133129,2022-12-14 14:18:30,coriolis,6903046
coriolis/6903046/profiles/D6903046_295.nc,20221216142630.0,23.424,63.875,I,844,IF,20250520133129,2022-12-16 14:26:30,coriolis,6903046
coriolis/6903046/profiles/D6903046_296.nc,20221218142630.0,23.428,63.889,I,844,IF,20250520133129,2022-12-18 14:26:30,coriolis,6903046
coriolis/6903046/profiles/D6903046_297.nc,20221220141830.0,23.438,63.91,I,844,IF,20250520133129,2022-12-20 14:18:30,coriolis,6903046
coriolis/6903046/profiles/D6903046_298.nc,20221222142630.0,23.416,63.925,I,844,IF,20250520133129,2022-12-22 14:26:30,coriolis,6903046
coriolis/6903046/profiles/D6903046_299.nc,20221224142530.0,23.412,63.899,I,844,IF,20250520133129,2022-12-24 14:25:30,coriolis,6903046
coriolis/6903046/profiles/D6903046_300.nc,20221226142130.0,23.424,63.882,I,844,IF,20250520133129,2022-12-26 14:21:30,coriolis,6903046
coriolis/6903046/profiles/D6903046_301.nc,20221228090730.0,23.45,63.837,I,844,IF,20250520133129,2022-12-28 09:07:30,coriolis,6903046
coriolis/6903046/profiles/D6903046_302.nc,20221230101630.0,23.463,63.797,I,844,IF,20250520133129,2022-12-30 10:16:30,coriolis,6903046
coriolis/6903046/profiles/D6903046_303.nc,20230101142330.0,23.495,63.745,I,844,IF,20250520133129,2023-01-01 14:23:30,coriolis,6903046
coriolis/6903046/profiles/D6903046_304.nc,20230103141230.0,23.509,63.708,I,844,IF,20250520133129,2023-01-03 14:12:30,coriolis,6903046
coriolis/6903046/profiles/D6903046_305.nc,20230105140730.0,23.537,63.676,I,844,IF,20250520133129,2023-01-05 14:07:30,coriolis,6903046
coriolis/6903046/profiles/D6903046_306.nc,20230107141030.0,23.582,63.64,I,844,IF,20250520133129,2023-01-07 14:10:30,coriolis,6903046
coriolis/6903046/profiles/D6903046_307.nc,20230109142130.0,23.593,63.599,I,844,IF,20250520133129,2023-01-09 14:21:30,coriolis,6903046
coriolis/6903046/profiles/D6903046_308.nc,20230111141930.0,23.595,63.597,I,844,IF,20250520133129,2023-01-11 14:19:30,coriolis,6903046
coriolis/6903046/profiles/D6903046_309.nc,20230113141630.0,23.581,63.598,I,844,IF,20250520133129,2023-01-13 14:16:30,coriolis,6903046
coriolis/6903046/profiles/D6903046_310.nc,20230115141630.0,23.574,63.559,I,844,IF,20250520133129,2023-01-15 14:16:30,coriolis,6903046
coriolis/6903046/profiles/D6903046_311.nc,20230117141730.0,23.54,63.499,I,844,IF,20250520133129,2023-01-17 14:17:30,coriolis,6903046
coriolis/6903046/profiles/D6903046_312.nc,20230119142030.0,23.518,63.444,I,844,IF,20250520133129,2023-01-19 14:20:30,coriolis,6903046
coriolis/6903046/profiles/D6903046_313.nc,20230121141430.0,23.518,63.374,I,844,IF,20250520133129,2023-01-21 14:14:30,coriolis,6903046
coriolis/6903046/profiles/D6903046_314.nc,20230123141330.0,23.502,63.306,I,844,IF,20250520133129,2023-01-23 14:13:30,coriolis,6903046
coriolis/6903046/profiles/D6903046_315.nc,20230125141830.0,23.494,63.27,I,844,IF,20250520133129,2023-01-25 14:18:30,coriolis,6903046
coriolis/6903046/profiles/D6903046_316.nc,20230127142130.0,23.482,63.219,I,844,IF,20250520133129,2023-01-27 14:21:30,coriolis,6903046
coriolis/6903046/profiles/D6903046_317.nc,20230129141330.0,23.445,63.191,I,844,IF,20250520133129,2023-01-29 14:13:30,coriolis,6903046
coriolis/6903046/profiles/D6903046_318.nc,20230131141930.0,23.402,63.124,I,844,IF,20250520133129,2023-01-31 14:19:30,coriolis,6903046
coriolis/6903046/profiles/D6903046_319.nc,20230202141830.0,23.416,63.009,I,844,IF,20250520133129,2023-02-02 14:18:30,coriolis,6903046
coriolis/6903046/profiles/D6903046_320.nc,20230204141330.0,23.383,62.92,I,844,IF,20250520133129,2023-02-04 14:13:30,coriolis,6903046
coriolis/6903046/profiles/D6903046_321.nc,20230206141130.0,23.354,62.857,I,844,IF,20250520133129,2023-02-06 14:11:30,coriolis,6903046
coriolis/6903046/profiles/D6903046_322.nc,20230208141730.0,23.338,62.826,I,844,IF,20250520133129,2023-02-08 14:17:30,coriolis,6903046
coriolis/6903046/profiles/D6903046_323.nc,20230210142330.0,23.326,62.801,I,844,IF,20250520133129,2023-02-10 14:23:30,coriolis,6903046
coriolis/6903046/profiles/D6903046_324.nc,20230212142230.0,23.332,62.757,I,844,IF,20250520133129,2023-02-12 14:22:30,coriolis,6903046
coriolis/6903046/profiles/D6903046_325.nc,20230214140830.0,23.349,62.718,I,844,IF,20250520133129,2023-02-14 14:08:30,coriolis,6903046
coriolis/6903046/profiles/D6903046_326.nc,20230216141230.0,23.351,62.668,I,844,IF,20250520133129,2023-02-16 14:12:30,coriolis,6903046
coriolis/6903046/profiles/D6903046_327.nc,20230218140430.0,23.358,62.61,I,844,IF,20250520133129,2023-02-18 14:04:30,coriolis,6903046
coriolis/6903046/profiles/D6903046_328.nc,20230220141630.0,23.378,62.536,I,844,IF,20250520133129,2023-02-20 14:16:30,coriolis,6903046
coriolis/6903046/profiles/D6903046_329.nc,20230222141930.0,23.386,62.471,I,844,IF,20250520133129,2023-02-22 14:19:30,coriolis,6903046
coriolis/6903046/profiles/D6903046_330.nc,20230224142130.0,23.379,62.446,I,844,IF,20250520133129,2023-02-24 14:21:30,coriolis,6903046
coriolis/6903046/profiles/D6903046_331.nc,20230226142030.0,23.363,62.439,I,844,IF,20250520133129,2023-02-26 14:20:30,coriolis,6903046
coriolis/6903046/profiles/D6903046_332.nc,20230228141230.0,23.325,62.464,I,844,IF,20250520133129,2023-02-28 14:12:30,coriolis,6903046
coriolis/6903046/profiles/D6903046_333.nc,20230302140730.0,23.382,62.533,I,844,IF,20250520133129,2023-03-02 14:07:30,coriolis,6903046
coriolis/6903046/profiles/D6903046_334.nc,20230304142230.0,23.505,62.599,I,844,IF,20250520133129,2023-03-04 14:22:30,coriolis,6903046
coriolis/6903046/profiles/D6903046_335.nc,20230306142530.0,23.713,62.618,I,844,IF,20250520133129,2023-03-06 14:25:30,coriolis,6903046
coriolis/6903046/profiles/D6903046_336.nc,20230308142530.0,23.962,62.499,I,844,IF,20250520133129,2023-03-08 14:25:30,coriolis,6903046
coriolis/6903046/profiles/D6903046_337.nc,20230310141830.0,24.138,62.308,I,844,IF,20250520133129,2023-03-10 14:18:30,coriolis,6903046
coriolis/6903046/profiles/D6903046_338.nc,20230312142330.0,24.245,62.141,I,844,IF,20250520133129,2023-03-12 14:23:30,coriolis,6903046
coriolis/6903046/profiles/D6903046_339.nc,20230314143430.0,24.34,62.009,I,844,IF,20250520133129,2023-03-14 14:34:30,coriolis,6903046
coriolis/6903046/profiles/D6903046_340.nc,20230316150630.0,24.436,61.898,I,844,IF,20250520133129,2023-03-16 15:06:30,coriolis,6903046
coriolis/6903058/profiles/D6903058_121.nc,20220102145630.0,19.772,59.855,I,844,IF,20250520134610,2022-01-02 14:56:30,coriolis,6903058
coriolis/6903058/profiles/D6903058_122.nc,20220104145330.0,19.822,59.993,I,844,IF,20250520134610,2022-01-04 14:53:30,coriolis,6903058
coriolis/6903058/profiles/D6903058_123.nc,20220106145130.0,19.928,60.206,I,844,IF,20250520134610,2022-01-06 14:51:30,coriolis,6903058
coriolis/6903058/profiles/D6903058_124.nc,20220108144930.0,20.109,60.414,I,844,IF,20250520134610,2022-01-08 14:49:30,coriolis,6903058
coriolis/6903058/profiles/D6903058_125.nc,20220110145530.0,20.334,60.564,I,844,IF,20250520134610,2022-01-10 14:55:30,coriolis,6903058
coriolis/6903058/profiles/D6903058_126.nc,20220112145230.0,20.556,60.584,I,844,IF,20250520134610,2022-01-12 14:52:30,coriolis,6903058
coriolis/6903058/profiles/D6903058_127.nc,20220114145430.0,20.781,60.473,I,844,IF,20250520134610,2022-01-14 14:54:30,coriolis,6903058
coriolis/6903058/profiles/D6903058_128.nc,20220116145530.0,21.0,60.319,I,844,IF,20250520134610,2022-01-16 14:55:30,coriolis,6903058
coriolis/6903058/profiles/D6903058_129.nc,20220118145530.0,21.264,60.15,I,844,IF,20250520134610,2022-01-18 14:55:30,coriolis,6903058
coriolis/6903058/profiles/D6903058_130.nc,20220120145530.0,21.505,60.028,I,844,IF,20250520134610,2022-01-20 14:55:30,coriolis,6903058
coriolis/6903058/profiles/D6903058_131.nc,20220122144530.0,21.638,59.924,I,844,IF,20250520134610,2022-01-22 14:45:30,coriolis,6903058
coriolis/6903058/profiles/D6903058_132.nc,20220124144930.0,21.689,59.826,I,844,IF,20250520134610,2022-01-24 14:49:30,coriolis,6903058
coriolis/6903058/profiles/D6903058_133.nc,20220126144630.0,21.978,59.873,I,844,IF,20250520134610,2022-01-26 14:46:30,coriolis,6903058
coriolis/6903058/profiles/D6903058_134.nc,20220128144630.0,22.285,59.957,I,844,IF,20250520134610,2022-01-28 14:46:30,coriolis,6903058
coriolis/6903058/profiles/D6903058_135.nc,20220130144930.0,22.387,60.049,I,844,IF,20250520134610,2022-01-30 14:49:30,coriolis,6903058
coriolis/6903058/profiles/D6903058_136.nc,20220201145330.0,22.459,60.292,I,844,IF,20250520134610,2022-02-01 14:53:30,coriolis,6903058
coriolis/6903058/profiles/D6903058_137.nc,20220203145130.0,22.509,60.858,I,844,IF,20250520134610,2022-02-03 14:51:30,coriolis,6903058
coriolis/6903058/profiles/D6903058_138.nc,20220205145230.0,22.535,61.826,I,844,IF,20250520134610,2022-02-05 14:52:30,coriolis,6903058
coriolis/6903058/profiles/D6903058_139.nc,20220207145130.0,22.826,62.375,I,844,IF,20250520134610,2022-02-07 14:51:30,coriolis,6903058
coriolis/6903058/profiles/D6903058_140.nc,20220209145130.0,23.288,62.5,I,844,IF,20250520134610,2022-02-09 14:51:30,coriolis,6903058
coriolis/6903058/profiles/D6903058_141.nc,20220211144930.0,23.815,62.297,I,844,IF,20250520134610,2022-02-11 14:49:30,coriolis,6903058
coriolis/6903058/profiles/D6903058_142.nc,20220213144730.0,24.213,61.902,I,844,IF,20250520134610,2022-02-13 14:47:30,coriolis,6903058
coriolis/6903058/profiles/D6903058_143.nc,20220215145030.0,24.422,61.525,I,844,IF,20250520134610,2022-02-15 14:50:30,coriolis,6903058
coriolis/6903058/profiles/D6903058_144.nc,20220217145130.0,24.539,61.249,I,844,IF,20250520134610,2022-02-17 14:51:30,coriolis,6903058
coriolis/6903058/profiles/D6903058_145.nc,20220219144630.0,24.604,60.968,I,844,IF,20250520134610,2022-02-19 14:46:30,coriolis,6903058
coriolis/6903058/profiles/D6903058_146.nc,20220221145330.0,24.626,60.682,I,844,IF,20250520134610,2022-02-21 14:53:30,coriolis,6903058
coriolis/6903058/profiles/D6903058_147.nc,20220223145430.0,24.594,60.377,I,844,IF,20250520134610,2022-02-23 14:54:30,coriolis,6903058
coriolis/6903058/profiles/D6903058_148.nc,20220225145030.0,24.459,60.05,I,844,IF,20250520134610,2022-02-25 14:50:30,coriolis,6903058
coriolis/6903058/profiles/D6903058_149.nc,20220227145630.0,24.268,59.839,I,844,IF,20250520134610,2022-02-27 14:56:30,coriolis,6903058
coriolis/6903058/profiles/D6903058_150.nc,20220301145430.0,23.969,59.743,I,844,IF,20250520134610,2022-03-01 14:54:30,coriolis,6903058
coriolis/6903058/profiles/D6903058_151.nc,20220303145130.0,23.651,59.844,I,844,IF,20250520134610,2022-03-03 14:51:30,coriolis,6903058
coriolis/6903058/profiles/D6903058_152.nc,20220305145330.0,23.539,60.12,I,844,IF,20250520134610,2022-03-05 14:53:30,coriolis,6903058
coriolis/6903058/profiles/D6903058_153.nc,20220307145330.0,23.653,60.345,I,844,IF,20250520134610,2022-03-07 14:53:30,coriolis,6903058
coriolis/6903058/profiles/D6903058_154.nc,20220309145130.0,23.848,60.366,I,844,IF,20250520134610,2022-03-09 14:51:30,coriolis,6903058
coriolis/6903058/profiles/D6903058_155.nc,20220311145130.0,24.067,60.184,I,844,IF,20250520134610,2022-03-11 14:51:30,coriolis,6903058
coriolis/6903058/profiles/D6903058_156.nc,20220313145130.0,24.215,59.907,I,844,IF,20250520134610,2022-03-13 14:51:30,coriolis,6903058
coriolis/6903058/profiles/D6903058_157.nc,20220315145330.0,24.221,59.631,I,844,IF,20250520134610,2022-03-15 14:53:30,coriolis,6903058
coriolis/6903058/profiles/D6903058_158.nc,20220317145530.0,24.097,59.384,I,844,IF,20250520134610,2022-03-17 14:55:30,coriolis,6903058
coriolis/6903058/profiles/D6903058_159.nc,20220319145730.0,23.864,59.257,I,844,IF,20250520134610,2022-03-19 14:57:30,coriolis,6903058
coriolis/6903058/profiles/D6903058_160.nc,20220321150230.0,23.578,59.34,I,844,IF,20250520134610,2022-03-21 15:02:30,coriolis,6903058
coriolis/6903058/profiles/D6903058_161.nc,20220323144730.0,23.418,59.631,I,844,IF,20250520134610,2022-03-23 14:47:30,coriolis,6903058
coriolis/6903058/profiles/D6903058_162.nc,20220325145730.0,23.463,59.871,I,844,IF,20250520134610,2022-03-25 14:57:30,coriolis,6903058
coriolis/6903058/profiles/D6903058_163.nc,20220327145030.0,23.627,59.96,I,844,IF,20250520134610,2022-03-27 14:50:30,coriolis,6903058
coriolis/6903058/profiles/D6903058_164.nc,20220329145430.0,23.857,59.801,I,844,IF,20250520134610,2022-03-29 14:54:30,coriolis,6903058
coriolis/6903058/profiles/D6903058_165.nc,20220331145330.0,24.032,59.466,I,844,IF,20250520134610,2022-03-31 14:53:30,coriolis,6903058
coriolis/6903058/profiles/D6903058_166.nc,20220402145530.0,24.103,59.201,I,844,IF,20250520134610,2022-04-02 14:55:30,coriolis,6903058
coriolis/6903058/profiles/D6903058_167.nc,20220404145630.0,24.103,59.031,I,844,IF,20250520134610,2022-04-04 14:56:30,coriolis,6903058
coriolis/6903058/profiles/D6903058_168.nc,20220406145430.0,24.08,58.962,I,844,IF,20250520134610,2022-04-06 14:54:30,coriolis,6903058
coriolis/6903058/profiles/D6903058_169.nc,20220408145830.0,24.039,58.955,I,844,IF,20250520134610,2022-04-08 14:58:30,coriolis,6903058
coriolis/6903058/profiles/D6903058_170.nc,20220410145730.0,24.058,58.947,I,844,IF,20250520134610,2022-04-10 14:57:30,coriolis,6903058
coriolis/6903058/profiles/D6903058_171.nc,20220412145730.0,24.204,58.876,I,844,IF,20250520134610,2022-04-12 14:57:30,coriolis,6903058
coriolis/6903058/profiles/D6903058_172.nc,20220414145730.0,24.406,58.595,I,844,IF,20250520134610,2022-04-14 14:57:30,coriolis,6903058
coriolis/6903058/profiles/D6903058_173.nc,20220416145630.0,24.265,58.364,I,844,IF,20250520134610,2022-04-16 14:56:30,coriolis,6903058
coriolis/6903058/profiles/D6903058_174.nc,20220418145630.0,24.046,58.608,I,844,IF,20250520134610,2022-04-18 14:56:30,coriolis,6903058
coriolis/6903058/profiles/D6903058_175.nc,20220420145630.0,24.069,58.952,I,844,IF,20250520134610,2022-04-20 14:56:30,coriolis,6903058
coriolis/6903058/profiles/D6903058_176.nc,20220422150030.0,24.37,58.795,I,844,IF,20250520134610,2022-04-22 15:00:30,coriolis,6903058
coriolis/6903058/profiles/D6903058_177.nc,20220424145330.0,24.359,58.441,I,844,IF,20250520134610,2022-04-24 14:53:30,coriolis,6903058
coriolis/6903058/profiles/D6903058_178.nc,20220426144930.0,24.136,58.578,I,844,IF,20250520134610,2022-04-26 14:49:30,coriolis,6903058
coriolis/6903058/profiles/D6903058_179.nc,20220428145830.0,24.286,58.821,I,844,IF,20250520134610,2022-04-28 14:58:30,coriolis,6903058
coriolis/6903058/profiles/D6903058_180.nc,20220430145630.0,24.546,58.521,I,844,IF,20250520134610,2022-04-30 14:56:30,coriolis,6903058
coriolis/6903058/profiles/D6903058_181.nc,20220502145630.0,24.501,58.158,I,844,IF,20250520134610,2022-05-02 14:56:30,coriolis,6903058
coriolis/6903058/profiles/D6903058_182.nc,20220504145430.0,24.241,58.192,I,844,IF,20250520134610,2022-05-04 14:54:30,coriolis,6903058
coriolis/6903058/profiles/D6903058_183.nc,20220506145330.0,24.301,58.531,I,844,IF,20250520134610,2022-05-06 14:53:30,coriolis,6903058
coriolis/6903058/profiles/D6903058_184.nc,20220508145730.0,24.649,58.422,I,844,IF,20250520134610,2022-05-08 14:57:30,coriolis,6903058
coriolis/6903058/profiles/D6903058_185.nc,20220510145630.0,24.674,58.049,I,844,IF,20250520134610,2022-05-10 14:56:30,coriolis,6903058
coriolis/6903058/profiles/D6903058_186.nc,20220512145730.0,24.413,57.916,I,844,IF,20250520134610,2022-05-12 14:57:30,coriolis,6903058
coriolis/6903058/profiles/D6903058_187.nc,20220514145330.0,24.272,58.029,I,844,IF,20250520134610,2022-05-14 14:53:30,coriolis,6903058
coriolis/6903058/profiles/D6903058_188.nc,20220516145730.0,24.263,58.197,I,844,IF,20250520134610,2022-05-16 14:57:30,coriolis,6903058
coriolis/6903058/profiles/D6903058_189.nc,20220518145830.0,24.406,58.398,I,844,IF,20250520134610,2022-05-18 14:58:30,coriolis,6903058
coriolis/6903058/profiles/D6903058_190.nc,20220520145630.0,24.62,58.632,I,844,IF,20250520134610,2022-05-20 14:56:30,coriolis,6903058
coriolis/6903058/profiles/D6903058_191.nc,20220522145330.0,24.605,58.889,I,844,IF,20250520134610,2022-05-22 14:53:30,coriolis,6903058
coriolis/6903058/profiles/D6903058_192.nc,20220524145930.0,24.417,58.993,I,844,IF,20250520134610,2022-05-24 14:59:30,coriolis,6903058
coriolis/6903058/profiles/D6903058_193.nc,20220526145230.0,24.326,59.005,I,844,IF,20250520134610,2022-05-26 14:52:30,coriolis,6903058
coriolis/6903058/profiles/D6903058_194.nc,20220528145130.0,24.28,58.958,I,844,IF,20250520134610,2022-05-28 14:51:30,coriolis,6903058
coriolis/6903058/profiles/D6903058_195.nc,20220530150130.0,24.176,58.86,I,844,IF,20250520134610,2022-05-30 15:01:30,coriolis,6903058
coriolis/6903058/profiles/D6903058_196.nc,20220601145630.0,24.154,58.746,I,844,IF,20250520134610,2022-06-01 14:56:30,coriolis,6903058
coriolis/6903058/profiles/D6903058_197.nc,20220603145330.0,24.176,58.665,I,844,IF,20250520134610,2022-06-03 14:53:30,coriolis,6903058
coriolis/6903058/profiles/D6903058_198.nc,20220605145930.0,24.252,58.572,I,844,IF,20250520134610,2022-06-05 14:59:30,coriolis,6903058
coriolis/6903058/profiles/D6903058_199.nc,20220607145530.0,24.485,58.433,I,844,IF,20250520134610,2022-06-07 14:55:30,coriolis,6903058
coriolis/6903058/profiles/D6903058_200.nc,20220609145630.0,24.754,58.369,I,844,IF,20250520134610,2022-06-09 14:56:30,coriolis,6903058
coriolis/6903058/profiles/D6903058_201.nc,20220611145630.0,24.98,58.209,I,844,IF,20250520134610,2022-06-11 14:56:30,coriolis,6903058
coriolis/6903058/profiles/D6903058_202.nc,20220613144830.0,25.177,57.957,I,844,IF,20250520134610,2022-06-13 14:48:30,coriolis,6903058
coriolis/6903058/profiles/D6903058_203.nc,20220615081030.0,25.31,57.776,I,844,IF,20250520134610,2022-06-15 08:10:30,coriolis,6903058
coriolis/6903058/profiles/D6903058_204.nc,20220617090030.0,25.324,57.682,I,844,IF,20250520134610,2022-06-17 09:00:30,coriolis,6903058
coriolis/6903058/profiles/D6903058_205.nc,20220619103530.0,25.345,57.607,I,844,IF,20250520134610,2022-06-19 10:35:30,coriolis,6903058
coriolis/6903058/profiles/D6903058_206.nc,20220621104730.0,25.317,57.557,I,844,IF,20250520134610,2022-06-21 10:47:30,coriolis,6903058
coriolis/6903058/profiles/D6903058_207.nc,20220623114430.0,25.289,57.567,I,844,IF,20250520134610,2022-06-23 11:44:30,coriolis,6903058
coriolis/6903058/profiles/D6903058_208.nc,20220625115430.0,25.307,57.506,I,844,IF,20250520134610,2022-06-25 11:54:30,coriolis,6903058
coriolis/6903058/profiles/D6903058_209.nc,20220627100530.0,25.324,57.546,I,844,IF,20250520134610,2022-06-27 10:05:30,coriolis,6903058
coriolis/6903058/profiles/D6903058_210.nc,20220629093430.0,25.35,57.647,I,844,IF,20250520134610,2022-06-29 09:34:30,coriolis,6903058
coriolis/6903058/profiles/D6903058_211.nc,20220701091730.0,25.358,57.767,I,844,IF,20250520134610,2022-07-01 09:17:30,coriolis,6903058
coriolis/6903058/profiles/D6903058_212.nc,20220703084230.0,25.368,57.737,I,844,IF,20250520134610,2022-07-03 08:42:30,coriolis,6903058
coriolis/6903058/profiles/D6903058_213.nc,20220705083030.0,25.441,57.685,I,844,IF,20250520134610,2022-07-05 08:30:30,coriolis,6903058
coriolis/6903058/profiles/D6903058_214.nc,20220707075930.0,25.44,57.668,I,844,IF,20250520134610,2022-07-07 07:59:30,coriolis,6903058
coriolis/6903058/profiles/D6903058_215.nc,20220709080830.0,25.444,57.586,I,844,IF,20250520134610,2022-07-09 08:08:30,coriolis,6903058
coriolis/6903058/profiles/D6903058_216.nc,20220711121230.0,25.33,57.634,I,844,IF,20250520134610,2022-07-11 12:12:30,coriolis,6903058
coriolis/6903058/profiles/D6903058_217.nc,20220713091830.0,25.327,57.706,I,844,IF,20250520134610,2022-07-13 09:18:30,coriolis,6903058
coriolis/6903058/profiles/D6903058_218.nc,20220715080030.0,25.325,57.753,I,844,IF,20250520134610,2022-07-15 08:00:30,coriolis,6903058
coriolis/6903058/profiles/D6903058_219.nc,20220717075630.0,25.318,57.758,I,844,IF,20250520134610,2022-07-17 07:56:30,coriolis,6903058
coriolis/6903058/profiles/D6903058_220.nc,20220719080530.0,25.352,57.984,I,844,IF,20250520134610,2022-07-19 08:05:30,coriolis,6903058
coriolis/6903058/profiles/D6903058_221.nc,20220721075630.0,25.362,57.999,I,844,IF,20250520134610,2022-07-21 07:56:30,coriolis,6903058
coriolis/6903058/profiles/D6903058_222.nc,20220723075830.0,25.387,58.001,I,844,IF,20250520134610,2022-07-23 07:58:30,coriolis,6903058
coriolis/6903058/profiles/D6903058_223.nc,20220725090330.0,25.515,57.914,I,844,IF,20250520134610,2022-07-25 09:03:30,coriolis,6903058
coriolis/6903058/profiles/D6903058_224.nc,20220727090530.0,25.488,57.758,I,844,IF,20250520134610,2022-07-27 09:05:30,coriolis,6903058
coriolis/6903058/profiles/D6903058_225.nc,20220729080630.0,25.438,57.686,I,844,IF,20250520134610,2022-07-29 08:06:30,coriolis,6903058
coriolis/6903058/profiles/D6903058_226.nc,20220731080030.0,25.433,57.675,I,844,IF,20250520134610,2022-07-31 08:00:30,coriolis,6903058
coriolis/6903058/profiles/D6903058_227.nc,20220802081330.0,25.428,57.655,I,844,IF,20250520134610,2022-08-02 08:13:30,coriolis,6903058
coriolis/6903058/profiles/D6903058_228.nc,20220804075830.0,25.421,57.634,I,844,IF,20250520134610,2022-08-04 07:58:30,coriolis,6903058
coriolis/6903058/profiles/D6903058_229.nc,20220806080030.0,25.418,57.606,I,844,IF,20250520134610,2022-08-06 08:00:30,coriolis,6903058
coriolis/6903058/profiles/D6903058_230.nc,20220808083730.0,25.387,57.492,I,844,IF,20250520134610,2022-08-08 08:37:30,coriolis,6903058
coriolis/6903058/profiles/D6903058_231.nc,20220810121530.0,25.37,57.359,I,844,IF,20250520134610,2022-08-10 12:15:30,coriolis,6903058
coriolis/6903058/profiles/D6903058_232.nc,20220812145830.0,25.408,57.266,I,844,IF,20250520134610,2022-08-12 14:58:30,coriolis,6903058
coriolis/6903058/profiles/D6903058_233.nc,20220814093230.0,25.478,57.215,I,844,IF,20250520134610,2022-08-14 09:32:30,coriolis,6903058
coriolis/6903058/profiles/D6903058_234.nc,20220816085630.0,25.497,57.162,I,844,IF,20250520134610,2022-08-16 08:56:30,coriolis,6903058
coriolis/6903058/profiles/D6903058_235.nc,20220818081230.0,25.369,57.033,I,844,IF,20250520134610,2022-08-18 08:12:30,coriolis,6903058
coriolis/6903058/profiles/D6903058_236.nc,20220820083830.0,25.211,56.97,I,844,IF,20250520134610,2022-08-20 08:38:30,coriolis,6903058
coriolis/6903058/profiles/D6903058_237.nc,20220822085930.0,25.032,56.887,I,844,IF,20250520134610,2022-08-22 08:59:30,coriolis,6903058
coriolis/6903058/profiles/D6903058_238.nc,20220824083930.0,25.021,56.82,I,844,IF,20250520134610,2022-08-24 08:39:30,coriolis,6903058
coriolis/6903058/profiles/D6903058_239.nc,20220826100730.0,24.97,56.905,I,844,IF,20250520134610,2022-08-26 10:07:30,coriolis,6903058
coriolis/6903058/profiles/D6903058_240.nc,20220828145230.0,24.83,57.011,I,844,IF,20250520134610,2022-08-28 14:52:30,coriolis,6903058
coriolis/6903058/profiles/D6903058_241.nc,20220830145130.0,24.7,57.027,I,844,IF,20250520134610,2022-08-30 14:51:30,coriolis,6903058
coriolis/6903058/profiles/D6903058_242.nc,20220901092830.0,24.544,57.085,I,844,IF,20250520134610,2022-09-01 09:28:30,coriolis,6903058
coriolis/6903058/profiles/D6903058_243.nc,20220903093330.0,24.285,57.203,I,844,IF,20250520134610,2022-09-03 09:33:30,coriolis,6903058
coriolis/6903058/profiles/D6903058_244.nc,20220905090730.0,24.047,57.664,I,844,IF,20250520134610,2022-09-05 09:07:30,coriolis,6903058
coriolis/6903058/profiles/D6903058_245.nc,20220907113530.0,23.946,58.303,I,844,IF,20250520134610,2022-09-07 11:35:30,coriolis,6903058
coriolis/6903058/profiles/D6903058_246.nc,20220909115430.0,23.722,58.644,I,844,IF,20250520134610,2022-09-09 11:54:30,coriolis,6903058
coriolis/6903058/profiles/D6903058_247.nc,20220911145030.0,23.79,58.576,I,844,IF,20250520134610,2022-09-11 14:50:30,coriolis,6903058
coriolis/6903058/profiles/D6903058_248.nc,20220913145230.0,23.804,58.621,I,844,IF,20250520134610,2022-09-13 14:52:30,coriolis,6903058
coriolis/6903058/profiles/D6903058_249.nc,20220915080830.0,23.627,58.742,I,844,IF,20250520134610,2022-09-15 08:08:30,coriolis,6903058
coriolis/6903058/profiles/D6903058_250.nc,20220917144630.0,23.702,58.713,I,844,IF,20250520134610,2022-09-17 14:46:30,coriolis,6903058
coriolis/6903058/profiles/D6903058_251.nc,20220919144930.0,23.663,58.733,I,844,IF,20250520134610,2022-09-19 14:49:30,coriolis,6903058
coriolis/6903058/profiles/D6903058_252.nc,20220921101830.0,23.523,58.838,I,844,IF,20250520134610,2022-09-21 10:18:30,coriolis,6903058
coriolis/6903058/profiles/D6903058_253.nc,20220923102230.0,23.498,58.823,I,844,IF,20250520134610,2022-09-23 10:22:30,coriolis,6903058
coriolis/6903058/profiles/D6903058_254.nc,20220925151430.0,23.489,58.83,I,844,IF,20250520134610,2022-09-25 15:14:30,coriolis,6903058
coriolis/6903058/profiles/D6903058_255.nc,20220927151130.0,23.48,58.836,I,844,IF,20250520134610,2022-09-27 15:11:30,coriolis,6903058
coriolis/6903058/profiles/D6903058_256.nc,20220929151430.0,23.447,58.866,I,844,IF,20250520134610,2022-09-29 15:14:30,coriolis,6903058
coriolis/6903058/profiles/D6903058_257.nc,20221001151730.0,23.355,58.963,I,844,IF,20250520134610,2022-10-01 15:17:30,coriolis,6903058
coriolis/6903058/profiles/D6903058_258.nc,20221003085630.0,23.373,58.99,I,844,IF,20250520134610,2022-10-03 08:56:30,coriolis,6903058
coriolis/6903058/profiles/D6903058_259.nc,20221005145430.0,23.173,59.643,I,844,IF,20250520134610,2022-10-05 14:54:30,coriolis,6903058
coriolis/6903058/profiles/D6903058_260.nc,20221007145130.0,23.114,60.315,I,844,IF,20250520134610,2022-10-07 14:51:30,coriolis,6903058
coriolis/6903058/profiles/D6903058_261.nc,20221009145430.0,23.517,60.897,I,844,IF,20250520134610,2022-10-09 14:54:30,coriolis,6903058
coriolis/6903058/profiles/D6903058_262.nc,20221011145630.0,23.622,61.59,I,844,IF,20250520134610,2022-10-11 14:56:30,coriolis,6903058
coriolis/6903058/profiles/D6903058_263.nc,20221013145230.0,23.167,61.862,I,844,IF,20250520134610,2022-10-13 14:52:30,coriolis,6903058
coriolis/6903058/profiles/D6903058_264.nc,20221015144930.0,22.64,61.587,I,844,IF,20250520134610,2022-10-15 14:49:30,coriolis,6903058
coriolis/6903058/profiles/D6903058_265.nc,20221017145730.0,22.343,61.031,I,844,IF,20250520134610,2022-10-17 14:57:30,coriolis,6903058
coriolis/6903058/profiles/D6903058_266.nc,20221019144930.0,22.523,60.417,I,844,IF,20250520134610,2022-10-19 14:49:30,coriolis,6903058
coriolis/6903058/profiles/D6903058_267.nc,20221021145030.0,23.042,60.157,I,844,IF,20250520134610,2022-10-21 14:50:30,coriolis,6903058
coriolis/6903058/profiles/D6903058_268.nc,20221023145530.0,23.634,60.583,I,844,IF,20250520134610,2022-10-23 14:55:30,coriolis,6903058
coriolis/6903058/profiles/D6903058_269.nc,20221025145430.0,23.625,61.328,I,844,IF,20250520134610,2022-10-25 14:54:30,coriolis,6903058
coriolis/6903058/profiles/D6903058_270.nc,20221027145530.0,23.107,61.419,I,844,IF,20250520134610,2022-10-27 14:55:30,coriolis,6903058
coriolis/6903058/profiles/D6903058_271.nc,20221029144330.0,22.637,61.018,I,844,IF,20250520134610,2022-10-29 14:43:30,coriolis,6903058
coriolis/6903058/profiles/D6903058_272.nc,20221031150430.0,22.521,60.353,I,844,IF,20250520134610,2022-10-31 15:04:30,coriolis,6903058
coriolis/6903058/profiles/D6903058_273.nc,20221102145130.0,22.949,59.958,I,844,IF,20250520134610,2022-11-02 14:51:30,coriolis,6903058
coriolis/6903058/profiles/D6903058_274.nc,20221104144830.0,23.714,60.28,I,844,IF,20250520134610,2022-11-04 14:48:30,coriolis,6903058
coriolis/6903058/profiles/D6903058_275.nc,20221106144830.0,23.949,60.928,I,844,IF,20250520134610,2022-11-06 14:48:30,coriolis,6903058
coriolis/6903058/profiles/D6903058_276.nc,20221108145330.0,23.589,61.345,I,844,IF,20250520134610,2022-11-08 14:53:30,coriolis,6903058
coriolis/6903058/profiles/D6903058_277.nc,20221110145930.0,23.058,61.063,I,844,IF,20250520134610,2022-11-10 14:59:30,coriolis,6903058
coriolis/6903058/profiles/D6903058_278.nc,20221112145430.0,22.988,60.356,I,844,IF,20250520134610,2022-11-12 14:54:30,coriolis,6903058
coriolis/6903058/profiles/D6903058_279.nc,20221114145330.0,23.427,60.076,I,844,IF,20250520134610,2022-11-14 14:53:30,coriolis,6903058
coriolis/6903058/profiles/D6903058_280.nc,20221116145430.0,24.186,60.513,I,844,IF,20250520134610,2022-11-16 14:54:30,coriolis,6903058
coriolis/6903058/profiles/D6903058_281.nc,20221118144530.0,24.395,61.088,I,844,IF,20250520134610,2022-11-18 14:45:30,coriolis,6903058
coriolis/6903058/profiles/D6903058_282.nc,20221120145730.0,24.144,61.55,I,844,IF,20250520134610,2022-11-20 14:57:30,coriolis,6903058
coriolis/6903058/profiles/D6903058_283.nc,20221122145230.0,23.465,61.595,I,844,IF,20250520134610,2022-11-22 14:52:30,coriolis,6903058
coriolis/6903058/profiles/D6903058_284.nc,20221124145130.0,23.049,61.12,I,844,IF,20250520134610,2022-11-24 14:51:30,coriolis,6903058
coriolis/6903058/profiles/D6903058_285.nc,20221126145430.0,23.085,60.355,I,844,IF,20250520134610,2022-11-26 14:54:30,coriolis,6903058
coriolis/6903058/profiles/D6903058_286.nc,20221128145330.0,23.555,59.959,I,844,IF,20250520134610,2022-11-28 14:53:30,coriolis,6903058
coriolis/6903058/profiles/D6903058_287.nc,20221130145630.0,24.081,60.301,I,844,IF,20250520134610,2022-11-30 14:56:30,coriolis,6903058
coriolis/6903058/profiles/D6903058_288.nc,20221202145430.0,24.335,61.11,I,844,IF,20250520134610,2022-12-02 14:54:30,coriolis,6903058
coriolis/6903058/profiles/D6903058_289.nc,20221204144730.0,23.94,61.528,I,844,IF,20250520134610,2022-12-04 14:47:30,coriolis,6903058
coriolis/6903058/profiles/D6903058_290.nc,20221206145230.0,23.199,61.274,I,844,IF,20250520134610,2022-12-06 14:52:30,coriolis,6903058
coriolis/6903058/profiles/D6903058_291.nc,20221208144730.0,22.57,60.669,I,844,IF,20250520134610,2022-12-08 14:47:30,coriolis,6903058
coriolis/6903058/profiles/D6903058_292.nc,20221210145730.0,22.271,60.306,I,844,IF,20250520134610,2022-12-10 14:57:30,coriolis,6903058
coriolis/6903058/profiles/D6903058_293.nc,20221212145230.0,22.071,60.197,I,844,IF,20250520134610,2022-12-12 14:52:30,coriolis,6903058
coriolis/6903058/profiles/D6903058_294.nc,20221214145430.0,21.842,60.224,I,844,IF,20250520134610,2022-12-14 14:54:30,coriolis,6903058
coriolis/6903058/profiles/D6903058_295.nc,20221216145130.0,21.643,60.325,I,844,IF,20250520134610,2022-12-16 14:51:30,coriolis,6903058
coriolis/6903058/profiles/D6903058_296.nc,20221218145230.0,21.494,60.439,I,844,IF,20250520134610,2022-12-18 14:52:30,coriolis,6903058
coriolis/6903058/profiles/D6903058_297.nc,20221220145430.0,21.456,60.553,I,844,IF,20250520134610,2022-12-20 14:54:30,coriolis,6903058
coriolis/6903058/profiles/D6903058_298.nc,20221222145030.0,21.494,60.657,I,844,IF,20250520134610,2022-12-22 14:50:30,coriolis,6903058
coriolis/6903058/profiles/D6903058_299.nc,20221224145330.0,21.634,60.801,I,844,IF,20250520134610,2022-12-24 14:53:30,coriolis,6903058
coriolis/6903058/profiles/D6903058_300.nc,20221226145130.0,21.945,60.875,I,844,IF,20250520134610,2022-12-26 14:51:30,coriolis,6903058
coriolis/6903058/profiles/D6903058_301.nc,20221228144730.0,22.307,60.741,I,844,IF,20250520134610,2022-12-28 14:47:30,coriolis,6903058
coriolis/6903058/profiles/D6903058_302.nc,20221230145030.0,22.487,60.523,I,844,IF,20250520134610,2022-12-30 14:50:30,coriolis,6903058
coriolis/6903058/profiles/D6903058_303.nc,20230101145930.0,22.427,60.215,I,844,IF,20250520134610,2023-01-01 14:59:30,coriolis,6903058
coriolis/6903058/profiles/D6903058_304.nc,20230103145030.0,22.102,59.95,I,844,IF,20250520134610,2023-01-03 14:50:30,coriolis,6903058
coriolis/6903058/profiles/D6903058_305.nc,20230105145030.0,21.551,59.696,I,844,IF,20250520134610,2023-01-05 14:50:30,coriolis,6903058
coriolis/6903058/profiles/D6903058_306.nc,20230107145130.0,20.936,59.516,I,844,IF,20250520134610,2023-01-07 14:51:30,coriolis,6903058
coriolis/6903058/profiles/D6903058_307.nc,20230109145730.0,20.514,59.308,I,844,IF,20250520134610,2023-01-09 14:57:30,coriolis,6903058
coriolis/6903058/profiles/D6903058_308.nc,20230111145430.0,20.261,58.999,I,844,IF,20250520134610,2023-01-11 14:54:30,coriolis,6903058
coriolis/6903058/profiles/D6903058_309.nc,20230113145130.0,19.96,58.68,I,844,IF,20250520134610,2023-01-13 14:51:30,coriolis,6903058
coriolis/6903058/profiles/D6903058_310.nc,20230115093630.0,19.519,58.433,I,844,IF,20250520134610,2023-01-15 09:36:30,coriolis,6903058
coriolis/6903058/profiles/D6903058_311.nc,20230117145430.0,19.284,58.322,I,844,IF,20250520134610,2023-01-17 14:54:30,coriolis,6903058
coriolis/6903058/profiles/D6903058_312.nc,20230119145330.0,19.165,58.299,I,844,IF,20250520134610,2023-01-19 14:53:30,coriolis,6903058
coriolis/6903058/profiles/D6903058_313.nc,20230121145230.0,18.998,58.365,I,844,IF,20250520134610,2023-01-21 14:52:30,coriolis,6903058
coriolis/6903058/profiles/D6903058_314.nc,20230123145230.0,18.637,58.834,I,844,IF,20250520134610,2023-01-23 14:52:30,coriolis,6903058
coriolis/6903058/profiles/D6903058_315.nc,20230125144230.0,18.605,59.331,I,844,IF,20250520134610,2023-01-25 14:42:30,coriolis,6903058
coriolis/6903058/profiles/D6903058_316.nc,20230127145030.0,18.721,59.504,I,844,IF,20250520134610,2023-01-27 14:50:30,coriolis,6903058
coriolis/6903058/profiles/D6903058_317.nc,20230129145130.0,18.931,59.446,I,844,IF,20250520134610,2023-01-29 14:51:30,coriolis,6903058
coriolis/6903058/profiles/D6903058_318.nc,20230131145130.0,19.182,59.132,I,844,IF,20250520134610,2023-01-31 14:51:30,coriolis,6903058
coriolis/6903058/profiles/D6903058_319.nc,20230202145530.0,19.141,58.659,I,844,IF,20250520134610,2023-02-02 14:55:30,coriolis,6903058
coriolis/6903058/profiles/D6903058_320.nc,20230204145630.0,18.829,58.399,I,844,IF,20250520134610,2023-02-04 14:56:30,coriolis,6903058
coriolis/6903058/profiles/D6903058_321.nc,20230206145430.0,18.513,58.409,I,844,IF,20250520134610,2023-02-06 14:54:30,coriolis,6903058
coriolis/6903058/profiles/D6903058_322.nc,20230208145030.0,18.258,58.667,I,844,IF,20250520134610,2023-02-08 14:50:30,coriolis,6903058
coriolis/6903058/profiles/D6903058_323.nc,20230210144530.0,18.205,59.201,I,844,IF,20250520134610,2023-02-10 14:45:30,coriolis,6903058
coriolis/6903058/profiles/D6903058_324.nc,20230212145530.0,18.319,59.516,I,844,IF,20250520134610,2023-02-12 14:55:30,coriolis,6903058
coriolis/6903058/profiles/D6903058_325.nc,20230214145430.0,18.364,59.653,I,844,IF,20250520134610,2023-02-14 14:54:30,coriolis,6903058
coriolis/6903058/profiles/D6903058_326.nc,20230216145630.0,18.377,59.743,I,844,IF,20250520134610,2023-02-16 14:56:30,coriolis,6903058
coriolis/6903058/profiles/D6903058_327.nc,20230218145530.0,18.336,59.813,I,844,IF,20250520134610,2023-02-18 14:55:30,coriolis,6903058
coriolis/6903058/profiles/D6903058_328.nc,20230220145630.0,18.245,59.86,I,844,IF,20250520134610,2023-02-20 14:56:30,coriolis,6903058
coriolis/6903058/profiles/D6903058_329.nc,20230222145430.0,18.114,59.852,I,844,IF,20250520134610,2023-02-22 14:54:30,coriolis,6903058
coriolis/6903058/profiles/D6903058_330.nc,20230224145530.0,17.966,59.82,I,844,IF,20250520134610,2023-02-24 14:55:30,coriolis,6903058
coriolis/6903058/profiles/D6903058_331.nc,20230226144530.0,17.786,59.813,I,844,IF,20250520134610,2023-02-26 14:45:30,coriolis,6903058
coriolis/6903058/profiles/D6903058_332.nc,20230228144230.0,17.57,59.851,I,844,IF,20250520134610,2023-02-28 14:42:30,coriolis,6903058
coriolis/6903058/profiles/D6903058_333.nc,20230302144730.0,17.359,59.889,I,844,IF,20250520134610,2023-03-02 14:47:30,coriolis,6903058
coriolis/6903058/profiles/D6903058_334.nc,20230304143930.0,17.122,59.903,I,844,IF,20250520134610,2023-03-04 14:39:30,coriolis,6903058
coriolis/6903058/profiles/D6903058_335.nc,20230306145930.0,16.888,59.897,I,844,IF,20250520134610,2023-03-06 14:59:30,coriolis,6903058
coriolis/6903058/profiles/D6903058_336.nc,20230308144330.0,16.691,59.876,I,844,IF,20250520134610,2023-03-08 14:43:30,coriolis,6903058
coriolis/6903058/profiles/D6903058_337.nc,20230310145230.0,16.551,59.849,I,844,IF,20250520134610,2023-03-10 14:52:30,coriolis,6903058
coriolis/6903058/profiles/D6903058_338.nc,20230312144930.0,16.425,59.894,I,844,IF,20250520134610,2023-03-12 14:49:30,coriolis,6903058
coriolis/6903058/profiles/D6903058_339.nc,20230314145230.0,16.354,59.98,I,844,IF,20250520134610,2023-03-14 14:52:30,coriolis,6903058
coriolis/6903058/profiles/D6903058_340.nc,20230316144930.0,16.362,60.087,I,844,IF,20250520134610,2023-03-16 14:49:30,coriolis,6903058
coriolis/6903058/profiles/D6903058_341.nc,20230318145030.0,16.381,60.17,I,844,IF,20250520134610,2023-03-18 14:50:30,coriolis,6903058
coriolis/6903058/profiles/D6903058_342.nc,20230320150230.0,16.439,60.237,I,844,IF,20250520134610,2023-03-20 15:02:30,coriolis,6903058
coriolis/6903058/profiles/D6903058_343.nc,20230322145130.0,16.49,60.293,I,844,IF,20250520134610,2023-03-22 14:51:30,coriolis,6903058
coriolis/6903058/profiles/D6903058_344.nc,20230324145130.0,16.519,60.323,I,844,IF,20250520134610,2023-03-24 14:51:30,coriolis,6903058
coriolis/6903058/profiles/D6903058_345.nc,20230326145530.0,16.532,60.342,I,844,IF,20250520134610,2023-03-26 14:55:30,coriolis,6903058
coriolis/6903058/profiles/D6903058_346.nc,20230328145430.0,16.568,60.375,I,844,IF,20250520134610,2023-03-28 14:54:30,coriolis,6903058
coriolis/6903058/profiles/D6903058_347.nc,20230330145730.0,16.597,60.359,I,844,IF,20250520134610,2023-03-30 14:57:30,coriolis,6903058
coriolis/6903058/profiles/D6903058_348.nc,20230401145430.0,16.59,60.39,I,844,IF,20250520134610,2023-04-01 14:54:30,coriolis,6903058
coriolis/6903058/profiles/D6903058_349.nc,20230403145130.0,16.55,60.407,I,844,IF,20250520134610,2023-04-03 14:51:30,coriolis,6903058
coriolis/6903058/profiles/D6903058_350.nc,20230405150130.0,16.491,60.413,I,844,IF,20250520134610,2023-04-05 15:01:30,coriolis,6903058
coriolis/6903058/profiles/D6903058_351.nc,20230407145330.0,16.42,60.408,I,844,IF,20250520134610,2023-04-07 14:53:30,coriolis,6903058
coriolis/6903058/profiles/D6903058_352.nc,20230409145630.0,16.305,60.373,I,844,IF,20250520134610,2023-04-09 14:56:30,coriolis,6903058
coriolis/6903058/profiles/D6903058_353.nc,20230411144230.0,16.255,60.33,I,844,IF,20250520134610,2023-04-11 14:42:30,coriolis,6903058
coriolis/6903058/profiles/D6903058_354.nc,20230413144130.0,16.159,60.316,I,844,IF,20250520134610,2023-04-13 14:41:30,coriolis,6903058
coriolis/6903058/profiles/D6903058_355.nc,20230415145130.0,16.099,60.273,I,844,IF,20250520134610,2023-04-15 14:51:30,coriolis,6903058
coriolis/6903058/profiles/D6903058_356.nc,20230417144830.0,15.995,60.236,I,844,IF,20250520134610,2023-04-17 14:48:30,coriolis,6903058
coriolis/6903058/profiles/D6903058_357.nc,20230419144630.0,15.956,60.194,I,844,IF,20250520134610,2023-04-19 14:46:30,coriolis,6903058
coriolis/6903058/profiles/D6903058_358.nc,20230421145530.0,15.888,60.261,I,844,IF,20250520134610,2023-04-21 14:55:30,coriolis,6903058
coriolis/6903058/profiles/D6903058_359.nc,20230423145130.0,15.812,60.253,I,844,IF,20250520134610,2023-04-23 14:51:30,coriolis,6903058
coriolis/6903058/profiles/D6903058_360.nc,20230425144430.0,15.74,60.219,I,844,IF,20250520134610,2023-04-25 14:44:30,coriolis,6903058
coriolis/6903058/profiles/D6903058_361.nc,20230427145830.0,15.671,60.224,I,844,IF,20250520134610,2023-04-27 14:58:30,coriolis,6903058
coriolis/6903058/profiles/D6903058_362.nc,20230429145330.0,15.6,60.229,I,844,IF,20250520134610,2023-04-29 14:53:30,coriolis,6903058
coriolis/6903058/profiles/D6903058_363.nc,20230501145730.0,15.512,60.244,I,844,IF,20250520134610,2023-05-01 14:57:30,coriolis,6903058
coriolis/6903058/profiles/D6903058_364.nc,20230503145330.0,15.418,60.266,I,844,IF,20250520134610,2023-05-03 14:53:30,coriolis,6903058
coriolis/6903058/profiles/D6903058_365.nc,20230505144930.0,15.363,60.248,I,844,IF,20250520134610,2023-05-05 14:49:30,coriolis,6903058
coriolis/6903058/profiles/D6903058_366.nc,20230507150730.0,15.323,60.266,I,844,IF,20250520134610,2023-05-07 15:07:30,coriolis,6903058
coriolis/6903058/profiles/D6903058_367.nc,20230509150330.0,15.315,60.226,I,844,IF,20250520134610,2023-05-09 15:03:30,coriolis,6903058
coriolis/6903058/profiles/D6903058_368.nc,20230511145130.0,15.331,60.176,I,844,IF,20250520134610,2023-05-11 14:51:30,coriolis,6903058
coriolis/6903058/profiles/D6903058_369.nc,20230513145030.0,15.316,60.147,I,844,IF,20250520134610,2023-05-13 14:50:30,coriolis,6903058
coriolis/6903058/profiles/D6903058_370.nc,20230515145630.0,15.368,60.124,I,844,IF,20250520134610,2023-05-15 14:56:30,coriolis,6903058
coriolis/6903058/profiles/D6903058_371.nc,20230517145630.0,15.421,60.093,I,844,IF,20250520134610,2023-05-17 14:56:30,coriolis,6903058
coriolis/6903058/profiles/D6903058_372.nc,20230519145930.0,15.463,60.078,I,844,IF,20250520134610,2023-05-19 14:59:30,coriolis,6903058
coriolis/6903058/profiles/D6903058_373.nc,20230521145730.0,15.506,60.072,I,844,IF,20250520134610,2023-05-21 14:57:30,coriolis,6903058
coriolis/6903058/profiles/D6903058_374.nc,20230523145930.0,15.545,60.073,I,844,IF,20250520134610,2023-05-23 14:59:30,coriolis,6903058
coriolis/6903058/profiles/D6903058_375.nc,20230525145330.0,15.595,60.094,I,844,IF,20250520134610,2023-05-25 14:53:30,coriolis,6903058
coriolis/6903058/profiles/D6903058_376.nc,20230527145130.0,15.674,60.124,I,844,IF,20250520134610,2023-05-27 14:51:30,coriolis,6903058
coriolis/6903058/profiles/D6903058_377.nc,20230529145530.0,15.737,60.167,I,844,IF,20250520134610,2023-05-29 14:55:30,coriolis,6903058
coriolis/6903058/profiles/D6903058_378.nc,20230531150030.0,15.799,60.241,I,844,IF,20250520134610,2023-05-31 15:00:30,coriolis,6903058
coriolis/6903058/profiles/D6903058_379.nc,20230602145530.0,15.861,60.336,I,844,IF,20250520134610,2023-06-02 14:55:30,coriolis,6903058
coriolis/6903058/profiles/D6903058_380.nc,20230604145530.0,15.936,60.437,I,844,IF,20250520134610,2023-06-04 14:55:30,coriolis,6903058
coriolis/6903058/profiles/D6903058_381.nc,20230606145330.0,15.994,60.555,I,844,IF,20250520134610,2023-06-06 14:53:30,coriolis,6903058
coriolis/6903058/profiles/D6903058_382.nc,20230608150330.0,16.028,60.667,I,844,IF,20250520134610,2023-06-08 15:03:30,coriolis,6903058
coriolis/6903058/profiles/D6903058_383.nc,20230610145530.0,16.051,60.756,I,844,IF,20250520134610,2023-06-10 14:55:30,coriolis,6903058
coriolis/6903058/profiles/D6903058_384.nc,20230612145430.0,16.059,60.858,I,844,IF,20250520134610,2023-06-12 14:54:30,coriolis,6903058
coriolis/6903058/profiles/D6903058_385.nc,20230614145330.0,16.06,60.971,I,844,IF,20250520134610,2023-06-14 14:53:30,coriolis,6903058
coriolis/6903058/profiles/D6903058_386.nc,20230616145930.0,16.073,61.099,I,844,IF,20250520134610,2023-06-16 14:59:30,coriolis,6903058
coriolis/6903058/profiles/D6903058_387.nc,20230618145930.0,16.076,61.197,I,844,IF,20250520134610,2023-06-18 14:59:30,coriolis,6903058
coriolis/6903058/profiles/D6903058_388.nc,20230620145530.0,16.053,61.27,I,844,IF,20250520134610,2023-06-20 14:55:30,coriolis,6903058
coriolis/6903058/profiles/D6903058_389.nc,20230622150130.0,16.008,61.323,I,844,IF,20250520134610,2023-06-22 15:01:30,coriolis,6903058
coriolis/6903058/profiles/D6903058_390.nc,20230624145830.0,15.948,61.369,I,844,IF,20250520134610,2023-06-24 14:58:30,coriolis,6903058
coriolis/6903058/profiles/D6903058_391.nc,20230626145230.0,15.875,61.415,I,844,IF,20250520134610,2023-06-26 14:52:30,coriolis,6903058
coriolis/6903058/profiles/D6903058_392.nc,20230628145530.0,15.806,61.457,I,844,IF,20250520134610,2023-06-28 14:55:30,coriolis,6903058
coriolis/6903058/profiles/D6903058_393.nc,20230630150330.0,15.739,61.508,I,844,IF,20250520134610,2023-06-30 15:03:30,coriolis,6903058
coriolis/6903058/profiles/D6903058_394.nc,20230702145830.0,15.664,61.561,I,844,IF,20250520134610,2023-07-02 14:58:30,coriolis,6903058
coriolis/6903058/profiles/D6903058_395.nc,20230704145830.0,15.573,61.614,I,844,IF,20250520134610,2023-07-04 14:58:30,coriolis,6903058
coriolis/6903058/profiles/D6903058_396.nc,20230706145430.0,15.495,61.668,I,844,IF,20250520134610,2023-07-06 14:54:30,coriolis,6903058
coriolis/6903058/profiles/D6903058_397.nc,20230708144930.0,15.412,61.726,I,844,IF,20250520134610,2023-07-08 14:49:30,coriolis,6903058
coriolis/6903058/profiles/D6903058_398.nc,20230710150030.0,15.338,61.776,I,844,IF,20250520134610,2023-07-10 15:00:30,coriolis,6903058
coriolis/6903058/profiles/D6903058_399.nc,20230712145730.0,15.271,61.809,I,844,IF,20250520134610,2023-07-12 14:57:30,coriolis,6903058
coriolis/6903058/profiles/D6903058_400.nc,20230714144930.0,15.218,61.809,I,844,IF,20250520134610,2023-07-14 14:49:30,coriolis,6903058
coriolis/6903058/profiles/D6903058_401.nc,20230716145630.0,15.143,61.798,I,844,IF,20250520134610,2023-07-16 14:56:30,coriolis,6903058
coriolis/6903058/profiles/D6903058_402.nc,20230718145130.0,15.066,61.801,I,844,IF,20250520134610,2023-07-18 14:51:30,coriolis,6903058
coriolis/6903058/profiles/D6903058_403.nc,20230720145730.0,15.029,61.772,I,844,IF,20250520134610,2023-07-20 14:57:30,coriolis,6903058
coriolis/6903058/profiles/D6903058_404.nc,20230722145830.0,14.976,61.754,I,844,IF,20250520134610,2023-07-22 14:58:30,coriolis,6903058
coriolis/6903058/profiles/D6903058_405.nc,20230724145330.0,14.932,61.734,I,844,IF,20250520134610,2023-07-24 14:53:30,coriolis,6903058
coriolis/6903058/profiles/D6903058_406.nc,20230726145130.0,14.895,61.72,I,844,IF,20250520134610,2023-07-26 14:51:30,coriolis,6903058
coriolis/6903058/profiles/D6903058_407.nc,20230728145530.0,14.834,61.691,I,844,IF,20250520134610,2023-07-28 14:55:30,coriolis,6903058
coriolis/6903058/profiles/D6903058_408.nc,20230730145430.0,14.789,61.662,I,844,IF,20250520134610,2023-07-30 14:54:30,coriolis,6903058
coriolis/6903058/profiles/D6903058_409.nc,20230801145430.0,14.732,61.611,I,844,IF,20250520134610,2023-08-01 14:54:30,coriolis,6903058
coriolis/6903058/profiles/D6903058_410.nc,20230803145330.0,14.677,61.554,I,844,IF,20250520134610,2023-08-03 14:53:30,coriolis,6903058
coriolis/6903058/profiles/D6903058_411.nc,20230805145130.0,14.663,61.531,I,844,IF,20250520134610,2023-08-05 14:51:30,coriolis,6903058
coriolis/6903058/profiles/D6903058_412.nc,20230807145530.0,14.632,61.507,I,844,IF,20250520134610,2023-08-07 14:55:30,coriolis,6903058
coriolis/6903058/profiles/D6903058_413.nc,20230809145530.0,14.609,61.481,I,844,IF,20250520134610,2023-08-09 14:55:30,coriolis,6903058
coriolis/6903058/profiles/D6903058_414.nc,20230811145530.0,14.582,61.439,I,844,IF,20250520134610,2023-08-11 14:55:30,coriolis,6903058
coriolis/6903058/profiles/D6903058_415.nc,20230813145930.0,14.559,61.406,I,844,IF,20250520134610,2023-08-13 14:59:30,coriolis,6903058
coriolis/6903058/profiles/D6903058_416.nc,20230815145130.0,14.557,61.377,I,844,IF,20250520134610,2023-08-15 14:51:30,coriolis,6903058
coriolis/6903058/profiles/D6903058_417.nc,20230817145530.0,14.538,61.346,I,844,IF,20250520134610,2023-08-17 14:55:30,coriolis,6903058
coriolis/6903058/profiles/D6903058_418.nc,20230819145330.0,14.515,61.336,I,844,IF,20250520134610,2023-08-19 14:53:30,coriolis,6903058
coriolis/6903058/profiles/D6903058_419.nc,20230821145430.0,14.477,61.325,I,844,IF,20250520134610,2023-08-21 14:54:30,coriolis,6903058
coriolis/6903058/profiles/D6903058_420.nc,20230823145230.0,14.458,61.295,I,844,IF,20250520134610,2023-08-23 14:52:30,coriolis,6903058
coriolis/6903058/profiles/D6903058_421.nc,20230825145530.0,14.411,61.284,I,844,IF,20250520134610,2023-08-25 14:55:30,coriolis,6903058
coriolis/6903058/profiles/D6903058_422.nc,20230827145830.0,14.345,61.256,I,844,IF,20250520134610,2023-08-27 14:58:30,coriolis,6903058
coriolis/6903058/profiles/D6903058_423.nc,20230829145330.0,14.28,61.239,I,844,IF,20250520134610,2023-08-29 14:53:30,coriolis,6903058
coriolis/6903058/profiles/D6903058_424.nc,20230831145630.0,14.21,61.262,I,844,IF,20250520134610,2023-08-31 14:56:30,coriolis,6903058
coriolis/6903058/profiles/D6903058_425.nc,20230902150630.0,14.157,61.334,I,844,IF,20250520134610,2023-09-02 15:06:30,coriolis,6903058
coriolis/6903058/profiles/D6903058_426.nc,20230904145130.0,14.129,61.405,I,844,IF,20250520134610,2023-09-04 14:51:30,coriolis,6903058
coriolis/6903058/profiles/D6903058_427.nc,20230906145730.0,14.089,61.477,I,844,IF,20250520134610,2023-09-06 14:57:30,coriolis,6903058
coriolis/6903058/profiles/D6903058_428.nc,20230908145130.0,14.04,61.535,I,844,IF,20250520134610,2023-09-08 14:51:30,coriolis,6903058
coriolis/6903058/profiles/D6903058_429.nc,20230910144830.0,13.955,61.585,I,844,IF,20250520134610,2023-09-10 14:48:30,coriolis,6903058
coriolis/6903058/profiles/D6903058_430.nc,20230912144830.0,13.856,61.63,I,844,IF,20250520134610,2023-09-12 14:48:30,coriolis,6903058
coriolis/6903058/profiles/D6903058_431.nc,20230914145430.0,13.737,61.646,I,844,IF,20250520134610,2023-09-14 14:54:30,coriolis,6903058
coriolis/6903058/profiles/D6903058_432.nc,20230916145430.0,13.594,61.652,I,844,IF,20250520134610,2023-09-16 14:54:30,coriolis,6903058
coriolis/6903058/profiles/D6903058_433.nc,20230918145030.0,13.477,61.654,I,844,IF,20250520134610,2023-09-18 14:50:30,coriolis,6903058
coriolis/6903058/profiles/D6903058_434.nc,20230920145030.0,13.362,61.631,I,844,IF,20250520134610,2023-09-20 14:50:30,coriolis,6903058
coriolis/6903058/profiles/D6903058_435.nc,20230922145730.0,13.231,61.583,I,844,IF,20250520134610,2023-09-22 14:57:30,coriolis,6903058
coriolis/6903058/profiles/D6903058_436.nc,20230924145330.0,13.098,61.505,I,844,IF,20250520134610,2023-09-24 14:53:30,coriolis,6903058
coriolis/6903058/profiles/D6903058_437.nc,20230926145330.0,12.95,61.455,I,844,IF,20250520134610,2023-09-26 14:53:30,coriolis,6903058
coriolis/6903058/profiles/D6903058_438.nc,20230928145630.0,12.829,61.402,I,844,IF,20250520134610,2023-09-28 14:56:30,coriolis,6903058
coriolis/6903058/profiles/D6903058_439.nc,20230930150430.0,12.739,61.355,I,844,IF,20250520134610,2023-09-30 15:04:30,coriolis,6903058
coriolis/6903058/profiles/D6903058_440.nc,20231002144930.0,12.663,61.33,I,844,IF,20250520134610,2023-10-02 14:49:30,coriolis,6903058
coriolis/6903058/profiles/D6903058_441.nc,20231004145230.0,12.62,61.282,I,844,IF,20250520134610,2023-10-04 14:52:30,coriolis,6903058
coriolis/6903058/profiles/D6903058_442.nc,20231006145330.0,12.581,61.224,I,844,IF,20250520134610,2023-10-06 14:53:30,coriolis,6903058
coriolis/6903058/profiles/D6903058_443.nc,20231008165330.0,12.567,61.153,I,844,IF,20250520134610,2023-10-08 16:53:30,coriolis,6903058
coriolis/6903058/profiles/D6903058_444.nc,20231010184930.0,12.546,61.05,I,844,IF,20250520134610,2023-10-10 18:49:30,coriolis,6903058
coriolis/6903058/profiles/D6903058_445.nc,20231012205530.0,12.539,60.954,I,844,IF,20250520134610,2023-10-12 20:55:30,coriolis,6903058
coriolis/6903058/profiles/D6903058_446.nc,20231014224930.0,12.553,60.849,I,844,IF,20250520134610,2023-10-14 22:49:30,coriolis,6903058
coriolis/6903058/profiles/D6903058_447.nc,20231017005430.0,12.616,60.747,I,844,IF,20250520134610,2023-10-17 00:54:30,coriolis,6903058
coriolis/6903058/profiles/D6903058_448.nc,20231019024630.0,12.664,60.669,I,844,IF,20250520134610,2023-10-19 02:46:30,coriolis,6903058
coriolis/6903058/profiles/D6903058_449.nc,20231021045130.0,12.689,60.579,I,844,IF,20250520134610,2023-10-21 04:51:30,coriolis,6903058
coriolis/6903058/profiles/D6903058_450.nc,20231023070330.0,12.805,60.399,I,844,IF,20250520134610,2023-10-23 07:03:30,coriolis,6903058
coriolis/6903058/profiles/D6903058_451.nc,20231025085930.0,12.89,60.241,I,844,IF,20250520134610,2023-10-25 08:59:30,coriolis,6903058
coriolis/6903058/profiles/D6903058_452.nc,20231027105030.0,12.941,60.086,I,844,IF,20250520134610,2023-10-27 10:50:30,coriolis,6903058
coriolis/6903058/profiles/D6903058_453.nc,20231029125130.0,12.97,59.936,I,844,IF,20250520134610,2023-10-29 12:51:30,coriolis,6903058
coriolis/6903058/profiles/D6903058_454.nc,20231031145830.0,12.988,59.783,I,844,IF,20250520134610,2023-10-31 14:58:30,coriolis,6903058
coriolis/6903058/profiles/D6903058_455.nc,20231102165430.0,13.014,59.622,I,844,IF,20250520134610,2023-11-02 16:54:30,coriolis,6903058
coriolis/6903058/profiles/D6903058_456.nc,20231104185330.0,13.037,59.439,I,844,IF,20250520134610,2023-11-04 18:53:30,coriolis,6903058
coriolis/6903058/profiles/D6903058_457.nc,20231106210330.0,13.067,59.217,I,844,IF,20250520134610,2023-11-06 21:03:30,coriolis,6903058
coriolis/6903058/profiles/D6903058_458.nc,20231108225730.0,13.126,59.003,I,844,IF,20250520134610,2023-11-08 22:57:30,coriolis,6903058
coriolis/6903058/profiles/D6903058_459.nc,20231111005330.0,13.206,58.781,I,844,IF,20250520134610,2023-11-11 00:53:30,coriolis,6903058
coriolis/6903058/profiles/D6903058_460.nc,20231113024830.0,13.331,58.554,I,844,IF,20250520134610,2023-11-13 02:48:30,coriolis,6903058
coriolis/6903058/profiles/D6903058_461.nc,20231115045430.0,13.469,58.39,I,844,IF,20250520134610,2023-11-15 04:54:30,coriolis,6903058
coriolis/6903058/profiles/D6903058_462.nc,20231117065330.0,13.611,58.216,I,844,IF,20250520134610,2023-11-17 06:53:30,coriolis,6903058
coriolis/6903058/profiles/D6903058_463.nc,20231119085630.0,13.812,58.088,I,844,IF,20250520134610,2023-11-19 08:56:30,coriolis,6903058
coriolis/6903058/profiles/D6903058_464.nc,20231121105130.0,14.023,57.959,I,844,IF,20250520134610,2023-11-21 10:51:30,coriolis,6903058
coriolis/6903058/profiles/D6903058_465.nc,20231123125530.0,14.228,57.852,I,844,IF,20250520134610,2023-11-23 12:55:30,coriolis,6903058
coriolis/6903058/profiles/D6903058_466.nc,20231125144930.0,14.391,57.728,I,844,IF,20250520134610,2023-11-25 14:49:30,coriolis,6903058
coriolis/6903058/profiles/D6903058_467.nc,20231127165130.0,14.574,57.695,I,844,IF,20250520134610,2023-11-27 16:51:30,coriolis,6903058
coriolis/6903058/profiles/D6903058_468.nc,20231129185430.0,14.704,57.605,I,844,IF,20250520134610,2023-11-29 18:54:30,coriolis,6903058
coriolis/6903058/profiles/D6903058_469.nc,20231201204530.0,14.854,57.591,I,844,IF,20250520134610,2023-12-01 20:45:30,coriolis,6903058
coriolis/6903058/profiles/D6903058_470.nc,20231203225530.0,14.976,57.653,I,844,IF,20250520134610,2023-12-03 22:55:30,coriolis,6903058
coriolis/6903058/profiles/D6903058_471.nc,20231206005330.0,14.978,57.791,I,844,IF,20250520134610,2023-12-06 00:53:30,coriolis,6903058
coriolis/6903058/profiles/D6903058_472.nc,20231208025030.0,14.9,57.891,I,844,IF,20250520134610,2023-12-08 02:50:30,coriolis,6903058
coriolis/6903058/profiles/D6903058_473.nc,20231210044230.0,14.777,57.961,I,844,IF,20250520134610,2023-12-10 04:42:30,coriolis,6903058
coriolis/6903058/profiles/D6903058_474.nc,20231212064730.0,14.591,57.96,I,844,IF,20250520134610,2023-12-12 06:47:30,coriolis,6903058
coriolis/6903058/profiles/D6903058_475.nc,20231214085730.0,14.409,57.925,I,844,IF,20250520134610,2023-12-14 08:57:30,coriolis,6903058
coriolis/6903058/profiles/D6903058_476.nc,20231216104630.0,14.117,57.845,I,844,IF,20250520134610,2023-12-16 10:46:30,coriolis,6903058
coriolis/6903058/profiles/D6903058_477.nc,20231218124730.0,13.883,57.712,I,844,IF,20250520134610,2023-12-18 12:47:30,coriolis,6903058
coriolis/6903058/profiles/D6903058_478.nc,20231220144630.0,13.648,57.553,I,844,IF,20250520134610,2023-12-20 14:46:30,coriolis,6903058
coriolis/6903058/profiles/D6903058_479.nc,20231222164330.0,13.42,57.377,I,844,IF,20250520134610,2023-12-22 16:43:30,coriolis,6903058
coriolis/6903058/profiles/D6903058_480.nc,20231224184830.0,13.21,57.233,I,844,IF,20250520134610,2023-12-24 18:48:30,coriolis,6903058
coriolis/6903058/profiles/D6903058_481.nc,20231226204430.0,12.979,57.066,I,844,IF,20250520134610,2023-12-26 20:44:30,coriolis,6903058
coriolis/6903058/profiles/D6903058_482.nc,20231228224030.0,12.792,56.921,I,844,IF,20250520134610,2023-12-28 22:40:30,coriolis,6903058
coriolis/6903059/profiles/D6903059_100.nc,20220101145130.0,22.44,60.776,I,844,IF,20250520135921,2022-01-01 14:51:30,coriolis,6903059
coriolis/6903059/profiles/D6903059_101.nc,20220103145630.0,22.719,61.547,I,844,IF,20250520135921,2022-01-03 14:56:30,coriolis,6903059
coriolis/6903059/profiles/D6903059_102.nc,20220105144530.0,22.674,61.952,I,844,IF,20250520135921,2022-01-05 14:45:30,coriolis,6903059
coriolis/6903059/profiles/D6903059_103.nc,20220107144930.0,22.568,62.131,I,844,IF,20250520135921,2022-01-07 14:49:30,coriolis,6903059
coriolis/6903059/profiles/D6903059_104.nc,20220109145630.0,22.363,62.302,I,844,IF,20250520135921,2022-01-09 14:56:30,coriolis,6903059
coriolis/6903059/profiles/D6903059_105.nc,20220111144530.0,22.108,62.441,I,844,IF,20250520135921,2022-01-11 14:45:30,coriolis,6903059
coriolis/6903059/profiles/D6903059_106.nc,20220113145330.0,21.719,62.519,I,844,IF,20250520135921,2022-01-13 14:53:30,coriolis,6903059
coriolis/6903059/profiles/D6903059_107.nc,20220115145830.0,21.362,62.509,I,844,IF,20250520135921,2022-01-15 14:58:30,coriolis,6903059
coriolis/6903059/profiles/D6903059_108.nc,20220117145330.0,21.076,62.491,I,844,IF,20250520135921,2022-01-17 14:53:30,coriolis,6903059
coriolis/6903059/profiles/D6903059_109.nc,20220119144730.0,20.892,62.495,I,844,IF,20250520135921,2022-01-19 14:47:30,coriolis,6903059
coriolis/6903059/profiles/D6903059_110.nc,20220121145330.0,20.759,62.485,I,844,IF,20250520135921,2022-01-21 14:53:30,coriolis,6903059
coriolis/6903059/profiles/D6903059_111.nc,20220123145030.0,20.68,62.504,I,844,IF,20250520135921,2022-01-23 14:50:30,coriolis,6903059
coriolis/6903059/profiles/D6903059_112.nc,20220125145230.0,20.66,62.547,I,844,IF,20250520135921,2022-01-25 14:52:30,coriolis,6903059
coriolis/6903059/profiles/D6903059_113.nc,20220127145630.0,20.709,62.619,I,844,IF,20250520135921,2022-01-27 14:56:30,coriolis,6903059
coriolis/6903059/profiles/D6903059_114.nc,20220129145330.0,20.804,62.649,I,844,IF,20250520135921,2022-01-29 14:53:30,coriolis,6903059
coriolis/6903059/profiles/D6903059_115.nc,20220131145330.0,20.946,62.602,I,844,IF,20250520135921,2022-01-31 14:53:30,coriolis,6903059
coriolis/6903059/profiles/D6903059_116.nc,20220202145430.0,21.046,62.505,I,844,IF,20250520135921,2022-02-02 14:54:30,coriolis,6903059
coriolis/6903059/profiles/D6903059_117.nc,20220204145030.0,21.081,62.393,I,844,IF,20250520135921,2022-02-04 14:50:30,coriolis,6903059
coriolis/6903059/profiles/D6903059_118.nc,20220206144530.0,21.085,62.261,I,844,IF,20250520135921,2022-02-06 14:45:30,coriolis,6903059
coriolis/6903059/profiles/D6903059_119.nc,20220208145230.0,21.051,62.136,I,844,IF,20250520135921,2022-02-08 14:52:30,coriolis,6903059
coriolis/6903059/profiles/D6903059_120.nc,20220210145230.0,20.998,61.935,I,844,IF,20250520135921,2022-02-10 14:52:30,coriolis,6903059
coriolis/6903059/profiles/D6903059_121.nc,20220212145130.0,20.977,61.697,I,844,IF,20250520135921,2022-02-12 14:51:30,coriolis,6903059
coriolis/6903059/profiles/D6903059_122.nc,20220214145030.0,20.97,61.405,I,844,IF,20250520135921,2022-02-14 14:50:30,coriolis,6903059
coriolis/6903059/profiles/D6903059_123.nc,20220216145130.0,20.987,61.092,I,844,IF,20250520135921,2022-02-16 14:51:30,coriolis,6903059
coriolis/6903059/profiles/D6903059_124.nc,20220218145730.0,21.109,60.789,I,844,IF,20250520135921,2022-02-18 14:57:30,coriolis,6903059
coriolis/6903059/profiles/D6903059_125.nc,20220220145030.0,21.234,60.573,I,844,IF,20250520135921,2022-02-20 14:50:30,coriolis,6903059
coriolis/6903059/profiles/D6903059_126.nc,20220222144730.0,21.453,60.369,I,844,IF,20250520135921,2022-02-22 14:47:30,coriolis,6903059
coriolis/6903059/profiles/D6903059_127.nc,20220224145830.0,21.737,60.22,I,844,IF,20250520135921,2022-02-24 14:58:30,coriolis,6903059
coriolis/6903059/profiles/D6903059_128.nc,20220226145430.0,22.146,60.281,I,844,IF,20250520135921,2022-02-26 14:54:30,coriolis,6903059
coriolis/6903059/profiles/D6903059_129.nc,20220228144830.0,22.46,60.63,I,844,IF,20250520135921,2022-02-28 14:48:30,coriolis,6903059
coriolis/6903059/profiles/D6903059_130.nc,20220302144930.0,22.527,61.249,I,844,IF,20250520135921,2022-03-02 14:49:30,coriolis,6903059
coriolis/6903059/profiles/D6903059_131.nc,20220304144830.0,22.207,61.788,I,844,IF,20250520135921,2022-03-04 14:48:30,coriolis,6903059
coriolis/6903059/profiles/D6903059_132.nc,20220306144530.0,21.739,61.686,I,844,IF,20250520135921,2022-03-06 14:45:30,coriolis,6903059
coriolis/6903059/profiles/D6903059_133.nc,20220308144830.0,21.506,61.085,I,844,IF,20250520135921,2022-03-08 14:48:30,coriolis,6903059
coriolis/6903059/profiles/D6903059_134.nc,20220310144930.0,21.81,60.601,I,844,IF,20250520135921,2022-03-10 14:49:30,coriolis,6903059
coriolis/6903059/profiles/D6903059_135.nc,20220312145230.0,22.356,60.677,I,844,IF,20250520135921,2022-03-12 14:52:30,coriolis,6903059
coriolis/6903059/profiles/D6903059_136.nc,20220314145030.0,22.519,61.301,I,844,IF,20250520135921,2022-03-14 14:50:30,coriolis,6903059
coriolis/6903059/profiles/D6903059_137.nc,20220316144830.0,22.127,61.724,I,844,IF,20250520135921,2022-03-16 14:48:30,coriolis,6903059
coriolis/6903059/profiles/D6903059_138.nc,20220318145130.0,21.629,61.435,I,844,IF,20250520135921,2022-03-18 14:51:30,coriolis,6903059
coriolis/6903059/profiles/D6903059_139.nc,20220320144930.0,21.555,60.721,I,844,IF,20250520135921,2022-03-20 14:49:30,coriolis,6903059
coriolis/6903059/profiles/D6903059_140.nc,20220322145330.0,21.969,60.372,I,844,IF,20250520135921,2022-03-22 14:53:30,coriolis,6903059
coriolis/6903059/profiles/D6903059_141.nc,20220324144830.0,22.466,60.584,I,844,IF,20250520135921,2022-03-24 14:48:30,coriolis,6903059
coriolis/6903059/profiles/D6903059_142.nc,20220326145330.0,22.491,61.267,I,844,IF,20250520135921,2022-03-26 14:53:30,coriolis,6903059
coriolis/6903059/profiles/D6903059_143.nc,20220328144430.0,21.993,61.461,I,844,IF,20250520135921,2022-03-28 14:44:30,coriolis,6903059
coriolis/6903059/profiles/D6903059_144.nc,20220330145630.0,21.744,60.932,I,844,IF,20250520135921,2022-03-30 14:56:30,coriolis,6903059
coriolis/6903059/profiles/D6903059_145.nc,20220401145030.0,22.182,60.541,I,844,IF,20250520135921,2022-04-01 14:50:30,coriolis,6903059
coriolis/6903059/profiles/D6903059_146.nc,20220403145430.0,22.63,60.751,I,844,IF,20250520135921,2022-04-03 14:54:30,coriolis,6903059
coriolis/6903059/profiles/D6903059_147.nc,20220405145430.0,22.514,61.56,I,844,IF,20250520135921,2022-04-05 14:54:30,coriolis,6903059
coriolis/6903059/profiles/D6903059_148.nc,20220407144730.0,21.959,61.742,I,844,IF,20250520135921,2022-04-07 14:47:30,coriolis,6903059
coriolis/6903059/profiles/D6903059_149.nc,20220409144830.0,21.626,61.267,I,844,IF,20250520135921,2022-04-09 14:48:30,coriolis,6903059
coriolis/6903059/profiles/D6903059_150.nc,20220411145230.0,21.932,60.815,I,844,IF,20250520135921,2022-04-11 14:52:30,coriolis,6903059
coriolis/6903059/profiles/D6903059_151.nc,20220413145330.0,22.497,61.026,I,844,IF,20250520135921,2022-04-13 14:53:30,coriolis,6903059
coriolis/6903059/profiles/D6903059_152.nc,20220415145130.0,22.485,61.782,I,844,IF,20250520135921,2022-04-15 14:51:30,coriolis,6903059
coriolis/6903059/profiles/D6903059_153.nc,20220417144830.0,21.967,62.094,I,844,IF,20250520135921,2022-04-17 14:48:30,coriolis,6903059
coriolis/6903059/profiles/D6903059_154.nc,20220419145330.0,21.468,61.778,I,844,IF,20250520135921,2022-04-19 14:53:30,coriolis,6903059
coriolis/6903059/profiles/D6903059_155.nc,20220421145230.0,21.423,61.232,I,844,IF,20250520135921,2022-04-21 14:52:30,coriolis,6903059
coriolis/6903059/profiles/D6903059_156.nc,20220423144930.0,21.804,60.853,I,844,IF,20250520135921,2022-04-23 14:49:30,coriolis,6903059
coriolis/6903059/profiles/D6903059_157.nc,20220425145630.0,22.254,61.073,I,844,IF,20250520135921,2022-04-25 14:56:30,coriolis,6903059
coriolis/6903059/profiles/D6903059_158.nc,20220427145030.0,22.331,61.735,I,844,IF,20250520135921,2022-04-27 14:50:30,coriolis,6903059
coriolis/6903059/profiles/D6903059_159.nc,20220429105930.0,21.893,62.022,I,844,IF,20250520135921,2022-04-29 10:59:30,coriolis,6903059
coriolis/6903059/profiles/D6903059_160.nc,20220501143830.0,21.517,61.74,I,844,IF,20250520135921,2022-05-01 14:38:30,coriolis,6903059
coriolis/6903059/profiles/D6903059_161.nc,20220503144630.0,21.558,61.121,I,844,IF,20250520135921,2022-05-03 14:46:30,coriolis,6903059
coriolis/6903059/profiles/D6903059_162.nc,20220505145830.0,21.915,60.786,I,844,IF,20250520135921,2022-05-05 14:58:30,coriolis,6903059
coriolis/6903059/profiles/D6903059_163.nc,20220507145930.0,22.348,60.972,I,844,IF,20250520135921,2022-05-07 14:59:30,coriolis,6903059
coriolis/6903059/profiles/D6903059_164.nc,20220509145630.0,22.563,61.597,I,844,IF,20250520135921,2022-05-09 14:56:30,coriolis,6903059
coriolis/6903059/profiles/D6903059_165.nc,20220511145930.0,22.483,62.074,I,844,IF,20250520135921,2022-05-11 14:59:30,coriolis,6903059
coriolis/6903059/profiles/D6903059_166.nc,20220513145130.0,21.994,62.233,I,844,IF,20250520135921,2022-05-13 14:51:30,coriolis,6903059
coriolis/6903059/profiles/D6903059_167.nc,20220515145030.0,21.612,61.987,I,844,IF,20250520135921,2022-05-15 14:50:30,coriolis,6903059
coriolis/6903059/profiles/D6903059_168.nc,20220517145430.0,21.547,61.495,I,844,IF,20250520135921,2022-05-17 14:54:30,coriolis,6903059
coriolis/6903059/profiles/D6903059_169.nc,20220519145730.0,21.783,61.156,I,844,IF,20250520135921,2022-05-19 14:57:30,coriolis,6903059
coriolis/6903059/profiles/D6903059_170.nc,20220521145630.0,22.169,61.018,I,844,IF,20250520135921,2022-05-21 14:56:30,coriolis,6903059
coriolis/6903059/profiles/D6903059_171.nc,20220523145130.0,22.588,61.148,I,844,IF,20250520135921,2022-05-23 14:51:30,coriolis,6903059
coriolis/6903059/profiles/D6903059_172.nc,20220525145730.0,22.882,61.697,I,844,IF,20250520135921,2022-05-25 14:57:30,coriolis,6903059
coriolis/6903059/profiles/D6903059_173.nc,20220527145230.0,22.775,62.355,I,844,IF,20250520135921,2022-05-27 14:52:30,coriolis,6903059
coriolis/6903059/profiles/D6903059_174.nc,20220529145230.0,22.357,62.606,I,844,IF,20250520135921,2022-05-29 14:52:30,coriolis,6903059
coriolis/6903059/profiles/D6903059_175.nc,20220531145230.0,21.932,62.37,I,844,IF,20250520135921,2022-05-31 14:52:30,coriolis,6903059
coriolis/6903059/profiles/D6903059_176.nc,20220602104630.0,21.67,61.815,I,844,IF,20250520135921,2022-06-02 10:46:30,coriolis,6903059
coriolis/6903059/profiles/D6903059_177.nc,20220604145730.0,21.748,61.276,I,844,IF,20250520135921,2022-06-04 14:57:30,coriolis,6903059
coriolis/6903059/profiles/D6903059_178.nc,20220606145630.0,22.039,61.159,I,844,IF,20250520135921,2022-06-06 14:56:30,coriolis,6903059
coriolis/6903059/profiles/D6903059_179.nc,20220608145330.0,22.32,61.324,I,844,IF,20250520135921,2022-06-08 14:53:30,coriolis,6903059
coriolis/6903059/profiles/D6903059_180.nc,20220610145330.0,22.614,61.69,I,844,IF,20250520135921,2022-06-10 14:53:30,coriolis,6903059
coriolis/6903059/profiles/D6903059_181.nc,20220612145130.0,22.694,62.192,I,844,IF,20250520135921,2022-06-12 14:51:30,coriolis,6903059
coriolis/6903059/profiles/D6903059_182.nc,20220614145730.0,22.412,62.519,I,844,IF,20250520135921,2022-06-14 14:57:30,coriolis,6903059
coriolis/6903059/profiles/D6903059_183.nc,20220616145230.0,21.911,62.577,I,844,IF,20250520135921,2022-06-16 14:52:30,coriolis,6903059
coriolis/6903059/profiles/D6903059_184.nc,20220618145530.0,21.586,62.302,I,844,IF,20250520135921,2022-06-18 14:55:30,coriolis,6903059
coriolis/6903059/profiles/D6903059_185.nc,20220620145130.0,21.561,61.87,I,844,IF,20250520135921,2022-06-20 14:51:30,coriolis,6903059
coriolis/6903059/profiles/D6903059_186.nc,20220622144930.0,21.911,61.485,I,844,IF,20250520135921,2022-06-22 14:49:30,coriolis,6903059
coriolis/6903059/profiles/D6903059_187.nc,20220624145530.0,22.407,61.501,I,844,IF,20250520135921,2022-06-24 14:55:30,coriolis,6903059
coriolis/6903059/profiles/D6903059_188.nc,20220626145430.0,22.726,61.886,I,844,IF,20250520135921,2022-06-26 14:54:30,coriolis,6903059
coriolis/6903059/profiles/D6903059_189.nc,20220628145530.0,22.539,62.334,I,844,IF,20250520135921,2022-06-28 14:55:30,coriolis,6903059
coriolis/6903059/profiles/D6903059_190.nc,20220630145530.0,21.972,62.484,I,844,IF,20250520135921,2022-06-30 14:55:30,coriolis,6903059
coriolis/6903059/profiles/D6903059_191.nc,20220702145330.0,21.418,62.199,I,844,IF,20250520135921,2022-07-02 14:53:30,coriolis,6903059
coriolis/6903059/profiles/D6903059_192.nc,20220704145930.0,21.212,61.769,I,844,IF,20250520135921,2022-07-04 14:59:30,coriolis,6903059
coriolis/6903059/profiles/D6903059_193.nc,20220706145930.0,21.33,61.304,I,844,IF,20250520135921,2022-07-06 14:59:30,coriolis,6903059
coriolis/6903059/profiles/D6903059_194.nc,20220708145530.0,21.673,60.907,I,844,IF,20250520135921,2022-07-08 14:55:30,coriolis,6903059
coriolis/6903059/profiles/D6903059_195.nc,20220710145630.0,22.321,60.707,I,844,IF,20250520135921,2022-07-10 14:56:30,coriolis,6903059
coriolis/6903059/profiles/D6903059_196.nc,20220712150030.0,22.901,60.923,I,844,IF,20250520135921,2022-07-12 15:00:30,coriolis,6903059
coriolis/6903059/profiles/D6903059_197.nc,20220714145430.0,23.144,61.416,I,844,IF,20250520135921,2022-07-14 14:54:30,coriolis,6903059
coriolis/6903059/profiles/D6903059_198.nc,20220716145330.0,22.968,61.812,I,844,IF,20250520135921,2022-07-16 14:53:30,coriolis,6903059
coriolis/6903059/profiles/D6903059_199.nc,20220718145630.0,22.395,61.887,I,844,IF,20250520135921,2022-07-18 14:56:30,coriolis,6903059
coriolis/6903059/profiles/D6903059_200.nc,20220720145330.0,21.912,61.371,I,844,IF,20250520135921,2022-07-20 14:53:30,coriolis,6903059
coriolis/6903059/profiles/D6903059_201.nc,20220722145230.0,22.087,60.746,I,844,IF,20250520135921,2022-07-22 14:52:30,coriolis,6903059
coriolis/6903059/profiles/D6903059_202.nc,20220724145230.0,22.772,60.708,I,844,IF,20250520135921,2022-07-24 14:52:30,coriolis,6903059
coriolis/6903059/profiles/D6903059_203.nc,20220726145130.0,23.096,61.237,I,844,IF,20250520135921,2022-07-26 14:51:30,coriolis,6903059
coriolis/6903059/profiles/D6903059_204.nc,20220728145230.0,22.715,61.612,I,844,IF,20250520135921,2022-07-28 14:52:30,coriolis,6903059
coriolis/6903059/profiles/D6903059_205.nc,20220730145030.0,22.118,61.361,I,844,IF,20250520135921,2022-07-30 14:50:30,coriolis,6903059
coriolis/6903059/profiles/D6903059_206.nc,20220801145530.0,21.984,60.793,I,844,IF,20250520135921,2022-08-01 14:55:30,coriolis,6903059
coriolis/6903059/profiles/D6903059_207.nc,20220803145830.0,22.469,60.576,I,844,IF,20250520135921,2022-08-03 14:58:30,coriolis,6903059
coriolis/6903059/profiles/D6903059_208.nc,20220805145630.0,23.078,61.035,I,844,IF,20250520135921,2022-08-05 14:56:30,coriolis,6903059
coriolis/6903059/profiles/D6903059_209.nc,20220807145130.0,23.034,61.583,I,844,IF,20250520135921,2022-08-07 14:51:30,coriolis,6903059
coriolis/6903059/profiles/D6903059_210.nc,20220809145730.0,22.529,61.63,I,844,IF,20250520135921,2022-08-09 14:57:30,coriolis,6903059
coriolis/6903059/profiles/D6903059_211.nc,20220811145230.0,22.112,61.044,I,844,IF,20250520135921,2022-08-11 14:52:30,coriolis,6903059
coriolis/6903059/profiles/D6903059_212.nc,20220813145630.0,22.307,60.577,I,844,IF,20250520135921,2022-08-13 14:56:30,coriolis,6903059
coriolis/6903059/profiles/D6903059_213.nc,20220815145830.0,22.841,60.755,I,844,IF,20250520135921,2022-08-15 14:58:30,coriolis,6903059
coriolis/6903059/profiles/D6903059_214.nc,20220817145830.0,23.001,61.41,I,844,IF,20250520135921,2022-08-17 14:58:30,coriolis,6903059
coriolis/6903059/profiles/D6903059_215.nc,20220819145530.0,22.487,61.577,I,844,IF,20250520135921,2022-08-19 14:55:30,coriolis,6903059
coriolis/6903059/profiles/D6903059_216.nc,20220821145430.0,22.094,61.028,I,844,IF,20250520135921,2022-08-21 14:54:30,coriolis,6903059
coriolis/6903059/profiles/D6903059_217.nc,20220823145130.0,22.21,60.585,I,844,IF,20250520135921,2022-08-23 14:51:30,coriolis,6903059
coriolis/6903059/profiles/D6903059_218.nc,20220825145330.0,22.595,60.631,I,844,IF,20250520135921,2022-08-25 14:53:30,coriolis,6903059
coriolis/6903059/profiles/D6903059_219.nc,20220827145330.0,22.827,61.137,I,844,IF,20250520135921,2022-08-27 14:53:30,coriolis,6903059
coriolis/6903059/profiles/D6903059_220.nc,20220829145230.0,22.634,61.548,I,844,IF,20250520135921,2022-08-29 14:52:30,coriolis,6903059
coriolis/6903059/profiles/D6903059_221.nc,20220831144930.0,22.231,61.432,I,844,IF,20250520135921,2022-08-31 14:49:30,coriolis,6903059
coriolis/6903059/profiles/D6903059_222.nc,20220902145630.0,22.104,60.84,I,844,IF,20250520135921,2022-09-02 14:56:30,coriolis,6903059
coriolis/6903059/profiles/D6903059_223.nc,20220904145830.0,22.327,60.448,I,844,IF,20250520135921,2022-09-04 14:58:30,coriolis,6903059
coriolis/6903059/profiles/D6903059_224.nc,20220906145530.0,22.727,60.621,I,844,IF,20250520135921,2022-09-06 14:55:30,coriolis,6903059
coriolis/6903059/profiles/D6903059_225.nc,20220908145730.0,23.047,61.307,I,844,IF,20250520135921,2022-09-08 14:57:30,coriolis,6903059
coriolis/6903059/profiles/D6903059_226.nc,20220910145530.0,22.986,61.82,I,844,IF,20250520135921,2022-09-10 14:55:30,coriolis,6903059
coriolis/6903059/profiles/D6903059_227.nc,20220912145030.0,22.741,62.004,I,844,IF,20250520135921,2022-09-12 14:50:30,coriolis,6903059
coriolis/6903059/profiles/D6903059_228.nc,20220914145030.0,22.383,61.866,I,844,IF,20250520135921,2022-09-14 14:50:30,coriolis,6903059
coriolis/6903059/profiles/D6903059_229.nc,20220916145330.0,22.22,61.337,I,844,IF,20250520135921,2022-09-16 14:53:30,coriolis,6903059
coriolis/6903059/profiles/D6903059_230.nc,20220918145730.0,22.515,60.828,I,844,IF,20250520135921,2022-09-18 14:57:30,coriolis,6903059
coriolis/6903059/profiles/D6903059_231.nc,20220920145430.0,22.996,60.856,I,844,IF,20250520135921,2022-09-20 14:54:30,coriolis,6903059
coriolis/6903059/profiles/D6903059_232.nc,20220922145430.0,23.345,61.482,I,844,IF,20250520135921,2022-09-22 14:54:30,coriolis,6903059
coriolis/6903059/profiles/D6903059_233.nc,20220924145430.0,23.137,61.932,I,844,IF,20250520135921,2022-09-24 14:54:30,coriolis,6903059
coriolis/6903059/profiles/D6903059_234.nc,20220926145830.0,22.641,61.925,I,844,IF,20250520135921,2022-09-26 14:58:30,coriolis,6903059
coriolis/6903059/profiles/D6903059_235.nc,20220928145230.0,22.274,61.447,I,844,IF,20250520135921,2022-09-28 14:52:30,coriolis,6903059
coriolis/6903059/profiles/D6903059_236.nc,20220930144330.0,22.201,60.839,I,844,IF,20250520135921,2022-09-30 14:43:30,coriolis,6903059
coriolis/6903059/profiles/D6903059_237.nc,20221002144630.0,22.389,60.416,I,844,IF,20250520135921,2022-10-02 14:46:30,coriolis,6903059
coriolis/6903059/profiles/D6903059_238.nc,20221004145230.0,22.691,60.244,I,844,IF,20250520135921,2022-10-04 14:52:30,coriolis,6903059
coriolis/6903059/profiles/D6903059_239.nc,20221006144930.0,23.057,60.326,I,844,IF,20250520135921,2022-10-06 14:49:30,coriolis,6903059
coriolis/6903059/profiles/D6903059_240.nc,20221008144930.0,23.567,60.789,I,844,IF,20250520135921,2022-10-08 14:49:30,coriolis,6903059
coriolis/6903059/profiles/D6903059_241.nc,20221010144930.0,23.931,61.29,I,844,IF,20250520135921,2022-10-10 14:49:30,coriolis,6903059
coriolis/6903059/profiles/D6903059_242.nc,20221012145630.0,24.062,61.591,I,844,IF,20250520135921,2022-10-12 14:56:30,coriolis,6903059
coriolis/6903059/profiles/D6903059_243.nc,20221014145930.0,24.115,61.739,I,844,IF,20250520135921,2022-10-14 14:59:30,coriolis,6903059
coriolis/6903059/profiles/D6903059_244.nc,20221016150130.0,24.122,61.827,I,844,IF,20250520135921,2022-10-16 15:01:30,coriolis,6903059
coriolis/6903059/profiles/D6903059_245.nc,20221018145630.0,24.097,61.909,I,844,IF,20250520135921,2022-10-18 14:56:30,coriolis,6903059
coriolis/6903059/profiles/D6903059_246.nc,20221020145630.0,24.039,61.986,I,844,IF,20250520135921,2022-10-20 14:56:30,coriolis,6903059
coriolis/6903059/profiles/D6903059_247.nc,20221022145430.0,23.951,62.064,I,844,IF,20250520135921,2022-10-22 14:54:30,coriolis,6903059
coriolis/6903059/profiles/D6903059_248.nc,20221024145530.0,23.814,62.102,I,844,IF,20250520135921,2022-10-24 14:55:30,coriolis,6903059
coriolis/6903059/profiles/D6903059_249.nc,20221026145830.0,23.627,62.136,I,844,IF,20250520135921,2022-10-26 14:58:30,coriolis,6903059
coriolis/6903059/profiles/D6903059_250.nc,20221028145430.0,23.4,62.127,I,844,IF,20250520135921,2022-10-28 14:54:30,coriolis,6903059
coriolis/6903059/profiles/D6903059_251.nc,20221030145430.0,23.194,62.092,I,844,IF,20250520135921,2022-10-30 14:54:30,coriolis,6903059
coriolis/6903059/profiles/D6903059_252.nc,20221101145730.0,22.969,61.996,I,844,IF,20250520135921,2022-11-01 14:57:30,coriolis,6903059
coriolis/6903059/profiles/D6903059_253.nc,20221103145730.0,22.793,61.895,I,844,IF,20250520135921,2022-11-03 14:57:30,coriolis,6903059
coriolis/6903059/profiles/D6903059_254.nc,20221105144730.0,22.632,61.734,I,844,IF,20250520135921,2022-11-05 14:47:30,coriolis,6903059
coriolis/6903059/profiles/D6903059_255.nc,20221107145030.0,22.489,61.576,I,844,IF,20250520135921,2022-11-07 14:50:30,coriolis,6903059
coriolis/6903059/profiles/D6903059_256.nc,20221109145230.0,22.389,61.431,I,844,IF,20250520135921,2022-11-09 14:52:30,coriolis,6903059
coriolis/6903059/profiles/D6903059_257.nc,20221111145930.0,22.317,61.32,I,844,IF,20250520135921,2022-11-11 14:59:30,coriolis,6903059
coriolis/6903059/profiles/D6903059_258.nc,20221113145130.0,22.26,61.223,I,844,IF,20250520135921,2022-11-13 14:51:30,coriolis,6903059
coriolis/6903059/profiles/D6903059_259.nc,20221115145730.0,22.208,61.189,I,844,IF,20250520135921,2022-11-15 14:57:30,coriolis,6903059
coriolis/6903059/profiles/D6903059_260.nc,20221117145830.0,22.185,61.218,I,844,IF,20250520135921,2022-11-17 14:58:30,coriolis,6903059
coriolis/6903059/profiles/D6903059_261.nc,20221119145430.0,22.173,61.288,I,844,IF,20250520135921,2022-11-19 14:54:30,coriolis,6903059
coriolis/6903059/profiles/D6903059_262.nc,20221121145330.0,22.14,61.396,I,844,IF,20250520135921,2022-11-21 14:53:30,coriolis,6903059
coriolis/6903059/profiles/D6903059_263.nc,20221123144730.0,22.097,61.542,I,844,IF,20250520135921,2022-11-23 14:47:30,coriolis,6903059
coriolis/6903059/profiles/D6903059_264.nc,20221125145130.0,22.039,61.711,I,844,IF,20250520135921,2022-11-25 14:51:30,coriolis,6903059
coriolis/6903059/profiles/D6903059_265.nc,20221127145530.0,21.991,61.946,I,844,IF,20250520135921,2022-11-27 14:55:30,coriolis,6903059
coriolis/6903059/profiles/D6903059_266.nc,20221129145130.0,21.947,62.145,I,844,IF,20250520135921,2022-11-29 14:51:30,coriolis,6903059
coriolis/6903059/profiles/D6903059_267.nc,20221201145030.0,21.916,62.361,I,844,IF,20250520135921,2022-12-01 14:50:30,coriolis,6903059
coriolis/6903059/profiles/D6903059_268.nc,20221203145230.0,21.908,62.575,I,844,IF,20250520135921,2022-12-03 14:52:30,coriolis,6903059
coriolis/6903059/profiles/D6903059_269.nc,20221205145030.0,21.869,62.755,I,844,IF,20250520135921,2022-12-05 14:50:30,coriolis,6903059
coriolis/6903059/profiles/D6903059_270.nc,20221207145430.0,21.773,62.948,I,844,IF,20250520135921,2022-12-07 14:54:30,coriolis,6903059
coriolis/6903059/profiles/D6903059_271.nc,20221209145630.0,21.619,63.175,I,844,IF,20250520135921,2022-12-09 14:56:30,coriolis,6903059
coriolis/6903059/profiles/D6903059_272.nc,20221211145130.0,21.471,63.449,I,844,IF,20250520135921,2022-12-11 14:51:30,coriolis,6903059
coriolis/6903059/profiles/D6903059_273.nc,20221213144830.0,21.421,63.628,I,844,IF,20250520135921,2022-12-13 14:48:30,coriolis,6903059
coriolis/6903059/profiles/D6903059_274.nc,20221215145430.0,21.414,63.751,I,844,IF,20250520135921,2022-12-15 14:54:30,coriolis,6903059
coriolis/6903059/profiles/D6903059_275.nc,20221217144930.0,21.457,63.843,I,844,IF,20250520135921,2022-12-17 14:49:30,coriolis,6903059
coriolis/6903059/profiles/D6903059_276.nc,20221219080430.0,21.521,63.905,I,844,IF,20250520135921,2022-12-19 08:04:30,coriolis,6903059
coriolis/6903059/profiles/D6903059_277.nc,20221221145030.0,21.633,63.974,I,844,IF,20250520135921,2022-12-21 14:50:30,coriolis,6903059
coriolis/6903059/profiles/D6903059_278.nc,20221223144830.0,21.723,64.012,I,844,IF,20250520135921,2022-12-23 14:48:30,coriolis,6903059
coriolis/6903059/profiles/D6903059_279.nc,20221225144530.0,21.814,64.021,I,844,IF,20250520135921,2022-12-25 14:45:30,coriolis,6903059
coriolis/6903059/profiles/D6903059_280.nc,20221227145630.0,21.905,64.018,I,844,IF,20250520135921,2022-12-27 14:56:30,coriolis,6903059
coriolis/6903059/profiles/D6903059_281.nc,20221229144730.0,22.005,64.012,I,844,IF,20250520135921,2022-12-29 14:47:30,coriolis,6903059
coriolis/6903059/profiles/D6903059_282.nc,20221231144630.0,22.094,63.989,I,844,IF,20250520135921,2022-12-31 14:46:30,coriolis,6903059
coriolis/6903059/profiles/D6903059_283.nc,20230102144830.0,22.153,63.956,I,844,IF,20250520135921,2023-01-02 14:48:30,coriolis,6903059
coriolis/6903059/profiles/D6903059_284.nc,20230104145130.0,22.189,63.904,I,844,IF,20250520135921,2023-01-04 14:51:30,coriolis,6903059
coriolis/6903059/profiles/D6903059_285.nc,20230106145330.0,22.223,63.851,I,844,IF,20250520135921,2023-01-06 14:53:30,coriolis,6903059
coriolis/6903059/profiles/D6903059_286.nc,20230108145730.0,22.236,63.796,I,844,IF,20250520135921,2023-01-08 14:57:30,coriolis,6903059
coriolis/6903059/profiles/D6903059_287.nc,20230110144830.0,22.237,63.717,I,844,IF,20250520135921,2023-01-10 14:48:30,coriolis,6903059
coriolis/6903059/profiles/D6903059_288.nc,20230112144930.0,22.223,63.628,I,844,IF,20250520135921,2023-01-12 14:49:30,coriolis,6903059
coriolis/6903059/profiles/D6903059_289.nc,20230114150130.0,22.175,63.531,I,844,IF,20250520135921,2023-01-14 15:01:30,coriolis,6903059
coriolis/6903059/profiles/D6903059_290.nc,20230116145630.0,22.113,63.46,I,844,IF,20250520135921,2023-01-16 14:56:30,coriolis,6903059
coriolis/6903059/profiles/D6903059_291.nc,20230118145330.0,22.048,63.435,I,844,IF,20250520135921,2023-01-18 14:53:30,coriolis,6903059
coriolis/6903059/profiles/D6903059_292.nc,20230120145630.0,21.964,63.464,I,844,IF,20250520135921,2023-01-20 14:56:30,coriolis,6903059
coriolis/6903059/profiles/D6903059_293.nc,20230122145630.0,21.892,63.533,I,844,IF,20250520135921,2023-01-22 14:56:30,coriolis,6903059
coriolis/6903059/profiles/D6903059_294.nc,20230124145430.0,21.831,63.641,I,844,IF,20250520135921,2023-01-24 14:54:30,coriolis,6903059
coriolis/6903059/profiles/D6903059_295.nc,20230126145530.0,21.753,63.823,I,844,IF,20250520135921,2023-01-26 14:55:30,coriolis,6903059
coriolis/6903059/profiles/D6903059_296.nc,20230128145130.0,21.712,64.077,I,844,IF,20250520135921,2023-01-28 14:51:30,coriolis,6903059
coriolis/6903059/profiles/D6903059_297.nc,20230130145430.0,21.695,64.287,I,844,IF,20250520135921,2023-01-30 14:54:30,coriolis,6903059
coriolis/6903059/profiles/D6903059_298.nc,20230201144330.0,21.679,64.453,I,844,IF,20250520135921,2023-02-01 14:43:30,coriolis,6903059
coriolis/6903059/profiles/D6903059_299.nc,20230203145730.0,21.662,64.593,I,844,IF,20250520135921,2023-02-03 14:57:30,coriolis,6903059
coriolis/6903059/profiles/D6903059_300.nc,20230205150530.0,21.62,64.726,I,844,IF,20250520135921,2023-02-05 15:05:30,coriolis,6903059
coriolis/6903059/profiles/D6903059_301.nc,20230207145230.0,21.588,64.86,I,844,IF,20250520135921,2023-02-07 14:52:30,coriolis,6903059
coriolis/6903059/profiles/D6903059_302.nc,20230209145030.0,21.585,64.972,I,844,IF,20250520135921,2023-02-09 14:50:30,coriolis,6903059
coriolis/6903059/profiles/D6903059_303.nc,20230211144930.0,21.616,65.045,I,844,IF,20250520135921,2023-02-11 14:49:30,coriolis,6903059
coriolis/6903059/profiles/D6903059_304.nc,20230213145730.0,21.663,65.062,I,844,IF,20250520135921,2023-02-13 14:57:30,coriolis,6903059
coriolis/6903059/profiles/D6903059_305.nc,20230215145430.0,21.708,65.049,I,844,IF,20250520135921,2023-02-15 14:54:30,coriolis,6903059
coriolis/6903059/profiles/D6903059_306.nc,20230217145530.0,21.773,65.037,I,844,IF,20250520135921,2023-02-17 14:55:30,coriolis,6903059
coriolis/6903059/profiles/D6903059_307.nc,20230219145230.0,21.833,65.01,I,844,IF,20250520135921,2023-02-19 14:52:30,coriolis,6903059
coriolis/6903059/profiles/D6903059_308.nc,20230221145330.0,21.905,64.966,I,844,IF,20250520135921,2023-02-21 14:53:30,coriolis,6903059
coriolis/6903059/profiles/D6903059_309.nc,20230223145530.0,21.959,64.905,I,844,IF,20250520135921,2023-02-23 14:55:30,coriolis,6903059
coriolis/6903059/profiles/D6903059_310.nc,20230225144830.0,21.984,64.828,I,844,IF,20250520135921,2023-02-25 14:48:30,coriolis,6903059
coriolis/6903059/profiles/D6903059_311.nc,20230227145230.0,22.012,64.73,I,844,IF,20250520135921,2023-02-27 14:52:30,coriolis,6903059
coriolis/6903059/profiles/D6903059_312.nc,20230301144930.0,21.976,64.635,I,844,IF,20250520135921,2023-03-01 14:49:30,coriolis,6903059
coriolis/6903059/profiles/D6903059_313.nc,20230303145030.0,21.87,64.539,I,844,IF,20250520135921,2023-03-03 14:50:30,coriolis,6903059
coriolis/6903059/profiles/D6903059_314.nc,20230305145730.0,21.688,64.497,I,844,IF,20250520135921,2023-03-05 14:57:30,coriolis,6903059
coriolis/6903059/profiles/D6903059_315.nc,20230307145130.0,21.5,64.636,I,844,IF,20250520135921,2023-03-07 14:51:30,coriolis,6903059
coriolis/6903059/profiles/D6903059_316.nc,20230309145830.0,21.506,64.804,I,844,IF,20250520135921,2023-03-09 14:58:30,coriolis,6903059
coriolis/6903059/profiles/D6903059_317.nc,20230311144830.0,21.595,64.841,I,844,IF,20250520135921,2023-03-11 14:48:30,coriolis,6903059
coriolis/6903059/profiles/D6903059_318.nc,20230313150330.0,21.729,64.731,I,844,IF,20250520135921,2023-03-13 15:03:30,coriolis,6903059
coriolis/6903059/profiles/D6903059_319.nc,20230315145630.0,21.743,64.504,I,844,IF,20250520135921,2023-03-15 14:56:30,coriolis,6903059
coriolis/6903059/profiles/D6903059_320.nc,20230317145630.0,21.55,64.384,I,844,IF,20250520135921,2023-03-17 14:56:30,coriolis,6903059
coriolis/6903059/profiles/D6903059_321.nc,20230319145230.0,21.359,64.519,I,844,IF,20250520135921,2023-03-19 14:52:30,coriolis,6903059
coriolis/6903059/profiles/D6903059_322.nc,20230321144130.0,21.348,64.654,I,844,IF,20250520135921,2023-03-21 14:41:30,coriolis,6903059
coriolis/6903059/profiles/D6903059_323.nc,20230323145230.0,21.4,64.704,I,844,IF,20250520135921,2023-03-23 14:52:30,coriolis,6903059
coriolis/6903059/profiles/D6903059_324.nc,20230325144630.0,21.442,64.684,I,844,IF,20250520135921,2023-03-25 14:46:30,coriolis,6903059
coriolis/6903059/profiles/D6903059_325.nc,20230327145230.0,21.508,64.535,I,844,IF,20250520135921,2023-03-27 14:52:30,coriolis,6903059
coriolis/6903059/profiles/D6903059_326.nc,20230329144730.0,21.444,64.299,I,844,IF,20250520135921,2023-03-29 14:47:30,coriolis,6903059
coriolis/6903059/profiles/D6903059_327.nc,20230331145530.0,21.229,64.265,I,844,IF,20250520135921,2023-03-31 14:55:30,coriolis,6903059
coriolis/6903059/profiles/D6903059_328.nc,20230402145330.0,21.107,64.472,I,844,IF,20250520135921,2023-04-02 14:53:30,coriolis,6903059
coriolis/6903059/profiles/D6903059_329.nc,20230404145230.0,21.143,64.648,I,844,IF,20250520135921,2023-04-04 14:52:30,coriolis,6903059
coriolis/6903059/profiles/D6903059_330.nc,20230406144930.0,21.209,64.738,I,844,IF,20250520135921,2023-04-06 14:49:30,coriolis,6903059
coriolis/6903059/profiles/D6903059_331.nc,20230408144730.0,21.281,64.765,I,844,IF,20250520135921,2023-04-08 14:47:30,coriolis,6903059
coriolis/6903059/profiles/D6903059_332.nc,20230410145630.0,21.353,64.743,I,844,IF,20250520135921,2023-04-10 14:56:30,coriolis,6903059
coriolis/6903059/profiles/D6903059_333.nc,20230412145730.0,21.434,64.653,I,844,IF,20250520135921,2023-04-12 14:57:30,coriolis,6903059
coriolis/6903059/profiles/D6903059_334.nc,20230414145530.0,21.355,64.445,I,844,IF,20250520135921,2023-04-14 14:55:30,coriolis,6903059
coriolis/6903059/profiles/D6903059_335.nc,20230416145230.0,21.269,64.555,I,844,IF,20250520135921,2023-04-16 14:52:30,coriolis,6903059
coriolis/6903059/profiles/D6903059_336.nc,20230418145430.0,21.361,64.732,I,844,IF,20250520135921,2023-04-18 14:54:30,coriolis,6903059
coriolis/6903059/profiles/D6903059_337.nc,20230420145230.0,21.511,64.763,I,844,IF,20250520135921,2023-04-20 14:52:30,coriolis,6903059
coriolis/6903059/profiles/D6903059_338.nc,20230422145030.0,21.545,64.573,I,844,IF,20250520135921,2023-04-22 14:50:30,coriolis,6903059
coriolis/6903059/profiles/D6903059_339.nc,20230424144730.0,21.386,64.673,I,844,IF,20250520135921,2023-04-24 14:47:30,coriolis,6903059
coriolis/6903059/profiles/D6903059_340.nc,20230426145330.0,21.509,64.854,I,844,IF,20250520135921,2023-04-26 14:53:30,coriolis,6903059
coriolis/6903059/profiles/D6903059_341.nc,20230428145630.0,21.627,64.886,I,844,IF,20250520135921,2023-04-28 14:56:30,coriolis,6903059
coriolis/6903059/profiles/D6903059_342.nc,20230430145030.0,21.669,64.818,I,844,IF,20250520135921,2023-04-30 14:50:30,coriolis,6903059
coriolis/6903059/profiles/D6903059_343.nc,20230502145730.0,21.525,64.873,I,844,IF,20250520135921,2023-05-02 14:57:30,coriolis,6903059
coriolis/6903059/profiles/D6903059_344.nc,20230504145630.0,21.675,65.127,I,844,IF,20250520135921,2023-05-04 14:56:30,coriolis,6903059
coriolis/6903059/profiles/D6903059_345.nc,20230506145530.0,21.822,65.075,I,844,IF,20250520135921,2023-05-06 14:55:30,coriolis,6903059
coriolis/6903059/profiles/D6903059_346.nc,20230508145030.0,21.737,65.122,I,844,IF,20250520135921,2023-05-08 14:50:30,coriolis,6903059
coriolis/6903059/profiles/D6903059_347.nc,20230510145230.0,21.888,65.368,I,844,IF,20250520135921,2023-05-10 14:52:30,coriolis,6903059
coriolis/6903059/profiles/D6903059_348.nc,20230512145030.0,22.075,65.318,I,844,IF,20250520135921,2023-05-12 14:50:30,coriolis,6903059
coriolis/6903059/profiles/D6903059_349.nc,20230514145630.0,22.013,65.222,I,844,IF,20250520135921,2023-05-14 14:56:30,coriolis,6903059
coriolis/6903059/profiles/D6903059_350.nc,20230516145630.0,21.946,65.397,I,844,IF,20250520135921,2023-05-16 14:56:30,coriolis,6903059
coriolis/6903059/profiles/D6903059_351.nc,20230518150030.0,22.086,65.521,I,844,IF,20250520135921,2023-05-18 15:00:30,coriolis,6903059
coriolis/6903059/profiles/D6903059_352.nc,20230520145630.0,22.274,65.461,I,844,IF,20250520135921,2023-05-20 14:56:30,coriolis,6903059
coriolis/6903059/profiles/D6903059_353.nc,20230522150230.0,22.331,65.295,I,844,IF,20250520135921,2023-05-22 15:02:30,coriolis,6903059
coriolis/6903059/profiles/D6903059_354.nc,20230524145530.0,22.297,65.21,I,844,IF,20250520135921,2023-05-24 14:55:30,coriolis,6903059
coriolis/6903059/profiles/D6903059_355.nc,20230526145030.0,22.208,65.237,I,844,IF,20250520135921,2023-05-26 14:50:30,coriolis,6903059
coriolis/6903059/profiles/D6903059_356.nc,20230528145430.0,22.226,65.373,I,844,IF,20250520135921,2023-05-28 14:54:30,coriolis,6903059
coriolis/6903059/profiles/D6903059_357.nc,20230530145830.0,22.362,65.425,I,844,IF,20250520135921,2023-05-30 14:58:30,coriolis,6903059
coriolis/6903059/profiles/D6903059_358.nc,20230601145830.0,22.534,65.36,I,844,IF,20250520135921,2023-06-01 14:58:30,coriolis,6903059
coriolis/6903059/profiles/D6903059_359.nc,20230603145430.0,22.652,65.231,I,844,IF,20250520135921,2023-06-03 14:54:30,coriolis,6903059
coriolis/6903059/profiles/D6903059_360.nc,20230605145530.0,22.686,65.091,I,844,IF,20250520135921,2023-06-05 14:55:30,coriolis,6903059
coriolis/6903059/profiles/D6903059_361.nc,20230607145530.0,22.605,65.019,I,844,IF,20250520135921,2023-06-07 14:55:30,coriolis,6903059
coriolis/6903059/profiles/D6903059_362.nc,20230609145830.0,22.523,65.168,I,844,IF,20250520135921,2023-06-09 14:58:30,coriolis,6903059
coriolis/6903059/profiles/D6903059_363.nc,20230611145430.0,22.684,65.177,I,844,IF,20250520135921,2023-06-11 14:54:30,coriolis,6903059
coriolis/6903059/profiles/D6903059_364.nc,20230613150630.0,22.721,65.008,I,844,IF,20250520135921,2023-06-13 15:06:30,coriolis,6903059
coriolis/6903059/profiles/D6903059_365.nc,20230615145530.0,22.582,65.003,I,844,IF,20250520135921,2023-06-15 14:55:30,coriolis,6903059
coriolis/6903059/profiles/D6903059_366.nc,20230617145530.0,22.591,65.106,I,844,IF,20250520135921,2023-06-17 14:55:30,coriolis,6903059
coriolis/6903059/profiles/D6903059_367.nc,20230619145630.0,22.741,65.149,I,844,IF,20250520135921,2023-06-19 14:56:30,coriolis,6903059
coriolis/6903059/profiles/D6903059_368.nc,20230621145630.0,22.838,65.088,I,844,IF,20250520135921,2023-06-21 14:56:30,coriolis,6903059
coriolis/6903059/profiles/D6903059_369.nc,20230623145830.0,22.83,64.981,I,844,IF,20250520135921,2023-06-23 14:58:30,coriolis,6903059
coriolis/6903059/profiles/D6903059_370.nc,20230625145430.0,22.687,64.958,I,844,IF,20250520135921,2023-06-25 14:54:30,coriolis,6903059
coriolis/6903059/profiles/D6903059_371.nc,20230627145630.0,22.642,65.088,I,844,IF,20250520135921,2023-06-27 14:56:30,coriolis,6903059
coriolis/6903059/profiles/D6903059_372.nc,20230629145730.0,22.736,65.058,I,844,IF,20250520135921,2023-06-29 14:57:30,coriolis,6903059
coriolis/6903059/profiles/D6903059_373.nc,20230701150830.0,22.658,64.831,I,844,IF,20250520135921,2023-07-01 15:08:30,coriolis,6903059
coriolis/6903059/profiles/D6903059_374.nc,20230703145230.0,22.507,64.856,I,844,IF,20250520135921,2023-07-03 14:52:30,coriolis,6903059
coriolis/6903059/profiles/D6903059_375.nc,20230705145430.0,22.544,64.932,I,844,IF,20250520135921,2023-07-05 14:54:30,coriolis,6903059
coriolis/6903059/profiles/D6903059_376.nc,20230707145630.0,22.612,64.829,I,844,IF,20250520135921,2023-07-07 14:56:30,coriolis,6903059
coriolis/6903059/profiles/D6903059_377.nc,20230709145230.0,22.567,64.568,I,844,IF,20250520135921,2023-07-09 14:52:30,coriolis,6903059
coriolis/6903059/profiles/D6903059_378.nc,20230711145230.0,22.391,64.58,I,844,IF,20250520135921,2023-07-11 14:52:30,coriolis,6903059
coriolis/6903059/profiles/D6903059_379.nc,20230713145930.0,22.447,64.587,I,844,IF,20250520135921,2023-07-13 14:59:30,coriolis,6903059
coriolis/6903059/profiles/D6903059_380.nc,20230715145430.0,22.511,64.346,I,844,IF,20250520135921,2023-07-15 14:54:30,coriolis,6903059
coriolis/6903059/profiles/D6903059_381.nc,20230717145730.0,22.356,64.1,I,844,IF,20250520135921,2023-07-17 14:57:30,coriolis,6903059
coriolis/6903059/profiles/D6903059_382.nc,20230719145830.0,22.18,64.106,I,844,IF,20250520135921,2023-07-19 14:58:30,coriolis,6903059
coriolis/6903059/profiles/D6903059_383.nc,20230721145230.0,22.179,64.123,I,844,IF,20250520135921,2023-07-21 14:52:30,coriolis,6903059
coriolis/6903059/profiles/D6903059_384.nc,20230723145330.0,22.276,63.992,I,844,IF,20250520135921,2023-07-23 14:53:30,coriolis,6903059
coriolis/6903059/profiles/D6903059_385.nc,20230725145730.0,22.265,63.731,I,844,IF,20250520135921,2023-07-25 14:57:30,coriolis,6903059
coriolis/6903059/profiles/D6903059_386.nc,20230727145430.0,22.132,63.587,I,844,IF,20250520135921,2023-07-27 14:54:30,coriolis,6903059
coriolis/6903059/profiles/D6903059_387.nc,20230729145330.0,21.96,63.591,I,844,IF,20250520135921,2023-07-29 14:53:30,coriolis,6903059
coriolis/6903059/profiles/D6903059_388.nc,20230731145530.0,21.886,63.659,I,844,IF,20250520135921,2023-07-31 14:55:30,coriolis,6903059
coriolis/6903059/profiles/D6903059_389.nc,20230802145430.0,21.903,63.639,I,844,IF,20250520135921,2023-08-02 14:54:30,coriolis,6903059
coriolis/6903059/profiles/D6903059_390.nc,20230804150030.0,21.959,63.463,I,844,IF,20250520135921,2023-08-04 15:00:30,coriolis,6903059
coriolis/6903059/profiles/D6903059_391.nc,20230806145330.0,21.849,63.25,I,844,IF,20250520135921,2023-08-06 14:53:30,coriolis,6903059
coriolis/6903059/profiles/D6903059_392.nc,20230808145330.0,21.695,63.165,I,844,IF,20250520135921,2023-08-08 14:53:30,coriolis,6903059
coriolis/6903059/profiles/D6903059_393.nc,20230810145830.0,21.57,63.099,I,844,IF,20250520135921,2023-08-10 14:58:30,coriolis,6903059
coriolis/6903059/profiles/D6903059_394.nc,20230812145830.0,21.474,63.023,I,844,IF,20250520135921,2023-08-12 14:58:30,coriolis,6903059
coriolis/6903059/profiles/D6903059_395.nc,20230814145630.0,21.418,62.989,I,844,IF,20250520135921,2023-08-14 14:56:30,coriolis,6903059
coriolis/6903059/profiles/D6903059_396.nc,20230816145530.0,21.372,62.967,I,844,IF,20250520135921,2023-08-16 14:55:30,coriolis,6903059
coriolis/6903059/profiles/D6903059_397.nc,20230818145730.0,21.328,62.94,I,844,IF,20250520135921,2023-08-18 14:57:30,coriolis,6903059
coriolis/6903059/profiles/D6903059_398.nc,20230820145830.0,21.31,62.928,I,844,IF,20250520135921,2023-08-20 14:58:30,coriolis,6903059
coriolis/6903059/profiles/D6903059_399.nc,20230822145630.0,21.273,62.898,I,844,IF,20250520135921,2023-08-22 14:56:30,coriolis,6903059
coriolis/6903059/profiles/D6903059_400.nc,20230824145530.0,21.241,62.879,I,844,IF,20250520135921,2023-08-24 14:55:30,coriolis,6903059
coriolis/6903059/profiles/D6903059_401.nc,20230826145230.0,21.222,62.85,I,844,IF,20250520135921,2023-08-26 14:52:30,coriolis,6903059
coriolis/6903059/profiles/D6903059_402.nc,20230828145630.0,21.196,62.834,I,844,IF,20250520135921,2023-08-28 14:56:30,coriolis,6903059
coriolis/6903059/profiles/D6903059_403.nc,20230830145530.0,21.147,62.816,I,844,IF,20250520135921,2023-08-30 14:55:30,coriolis,6903059
coriolis/6903059/profiles/D6903059_404.nc,20230901145830.0,21.095,62.81,I,844,IF,20250520135921,2023-09-01 14:58:30,coriolis,6903059
coriolis/6903059/profiles/D6903059_405.nc,20230903145130.0,21.054,62.834,I,844,IF,20250520135921,2023-09-03 14:51:30,coriolis,6903059
coriolis/6903059/profiles/D6903059_406.nc,20230905145830.0,21.012,62.902,I,844,IF,20250520135921,2023-09-05 14:58:30,coriolis,6903059
coriolis/6903059/profiles/D6903059_407.nc,20230907145930.0,20.997,62.963,I,844,IF,20250520135921,2023-09-07 14:59:30,coriolis,6903059
coriolis/6903059/profiles/D6903059_408.nc,20230909145230.0,21.008,63.033,I,844,IF,20250520135921,2023-09-09 14:52:30,coriolis,6903059
coriolis/6903059/profiles/D6903059_409.nc,20230911145730.0,21.044,63.067,I,844,IF,20250520135921,2023-09-11 14:57:30,coriolis,6903059
coriolis/6903059/profiles/D6903059_410.nc,20230913150030.0,21.093,63.083,I,844,IF,20250520135921,2023-09-13 15:00:30,coriolis,6903059
coriolis/6903059/profiles/D6903059_411.nc,20230915145530.0,21.171,63.049,I,844,IF,20250520135921,2023-09-15 14:55:30,coriolis,6903059
coriolis/6903059/profiles/D6903059_412.nc,20230917145630.0,21.229,63.009,I,844,IF,20250520135921,2023-09-17 14:56:30,coriolis,6903059
coriolis/6903059/profiles/D6903059_413.nc,20230919145230.0,21.293,62.942,I,844,IF,20250520135921,2023-09-19 14:52:30,coriolis,6903059
coriolis/6903059/profiles/D6903059_414.nc,20230921145130.0,21.331,62.843,I,844,IF,20250520135921,2023-09-21 14:51:30,coriolis,6903059
coriolis/6903059/profiles/D6903059_415.nc,20230923145530.0,21.316,62.742,I,844,IF,20250520135921,2023-09-23 14:55:30,coriolis,6903059
coriolis/6903059/profiles/D6903059_416.nc,20230925145730.0,21.22,62.632,I,844,IF,20250520135921,2023-09-25 14:57:30,coriolis,6903059
coriolis/6903059/profiles/D6903059_417.nc,20230927145930.0,21.091,62.516,I,844,IF,20250520135921,2023-09-27 14:59:30,coriolis,6903059
coriolis/6903059/profiles/D6903059_418.nc,20230929145330.0,20.938,62.425,I,844,IF,20250520135921,2023-09-29 14:53:30,coriolis,6903059
coriolis/6903059/profiles/D6903059_419.nc,20231001145330.0,20.78,62.333,I,844,IF,20250520135921,2023-10-01 14:53:30,coriolis,6903059
coriolis/6903059/profiles/D6903059_420.nc,20231003145730.0,20.645,62.222,I,844,IF,20250520135921,2023-10-03 14:57:30,coriolis,6903059
coriolis/6903059/profiles/D6903059_421.nc,20231005145630.0,20.503,62.121,I,844,IF,20250520135921,2023-10-05 14:56:30,coriolis,6903059
coriolis/6903059/profiles/D6903059_422.nc,20231007145930.0,20.395,62.077,I,844,IF,20250520135921,2023-10-07 14:59:30,coriolis,6903059
coriolis/6903059/profiles/D6903059_423.nc,20231017195830.0,20.28,61.742,I,844,IF,20250520135921,2023-10-17 19:58:30,coriolis,6903059
coriolis/6903059/profiles/D6903059_424.nc,20231028010030.0,19.9,60.649,I,844,IF,20250520135921,2023-10-28 01:00:30,coriolis,6903059
coriolis/6903059/profiles/D6903059_425.nc,20231107055230.0,20.219,60.515,I,844,IF,20250520135921,2023-11-07 05:52:30,coriolis,6903059
coriolis/6903059/profiles/D6903059_426.nc,20231117105030.0,20.562,59.817,I,844,IF,20250520135921,2023-11-17 10:50:30,coriolis,6903059
coriolis/6903059/profiles/D6903059_427.nc,20231127155630.0,21.006,59.791,I,844,IF,20250520135921,2023-11-27 15:56:30,coriolis,6903059
coriolis/6903059/profiles/D6903059_428.nc,20231207205030.0,22.127,60.792,I,844,IF,20250520135921,2023-12-07 20:50:30,coriolis,6903059
coriolis/6903059/profiles/D6903059_429.nc,20231218015230.0,22.291,62.035,I,844,IF,20250520135921,2023-12-18 01:52:30,coriolis,6903059
coriolis/6903059/profiles/D6903059_430.nc,20231228065430.0,21.701,62.209,I,844,IF,20250520135921,2023-12-28 06:54:30,coriolis,6903059
coriolis/6903060/profiles/D6903060_120.nc,20220101150930.0,23.456,58.867,I,844,IF,20250520141229,2022-01-01 15:09:30,coriolis,6903060
coriolis/6903060/profiles/D6903060_121.nc,20220104143230.0,23.388,58.926,I,844,IF,20250520141229,2022-01-04 14:32:30,coriolis,6903060
coriolis/6903060/profiles/D6903060_122.nc,20220106033130.0,23.352,58.957,I,844,IF,20250520141229,2022-01-06 03:31:30,coriolis,6903060
coriolis/6903060/profiles/D6903060_123.nc,20220107110430.0,23.322,58.951,I,844,IF,20250520141229,2022-01-07 11:04:30,coriolis,6903060
coriolis/6903060/profiles/D6903060_124.nc,20220109150730.0,23.308,58.964,I,844,IF,20250520141229,2022-01-09 15:07:30,coriolis,6903060
coriolis/6903060/profiles/D6903060_125.nc,20220111151730.0,23.305,58.968,I,844,IF,20250520141229,2022-01-11 15:17:30,coriolis,6903060
coriolis/6903060/profiles/D6903060_126.nc,20220113150730.0,23.307,58.966,I,844,IF,20250520141229,2022-01-13 15:07:30,coriolis,6903060
coriolis/6903060/profiles/D6903060_127.nc,20220115150730.0,23.313,58.962,I,844,IF,20250520141229,2022-01-15 15:07:30,coriolis,6903060
coriolis/6903060/profiles/D6903060_128.nc,20220117093630.0,23.324,58.962,I,844,IF,20250520141229,2022-01-17 09:36:30,coriolis,6903060
coriolis/6903060/profiles/D6903060_129.nc,20220119120630.0,23.308,58.989,I,844,IF,20250520141229,2022-01-19 12:06:30,coriolis,6903060
coriolis/6903060/profiles/D6903060_130.nc,20220121144230.0,23.283,59.001,I,844,IF,20250520141229,2022-01-21 14:42:30,coriolis,6903060
coriolis/6903060/profiles/D6903060_131.nc,20220123120530.0,23.318,58.999,I,844,IF,20250520141229,2022-01-23 12:05:30,coriolis,6903060
coriolis/6903060/profiles/D6903060_132.nc,20220125144930.0,23.517,58.89,I,844,IF,20250520141229,2022-01-25 14:49:30,coriolis,6903060
coriolis/6903060/profiles/D6903060_133.nc,20220127144630.0,23.719,58.72,I,844,IF,20250520141229,2022-01-27 14:46:30,coriolis,6903060
coriolis/6903060/profiles/D6903060_134.nc,20220129144930.0,23.793,58.682,I,844,IF,20250520141229,2022-01-29 14:49:30,coriolis,6903060
coriolis/6903060/profiles/D6903060_135.nc,20220131145330.0,23.772,58.738,I,844,IF,20250520141229,2022-01-31 14:53:30,coriolis,6903060
coriolis/6903060/profiles/D6903060_136.nc,20220202145030.0,23.975,58.549,I,844,IF,20250520141229,2022-02-02 14:50:30,coriolis,6903060
coriolis/6903060/profiles/D6903060_137.nc,20220204145330.0,24.008,58.392,I,844,IF,20250520141229,2022-02-04 14:53:30,coriolis,6903060
coriolis/6903060/profiles/D6903060_138.nc,20220206145130.0,24.013,58.324,I,844,IF,20250520141229,2022-02-06 14:51:30,coriolis,6903060
coriolis/6903060/profiles/D6903060_139.nc,20220208145530.0,24.002,58.316,I,844,IF,20250520141229,2022-02-08 14:55:30,coriolis,6903060
coriolis/6903060/profiles/D6903060_140.nc,20220210145630.0,23.983,58.255,I,844,IF,20250520141229,2022-02-10 14:56:30,coriolis,6903060
coriolis/6903060/profiles/D6903060_141.nc,20220212145230.0,23.928,58.383,I,844,IF,20250520141229,2022-02-12 14:52:30,coriolis,6903060
coriolis/6903060/profiles/D6903060_142.nc,20220214145230.0,23.892,58.63,I,844,IF,20250520141229,2022-02-14 14:52:30,coriolis,6903060
coriolis/6903060/profiles/D6903060_143.nc,20220216145530.0,24.219,58.579,I,844,IF,20250520141229,2022-02-16 14:55:30,coriolis,6903060
coriolis/6903060/profiles/D6903060_144.nc,20220218145430.0,24.315,58.268,I,844,IF,20250520141229,2022-02-18 14:54:30,coriolis,6903060
coriolis/6903060/profiles/D6903060_145.nc,20220220145630.0,24.196,57.93,I,844,IF,20250520141229,2022-02-20 14:56:30,coriolis,6903060
coriolis/6903060/profiles/D6903060_146.nc,20220222145230.0,24.18,57.812,I,844,IF,20250520141229,2022-02-22 14:52:30,coriolis,6903060
coriolis/6903060/profiles/D6903060_147.nc,20220224145530.0,24.245,57.657,I,844,IF,20250520141229,2022-02-24 14:55:30,coriolis,6903060
coriolis/6903060/profiles/D6903060_148.nc,20220226145130.0,24.406,57.538,I,844,IF,20250520141229,2022-02-26 14:51:30,coriolis,6903060
coriolis/6903060/profiles/D6903060_149.nc,20220228145630.0,24.634,57.411,I,844,IF,20250520141229,2022-02-28 14:56:30,coriolis,6903060
coriolis/6903060/profiles/D6903060_150.nc,20220302145630.0,24.903,57.482,I,844,IF,20250520141229,2022-03-02 14:56:30,coriolis,6903060
coriolis/6903060/profiles/D6903060_151.nc,20220304145630.0,25.088,57.654,I,844,IF,20250520141229,2022-03-04 14:56:30,coriolis,6903060
coriolis/6903060/profiles/D6903060_152.nc,20220306145330.0,25.044,57.867,I,844,IF,20250520141229,2022-03-06 14:53:30,coriolis,6903060
coriolis/6903060/profiles/D6903060_153.nc,20220308145130.0,24.846,58.006,I,844,IF,20250520141229,2022-03-08 14:51:30,coriolis,6903060
coriolis/6903060/profiles/D6903060_154.nc,20220310145330.0,24.572,57.937,I,844,IF,20250520141229,2022-03-10 14:53:30,coriolis,6903060
coriolis/6903060/profiles/D6903060_155.nc,20220312145230.0,24.441,57.793,I,844,IF,20250520141229,2022-03-12 14:52:30,coriolis,6903060
coriolis/6903060/profiles/D6903060_156.nc,20220314145230.0,24.43,57.688,I,844,IF,20250520141229,2022-03-14 14:52:30,coriolis,6903060
coriolis/6903060/profiles/D6903060_157.nc,20220316144930.0,24.492,57.612,I,844,IF,20250520141229,2022-03-16 14:49:30,coriolis,6903060
coriolis/6903060/profiles/D6903060_158.nc,20220318145830.0,24.613,57.607,I,844,IF,20250520141229,2022-03-18 14:58:30,coriolis,6903060
coriolis/6903060/profiles/D6903060_159.nc,20220320145530.0,24.699,57.639,I,844,IF,20250520141229,2022-03-20 14:55:30,coriolis,6903060
coriolis/6903060/profiles/D6903060_160.nc,20220322145730.0,24.673,57.674,I,844,IF,20250520141229,2022-03-22 14:57:30,coriolis,6903060
coriolis/6903060/profiles/D6903060_161.nc,20220324145830.0,24.522,57.725,I,844,IF,20250520141229,2022-03-24 14:58:30,coriolis,6903060
coriolis/6903060/profiles/D6903060_162.nc,20220326145630.0,24.298,57.77,I,844,IF,20250520141229,2022-03-26 14:56:30,coriolis,6903060
coriolis/6903060/profiles/D6903060_163.nc,20220328145230.0,24.148,57.821,I,844,IF,20250520141229,2022-03-28 14:52:30,coriolis,6903060
coriolis/6903060/profiles/D6903060_164.nc,20220330130330.0,24.058,57.814,I,844,IF,20250520141229,2022-03-30 13:03:30,coriolis,6903060
coriolis/6903060/profiles/D6903060_165.nc,20220401105730.0,24.022,57.866,I,844,IF,20250520141229,2022-04-01 10:57:30,coriolis,6903060
coriolis/6903060/profiles/D6903060_166.nc,20220403144230.0,23.977,58.17,I,844,IF,20250520141229,2022-04-03 14:42:30,coriolis,6903060
coriolis/6903060/profiles/D6903060_167.nc,20220405145030.0,23.91,58.606,I,844,IF,20250520141229,2022-04-05 14:50:30,coriolis,6903060
coriolis/6903060/profiles/D6903060_168.nc,20220407145230.0,23.696,58.87,I,844,IF,20250520141229,2022-04-07 14:52:30,coriolis,6903060
coriolis/6903060/profiles/D6903060_169.nc,20220409145130.0,23.357,59.092,I,844,IF,20250520141229,2022-04-09 14:51:30,coriolis,6903060
coriolis/6903060/profiles/D6903060_170.nc,20220411145730.0,23.078,59.256,I,844,IF,20250520141229,2022-04-11 14:57:30,coriolis,6903060
coriolis/6903060/profiles/D6903060_171.nc,20220413145430.0,22.878,59.32,I,844,IF,20250520141229,2022-04-13 14:54:30,coriolis,6903060
coriolis/6903060/profiles/D6903060_172.nc,20220415145730.0,22.813,59.342,I,844,IF,20250520141229,2022-04-15 14:57:30,coriolis,6903060
coriolis/6903060/profiles/D6903060_173.nc,20220417145030.0,22.942,59.341,I,844,IF,20250520141229,2022-04-17 14:50:30,coriolis,6903060
coriolis/6903060/profiles/D6903060_174.nc,20220419145130.0,22.876,59.708,I,844,IF,20250520141229,2022-04-19 14:51:30,coriolis,6903060
coriolis/6903060/profiles/D6903060_175.nc,20220421145730.0,22.532,60.256,I,844,IF,20250520141229,2022-04-21 14:57:30,coriolis,6903060
coriolis/6903060/profiles/D6903060_176.nc,20220423145030.0,22.673,60.866,I,844,IF,20250520141229,2022-04-23 14:50:30,coriolis,6903060
coriolis/6903060/profiles/D6903060_177.nc,20220425145130.0,22.896,61.679,I,844,IF,20250520141229,2022-04-25 14:51:30,coriolis,6903060
coriolis/6903060/profiles/D6903060_178.nc,20220427145230.0,22.946,62.206,I,844,IF,20250520141229,2022-04-27 14:52:30,coriolis,6903060
coriolis/6903060/profiles/D6903060_179.nc,20220429145430.0,22.985,62.529,I,844,IF,20250520141229,2022-04-29 14:54:30,coriolis,6903060
coriolis/6903060/profiles/D6903060_180.nc,20220501145330.0,23.08,62.736,I,844,IF,20250520141229,2022-05-01 14:53:30,coriolis,6903060
coriolis/6903060/profiles/D6903060_181.nc,20220503145230.0,23.269,62.876,I,844,IF,20250520141229,2022-05-03 14:52:30,coriolis,6903060
coriolis/6903060/profiles/D6903060_182.nc,20220505145830.0,23.505,63.024,I,844,IF,20250520141229,2022-05-05 14:58:30,coriolis,6903060
coriolis/6903060/profiles/D6903060_183.nc,20220507144830.0,23.761,63.111,I,844,IF,20250520141229,2022-05-07 14:48:30,coriolis,6903060
coriolis/6903060/profiles/D6903060_184.nc,20220509145930.0,24.046,63.012,I,844,IF,20250520141229,2022-05-09 14:59:30,coriolis,6903060
coriolis/6903060/profiles/D6903060_185.nc,20220511145530.0,24.242,62.768,I,844,IF,20250520141229,2022-05-11 14:55:30,coriolis,6903060
coriolis/6903060/profiles/D6903060_186.nc,20220513145430.0,24.355,62.596,I,844,IF,20250520141229,2022-05-13 14:54:30,coriolis,6903060
coriolis/6903060/profiles/D6903060_187.nc,20220515145730.0,24.504,62.501,I,844,IF,20250520141229,2022-05-15 14:57:30,coriolis,6903060
coriolis/6903060/profiles/D6903060_188.nc,20220517150030.0,24.634,62.389,I,844,IF,20250520141229,2022-05-17 15:00:30,coriolis,6903060
coriolis/6903060/profiles/D6903060_189.nc,20220519145530.0,24.698,62.301,I,844,IF,20250520141229,2022-05-19 14:55:30,coriolis,6903060
coriolis/6903060/profiles/D6903060_190.nc,20220521145430.0,24.746,62.179,I,844,IF,20250520141229,2022-05-21 14:54:30,coriolis,6903060
coriolis/6903060/profiles/D6903060_191.nc,20220523145930.0,24.773,62.032,I,844,IF,20250520141229,2022-05-23 14:59:30,coriolis,6903060
coriolis/6903060/profiles/D6903060_192.nc,20220525145130.0,24.786,61.851,I,844,IF,20250520141229,2022-05-25 14:51:30,coriolis,6903060
coriolis/6903060/profiles/D6903060_193.nc,20220527144830.0,24.747,61.495,I,844,IF,20250520141229,2022-05-27 14:48:30,coriolis,6903060
coriolis/6903060/profiles/D6903060_194.nc,20220529145730.0,24.806,61.106,I,844,IF,20250520141229,2022-05-29 14:57:30,coriolis,6903060
coriolis/6903060/profiles/D6903060_195.nc,20220531145730.0,24.875,60.849,I,844,IF,20250520141229,2022-05-31 14:57:30,coriolis,6903060
coriolis/6903060/profiles/D6903060_196.nc,20220602142530.0,24.956,60.826,I,844,IF,20250520141229,2022-06-02 14:25:30,coriolis,6903060
coriolis/6903060/profiles/D6903060_197.nc,20220604145030.0,24.896,60.972,I,844,IF,20250520141229,2022-06-04 14:50:30,coriolis,6903060
coriolis/6903060/profiles/D6903060_198.nc,20220606145530.0,24.794,60.907,I,844,IF,20250520141229,2022-06-06 14:55:30,coriolis,6903060
coriolis/6903060/profiles/D6903060_199.nc,20220608145530.0,24.863,60.628,I,844,IF,20250520141229,2022-06-08 14:55:30,coriolis,6903060
coriolis/6903060/profiles/D6903060_200.nc,20220610145730.0,24.783,60.527,I,844,IF,20250520141229,2022-06-10 14:57:30,coriolis,6903060
coriolis/6903060/profiles/D6903060_201.nc,20220612145630.0,24.707,59.908,I,844,IF,20250520141229,2022-06-12 14:56:30,coriolis,6903060
coriolis/6903060/profiles/D6903060_202.nc,20220614145830.0,24.884,59.62,I,844,IF,20250520141229,2022-06-14 14:58:30,coriolis,6903060
coriolis/6903060/profiles/D6903060_203.nc,20220616145630.0,24.952,59.608,I,844,IF,20250520141229,2022-06-16 14:56:30,coriolis,6903060
coriolis/6903060/profiles/D6903060_204.nc,20220618145430.0,24.881,59.607,I,844,IF,20250520141229,2022-06-18 14:54:30,coriolis,6903060
coriolis/6903060/profiles/D6903060_205.nc,20220620145830.0,24.665,59.374,I,844,IF,20250520141229,2022-06-20 14:58:30,coriolis,6903060
coriolis/6903060/profiles/D6903060_206.nc,20220622145530.0,24.83,58.997,I,844,IF,20250520141229,2022-06-22 14:55:30,coriolis,6903060
coriolis/6903060/profiles/D6903060_207.nc,20220624145330.0,25.019,59.001,I,844,IF,20250520141229,2022-06-24 14:53:30,coriolis,6903060
coriolis/6903060/profiles/D6903060_208.nc,20220626145930.0,25.014,58.966,I,844,IF,20250520141229,2022-06-26 14:59:30,coriolis,6903060
coriolis/6903060/profiles/D6903060_209.nc,20220628145830.0,25.005,58.954,I,844,IF,20250520141229,2022-06-28 14:58:30,coriolis,6903060
coriolis/6903060/profiles/D6903060_210.nc,20220630145530.0,25.004,59.117,I,844,IF,20250520141229,2022-06-30 14:55:30,coriolis,6903060
coriolis/6903060/profiles/D6903060_211.nc,20220702145930.0,24.656,59.226,I,844,IF,20250520141229,2022-07-02 14:59:30,coriolis,6903060
coriolis/6903060/profiles/D6903060_212.nc,20220704145730.0,24.247,58.997,I,844,IF,20250520141229,2022-07-04 14:57:30,coriolis,6903060
coriolis/6903060/profiles/D6903060_213.nc,20220706145630.0,23.88,59.031,I,844,IF,20250520141229,2022-07-06 14:56:30,coriolis,6903060
coriolis/6903060/profiles/D6903060_214.nc,20220708145930.0,23.518,59.258,I,844,IF,20250520141229,2022-07-08 14:59:30,coriolis,6903060
coriolis/6903060/profiles/D6903060_215.nc,20220710150330.0,23.296,59.58,I,844,IF,20250520141229,2022-07-10 15:03:30,coriolis,6903060
coriolis/6903060/profiles/D6903060_216.nc,20220712145530.0,23.295,59.857,I,844,IF,20250520141229,2022-07-12 14:55:30,coriolis,6903060
coriolis/6903060/profiles/D6903060_217.nc,20220714145630.0,23.503,60.213,I,844,IF,20250520141229,2022-07-14 14:56:30,coriolis,6903060
coriolis/6903060/profiles/D6903060_218.nc,20220716145530.0,23.836,60.646,I,844,IF,20250520141229,2022-07-16 14:55:30,coriolis,6903060
coriolis/6903060/profiles/D6903060_219.nc,20220718145330.0,24.048,60.974,I,844,IF,20250520141229,2022-07-18 14:53:30,coriolis,6903060
coriolis/6903060/profiles/D6903060_220.nc,20220720150030.0,24.172,61.205,I,844,IF,20250520141229,2022-07-20 15:00:30,coriolis,6903060
coriolis/6903060/profiles/D6903060_221.nc,20220722145130.0,24.09,61.543,I,844,IF,20250520141229,2022-07-22 14:51:30,coriolis,6903060
coriolis/6903060/profiles/D6903060_222.nc,20220724145730.0,24.049,61.823,I,844,IF,20250520141229,2022-07-24 14:57:30,coriolis,6903060
coriolis/6903060/profiles/D6903060_223.nc,20220726145930.0,23.974,62.0,I,844,IF,20250520141229,2022-07-26 14:59:30,coriolis,6903060
coriolis/6903060/profiles/D6903060_224.nc,20220728145330.0,23.817,62.202,I,844,IF,20250520141229,2022-07-28 14:53:30,coriolis,6903060
coriolis/6903060/profiles/D6903060_225.nc,20220730145430.0,23.631,62.462,I,844,IF,20250520141229,2022-07-30 14:54:30,coriolis,6903060
coriolis/6903060/profiles/D6903060_226.nc,20220801145530.0,23.578,62.667,I,844,IF,20250520141229,2022-08-01 14:55:30,coriolis,6903060
coriolis/6903060/profiles/D6903060_227.nc,20220803145330.0,23.62,62.795,I,844,IF,20250520141229,2022-08-03 14:53:30,coriolis,6903060
coriolis/6903060/profiles/D6903060_228.nc,20220805145730.0,23.796,62.873,I,844,IF,20250520141229,2022-08-05 14:57:30,coriolis,6903060
coriolis/6903060/profiles/D6903060_229.nc,20220807150130.0,24.09,62.867,I,844,IF,20250520141229,2022-08-07 15:01:30,coriolis,6903060
coriolis/6903060/profiles/D6903060_230.nc,20220809145530.0,24.418,62.7,I,844,IF,20250520141229,2022-08-09 14:55:30,coriolis,6903060
coriolis/6903060/profiles/D6903060_231.nc,20220811145530.0,24.581,62.423,I,844,IF,20250520141229,2022-08-11 14:55:30,coriolis,6903060
coriolis/6903060/profiles/D6903060_232.nc,20220813145330.0,24.589,62.052,I,844,IF,20250520141229,2022-08-13 14:53:30,coriolis,6903060
coriolis/6903060/profiles/D6903060_233.nc,20220815145330.0,24.434,61.639,I,844,IF,20250520141229,2022-08-15 14:53:30,coriolis,6903060
coriolis/6903060/profiles/D6903060_234.nc,20220817145030.0,24.315,61.326,I,844,IF,20250520141229,2022-08-17 14:50:30,coriolis,6903060
coriolis/6903060/profiles/D6903060_235.nc,20220819145530.0,24.319,61.075,I,844,IF,20250520141229,2022-08-19 14:55:30,coriolis,6903060
coriolis/6903060/profiles/D6903060_236.nc,20220821145730.0,24.388,60.799,I,844,IF,20250520141229,2022-08-21 14:57:30,coriolis,6903060
coriolis/6903060/profiles/D6903060_237.nc,20220823145430.0,24.472,60.478,I,844,IF,20250520141229,2022-08-23 14:54:30,coriolis,6903060
coriolis/6903060/profiles/D6903060_238.nc,20220825145930.0,24.498,60.136,I,844,IF,20250520141229,2022-08-25 14:59:30,coriolis,6903060
coriolis/6903060/profiles/D6903060_239.nc,20220827145330.0,24.452,59.828,I,844,IF,20250520141229,2022-08-27 14:53:30,coriolis,6903060
coriolis/6903060/profiles/D6903060_240.nc,20220829145630.0,24.356,59.531,I,844,IF,20250520141229,2022-08-29 14:56:30,coriolis,6903060
coriolis/6903060/profiles/D6903060_241.nc,20220831145430.0,24.256,59.31,I,844,IF,20250520141229,2022-08-31 14:54:30,coriolis,6903060
coriolis/6903060/profiles/D6903060_242.nc,20220902145430.0,24.147,59.177,I,844,IF,20250520141229,2022-09-02 14:54:30,coriolis,6903060
coriolis/6903060/profiles/D6903060_243.nc,20220904145330.0,24.034,59.084,I,844,IF,20250520141229,2022-09-04 14:53:30,coriolis,6903060
coriolis/6903060/profiles/D6903060_244.nc,20220906145430.0,23.843,59.061,I,844,IF,20250520141229,2022-09-06 14:54:30,coriolis,6903060
coriolis/6903060/profiles/D6903060_245.nc,20220908145830.0,23.549,59.167,I,844,IF,20250520141229,2022-09-08 14:58:30,coriolis,6903060
coriolis/6903060/profiles/D6903060_246.nc,20220910145630.0,23.17,59.448,I,844,IF,20250520141229,2022-09-10 14:56:30,coriolis,6903060
coriolis/6903060/profiles/D6903060_247.nc,20220912145130.0,22.968,59.936,I,844,IF,20250520141229,2022-09-12 14:51:30,coriolis,6903060
coriolis/6903060/profiles/D6903060_248.nc,20220914145330.0,23.199,60.535,I,844,IF,20250520141229,2022-09-14 14:53:30,coriolis,6903060
coriolis/6903060/profiles/D6903060_249.nc,20220916145730.0,23.623,61.277,I,844,IF,20250520141229,2022-09-16 14:57:30,coriolis,6903060
coriolis/6903060/profiles/D6903060_250.nc,20220918145630.0,23.774,61.683,I,844,IF,20250520141229,2022-09-18 14:56:30,coriolis,6903060
coriolis/6903060/profiles/D6903060_251.nc,20220920145030.0,23.795,61.934,I,844,IF,20250520141229,2022-09-20 14:50:30,coriolis,6903060
coriolis/6903060/profiles/D6903060_252.nc,20220922145430.0,23.837,62.125,I,844,IF,20250520141229,2022-09-22 14:54:30,coriolis,6903060
coriolis/6903060/profiles/D6903060_253.nc,20220924145130.0,23.935,62.25,I,844,IF,20250520141229,2022-09-24 14:51:30,coriolis,6903060
coriolis/6903060/profiles/D6903060_254.nc,20220926145230.0,24.019,62.294,I,844,IF,20250520141229,2022-09-26 14:52:30,coriolis,6903060
coriolis/6903060/profiles/D6903060_255.nc,20220928145730.0,24.121,62.316,I,844,IF,20250520141229,2022-09-28 14:57:30,coriolis,6903060
coriolis/6903060/profiles/D6903060_256.nc,20220930145630.0,24.229,62.283,I,844,IF,20250520141229,2022-09-30 14:56:30,coriolis,6903060
coriolis/6903060/profiles/D6903060_257.nc,20221002145730.0,24.326,62.229,I,844,IF,20250520141229,2022-10-02 14:57:30,coriolis,6903060
coriolis/6903060/profiles/D6903060_258.nc,20221004145030.0,24.42,62.11,I,844,IF,20250520141229,2022-10-04 14:50:30,coriolis,6903060
coriolis/6903060/profiles/D6903060_259.nc,20221006145730.0,24.488,61.975,I,844,IF,20250520141229,2022-10-06 14:57:30,coriolis,6903060
coriolis/6903060/profiles/D6903060_260.nc,20221008145130.0,24.55,61.836,I,844,IF,20250520141229,2022-10-08 14:51:30,coriolis,6903060
coriolis/6903060/profiles/D6903060_261.nc,20221010145530.0,24.611,61.688,I,844,IF,20250520141229,2022-10-10 14:55:30,coriolis,6903060
coriolis/6903060/profiles/D6903060_262.nc,20221012145430.0,24.722,61.327,I,844,IF,20250520141229,2022-10-12 14:54:30,coriolis,6903060
coriolis/6903060/profiles/D6903060_263.nc,20221014145230.0,24.942,60.792,I,844,IF,20250520141229,2022-10-14 14:52:30,coriolis,6903060
coriolis/6903060/profiles/D6903060_264.nc,20221016150130.0,24.992,60.207,I,844,IF,20250520141229,2022-10-16 15:01:30,coriolis,6903060
coriolis/6903060/profiles/D6903060_265.nc,20221018145430.0,24.857,59.585,I,844,IF,20250520141229,2022-10-18 14:54:30,coriolis,6903060
coriolis/6903060/profiles/D6903060_266.nc,20221020145530.0,24.607,58.911,I,844,IF,20250520141229,2022-10-20 14:55:30,coriolis,6903060
coriolis/6903060/profiles/D6903060_267.nc,20221022145030.0,24.671,58.362,I,844,IF,20250520141229,2022-10-22 14:50:30,coriolis,6903060
coriolis/6903060/profiles/D6903060_268.nc,20221024130530.0,25.098,58.341,I,844,IF,20250520141229,2022-10-24 13:05:30,coriolis,6903060
coriolis/6903060/profiles/D6903060_269.nc,20221026145830.0,24.649,58.695,I,844,IF,20250520141229,2022-10-26 14:58:30,coriolis,6903060
coriolis/6903060/profiles/D6903060_270.nc,20221028145230.0,24.191,58.669,I,844,IF,20250520141229,2022-10-28 14:52:30,coriolis,6903060
coriolis/6903060/profiles/D6903060_271.nc,20221030145830.0,24.023,58.638,I,844,IF,20250520141229,2022-10-30 14:58:30,coriolis,6903060
coriolis/6903060/profiles/D6903060_272.nc,20221101111230.0,23.852,58.617,I,844,IF,20250520141229,2022-11-01 11:12:30,coriolis,6903060
coriolis/6903060/profiles/D6903060_273.nc,20221103145430.0,23.714,58.668,I,844,IF,20250520141229,2022-11-03 14:54:30,coriolis,6903060
coriolis/6903060/profiles/D6903060_274.nc,20221105145330.0,23.627,58.721,I,844,IF,20250520141229,2022-11-05 14:53:30,coriolis,6903060
coriolis/6903060/profiles/D6903060_275.nc,20221107120930.0,23.526,58.843,I,844,IF,20250520141229,2022-11-07 12:09:30,coriolis,6903060
coriolis/6903060/profiles/D6903060_276.nc,20221109145130.0,23.332,59.067,I,844,IF,20250520141229,2022-11-09 14:51:30,coriolis,6903060
coriolis/6903060/profiles/D6903060_277.nc,20221111145230.0,23.206,59.153,I,844,IF,20250520141229,2022-11-11 14:52:30,coriolis,6903060
coriolis/6903060/profiles/D6903060_278.nc,20221113145930.0,23.039,59.406,I,844,IF,20250520141229,2022-11-13 14:59:30,coriolis,6903060
coriolis/6903060/profiles/D6903060_279.nc,20221115145530.0,23.144,59.352,I,844,IF,20250520141229,2022-11-15 14:55:30,coriolis,6903060
coriolis/6903060/profiles/D6903060_280.nc,20221117145330.0,23.257,59.726,I,844,IF,20250520141229,2022-11-17 14:53:30,coriolis,6903060
coriolis/6903060/profiles/D6903060_281.nc,20221119145430.0,23.292,59.362,I,844,IF,20250520141229,2022-11-19 14:54:30,coriolis,6903060
coriolis/6903060/profiles/D6903060_282.nc,20221121145330.0,23.497,59.194,I,844,IF,20250520141229,2022-11-21 14:53:30,coriolis,6903060
coriolis/6903060/profiles/D6903060_283.nc,20221123145430.0,23.658,59.185,I,844,IF,20250520141229,2022-11-23 14:54:30,coriolis,6903060
coriolis/6903060/profiles/D6903060_284.nc,20221125145630.0,23.721,59.114,I,844,IF,20250520141229,2022-11-25 14:56:30,coriolis,6903060
coriolis/6903060/profiles/D6903060_285.nc,20221127145330.0,23.804,58.944,I,844,IF,20250520141229,2022-11-27 14:53:30,coriolis,6903060
coriolis/6903060/profiles/D6903060_286.nc,20221129145830.0,24.04,58.656,I,844,IF,20250520141229,2022-11-29 14:58:30,coriolis,6903060
coriolis/6903060/profiles/D6903060_287.nc,20221201145330.0,24.414,58.351,I,844,IF,20250520141229,2022-12-01 14:53:30,coriolis,6903060
coriolis/6903060/profiles/D6903060_288.nc,20221203145330.0,24.942,58.431,I,844,IF,20250520141229,2022-12-03 14:53:30,coriolis,6903060
coriolis/6903060/profiles/D6903060_289.nc,20221205145430.0,25.071,58.976,I,844,IF,20250520141229,2022-12-05 14:54:30,coriolis,6903060
coriolis/6903060/profiles/D6903060_290.nc,20221207150130.0,24.617,59.563,I,844,IF,20250520141229,2022-12-07 15:01:30,coriolis,6903060
coriolis/6903060/profiles/D6903060_291.nc,20221209145230.0,24.401,60.096,I,844,IF,20250520141229,2022-12-09 14:52:30,coriolis,6903060
coriolis/6903060/profiles/D6903060_292.nc,20221211145330.0,24.331,60.676,I,844,IF,20250520141229,2022-12-11 14:53:30,coriolis,6903060
coriolis/6903060/profiles/D6903060_293.nc,20221213145130.0,24.706,61.137,I,844,IF,20250520141229,2022-12-13 14:51:30,coriolis,6903060
coriolis/6903060/profiles/D6903060_294.nc,20221215104930.0,25.028,60.665,I,844,IF,20250520141229,2022-12-15 10:49:30,coriolis,6903060
coriolis/6903060/profiles/D6903060_295.nc,20221217145630.0,24.892,60.291,I,844,IF,20250520141229,2022-12-17 14:56:30,coriolis,6903060
coriolis/6903060/profiles/D6903060_296.nc,20221219145330.0,24.733,60.121,I,844,IF,20250520141229,2022-12-19 14:53:30,coriolis,6903060
coriolis/6903060/profiles/D6903060_297.nc,20221221145430.0,24.697,60.044,I,844,IF,20250520141229,2022-12-21 14:54:30,coriolis,6903060
coriolis/6903060/profiles/D6903060_298.nc,20221223144930.0,23.977,60.266,I,844,IF,20250520141229,2022-12-23 14:49:30,coriolis,6903060
coriolis/6903060/profiles/D6903060_299.nc,20221225145430.0,23.279,60.364,I,844,IF,20250520141229,2022-12-25 14:54:30,coriolis,6903060
coriolis/6903060/profiles/D6903060_300.nc,20221227145430.0,23.1,59.775,I,844,IF,20250520141229,2022-12-27 14:54:30,coriolis,6903060
coriolis/6903060/profiles/D6903060_301.nc,20221229144530.0,23.438,59.378,I,844,IF,20250520141229,2022-12-29 14:45:30,coriolis,6903060
coriolis/6903060/profiles/D6903060_302.nc,20221231145230.0,23.983,59.356,I,844,IF,20250520141229,2022-12-31 14:52:30,coriolis,6903060
coriolis/6903060/profiles/D6903060_303.nc,20230102145330.0,24.301,59.732,I,844,IF,20250520141229,2023-01-02 14:53:30,coriolis,6903060
coriolis/6903060/profiles/D6903060_304.nc,20230104145530.0,24.195,59.913,I,844,IF,20250520141229,2023-01-04 14:55:30,coriolis,6903060
coriolis/6903060/profiles/D6903060_305.nc,20230106145530.0,23.822,59.894,I,844,IF,20250520141229,2023-01-06 14:55:30,coriolis,6903060
coriolis/6903060/profiles/D6903060_306.nc,20230108145930.0,23.178,59.652,I,844,IF,20250520141229,2023-01-08 14:59:30,coriolis,6903060
coriolis/6903060/profiles/D6903060_307.nc,20230110145530.0,22.855,59.666,I,844,IF,20250520141229,2023-01-10 14:55:30,coriolis,6903060
coriolis/6903060/profiles/D6903060_308.nc,20230112144830.0,22.633,60.003,I,844,IF,20250520141229,2023-01-12 14:48:30,coriolis,6903060
coriolis/6903060/profiles/D6903060_309.nc,20230114145230.0,22.611,60.377,I,844,IF,20250520141229,2023-01-14 14:52:30,coriolis,6903060
coriolis/6903060/profiles/D6903060_310.nc,20230116144830.0,22.901,60.689,I,844,IF,20250520141229,2023-01-16 14:48:30,coriolis,6903060
coriolis/6903060/profiles/D6903060_311.nc,20230118145230.0,23.374,60.702,I,844,IF,20250520141229,2023-01-18 14:52:30,coriolis,6903060
coriolis/6903060/profiles/D6903060_312.nc,20230120144930.0,23.76,60.386,I,844,IF,20250520141229,2023-01-20 14:49:30,coriolis,6903060
coriolis/6903060/profiles/D6903060_313.nc,20230122144730.0,23.886,60.028,I,844,IF,20250520141229,2023-01-22 14:47:30,coriolis,6903060
coriolis/6903060/profiles/D6903060_314.nc,20230124144930.0,23.764,59.662,I,844,IF,20250520141229,2023-01-24 14:49:30,coriolis,6903060
coriolis/6903060/profiles/D6903060_315.nc,20230126145230.0,23.341,59.278,I,844,IF,20250520141229,2023-01-26 14:52:30,coriolis,6903060
coriolis/6903060/profiles/D6903060_316.nc,20230128145330.0,22.908,59.445,I,844,IF,20250520141229,2023-01-28 14:53:30,coriolis,6903060
coriolis/6903060/profiles/D6903060_317.nc,20230130144930.0,22.712,59.94,I,844,IF,20250520141229,2023-01-30 14:49:30,coriolis,6903060
coriolis/6903060/profiles/D6903060_318.nc,20230201145230.0,22.936,60.354,I,844,IF,20250520141229,2023-02-01 14:52:30,coriolis,6903060
coriolis/6903060/profiles/D6903060_319.nc,20230203145230.0,23.379,60.546,I,844,IF,20250520141229,2023-02-03 14:52:30,coriolis,6903060
coriolis/6903060/profiles/D6903060_320.nc,20230205145330.0,23.9,60.461,I,844,IF,20250520141229,2023-02-05 14:53:30,coriolis,6903060
coriolis/6903060/profiles/D6903060_321.nc,20230207145330.0,24.381,60.263,I,844,IF,20250520141229,2023-02-07 14:53:30,coriolis,6903060
coriolis/6903060/profiles/D6903060_322.nc,20230209145230.0,24.717,60.342,I,844,IF,20250520141229,2023-02-09 14:52:30,coriolis,6903060
coriolis/6903060/profiles/D6903060_323.nc,20230211145830.0,24.827,60.696,I,844,IF,20250520141229,2023-02-11 14:58:30,coriolis,6903060
coriolis/6903060/profiles/D6903060_324.nc,20230213145530.0,24.663,61.135,I,844,IF,20250520141229,2023-02-13 14:55:30,coriolis,6903060
coriolis/6903060/profiles/D6903060_325.nc,20230215144930.0,24.243,61.488,I,844,IF,20250520141229,2023-02-15 14:49:30,coriolis,6903060
coriolis/6903060/profiles/D6903060_326.nc,20230217144330.0,23.882,61.818,I,844,IF,20250520141229,2023-02-17 14:43:30,coriolis,6903060
coriolis/6903060/profiles/D6903060_327.nc,20230219145030.0,23.852,62.218,I,844,IF,20250520141229,2023-02-19 14:50:30,coriolis,6903060
coriolis/6903060/profiles/D6903060_328.nc,20230221145330.0,24.16,62.428,I,844,IF,20250520141229,2023-02-21 14:53:30,coriolis,6903060
coriolis/6903060/profiles/D6903060_329.nc,20230223145230.0,24.442,62.3,I,844,IF,20250520141229,2023-02-23 14:52:30,coriolis,6903060
coriolis/6903060/profiles/D6903060_330.nc,20230225145130.0,24.43,62.024,I,844,IF,20250520141229,2023-02-25 14:51:30,coriolis,6903060
coriolis/6903060/profiles/D6903060_331.nc,20230227144830.0,24.103,61.791,I,844,IF,20250520141229,2023-02-27 14:48:30,coriolis,6903060
coriolis/6903060/profiles/D6903060_332.nc,20230301144430.0,23.483,61.834,I,844,IF,20250520141229,2023-03-01 14:44:30,coriolis,6903060
coriolis/6903060/profiles/D6903060_333.nc,20230303145030.0,23.144,61.983,I,844,IF,20250520141229,2023-03-03 14:50:30,coriolis,6903060
coriolis/6903060/profiles/D6903060_334.nc,20230305145530.0,22.946,62.017,I,844,IF,20250520141229,2023-03-05 14:55:30,coriolis,6903060
coriolis/6903060/profiles/D6903060_335.nc,20230307145430.0,22.765,61.925,I,844,IF,20250520141229,2023-03-07 14:54:30,coriolis,6903060
coriolis/6903060/profiles/D6903060_336.nc,20230309145230.0,22.557,61.71,I,844,IF,20250520141229,2023-03-09 14:52:30,coriolis,6903060
coriolis/6903060/profiles/D6903060_337.nc,20230311145130.0,22.43,61.486,I,844,IF,20250520141229,2023-03-11 14:51:30,coriolis,6903060
coriolis/6903060/profiles/D6903060_338.nc,20230313144730.0,22.362,61.298,I,844,IF,20250520141229,2023-03-13 14:47:30,coriolis,6903060
coriolis/6903060/profiles/D6903060_339.nc,20230315144330.0,22.339,61.12,I,844,IF,20250520141229,2023-03-15 14:43:30,coriolis,6903060
coriolis/6903060/profiles/D6903060_340.nc,20230317145530.0,22.361,60.948,I,844,IF,20250520141229,2023-03-17 14:55:30,coriolis,6903060
coriolis/6903060/profiles/D6903060_341.nc,20230319145430.0,22.42,60.81,I,844,IF,20250520141229,2023-03-19 14:54:30,coriolis,6903060
coriolis/6903060/profiles/D6903060_342.nc,20230321145430.0,22.508,60.689,I,844,IF,20250520141229,2023-03-21 14:54:30,coriolis,6903060
coriolis/6903060/profiles/D6903060_343.nc,20230323145330.0,22.583,60.613,I,844,IF,20250520141229,2023-03-23 14:53:30,coriolis,6903060
coriolis/6903060/profiles/D6903060_344.nc,20230325145930.0,22.645,60.53,I,844,IF,20250520141229,2023-03-25 14:59:30,coriolis,6903060
coriolis/6903060/profiles/D6903060_345.nc,20230327145030.0,22.811,60.408,I,844,IF,20250520141229,2023-03-27 14:50:30,coriolis,6903060
coriolis/6903060/profiles/D6903060_346.nc,20230329145230.0,23.015,60.356,I,844,IF,20250520141229,2023-03-29 14:52:30,coriolis,6903060
coriolis/6903060/profiles/D6903060_347.nc,20230331145730.0,23.111,60.277,I,844,IF,20250520141229,2023-03-31 14:57:30,coriolis,6903060
coriolis/6903060/profiles/D6903060_348.nc,20230402145730.0,23.247,60.19,I,844,IF,20250520141229,2023-04-02 14:57:30,coriolis,6903060
coriolis/6903060/profiles/D6903060_349.nc,20230404144930.0,23.334,60.156,I,844,IF,20250520141229,2023-04-04 14:49:30,coriolis,6903060
coriolis/6903060/profiles/D6903060_350.nc,20230406145230.0,23.398,60.104,I,844,IF,20250520141229,2023-04-06 14:52:30,coriolis,6903060
coriolis/6903060/profiles/D6903060_351.nc,20230408145530.0,23.414,60.061,I,844,IF,20250520141229,2023-04-08 14:55:30,coriolis,6903060
coriolis/6903060/profiles/D6903060_352.nc,20230410144930.0,23.478,59.949,I,844,IF,20250520141229,2023-04-10 14:49:30,coriolis,6903060
coriolis/6903060/profiles/D6903060_353.nc,20230412145130.0,23.623,59.743,I,844,IF,20250520141229,2023-04-12 14:51:30,coriolis,6903060
coriolis/6903060/profiles/D6903060_354.nc,20230414145530.0,23.807,59.548,I,844,IF,20250520141229,2023-04-14 14:55:30,coriolis,6903060
coriolis/6903060/profiles/D6903060_355.nc,20230416145430.0,24.0,59.455,I,844,IF,20250520141229,2023-04-16 14:54:30,coriolis,6903060
coriolis/6903060/profiles/D6903060_356.nc,20230418145630.0,24.178,59.504,I,844,IF,20250520141229,2023-04-18 14:56:30,coriolis,6903060
coriolis/6903060/profiles/D6903060_357.nc,20230420150030.0,24.333,59.742,I,844,IF,20250520141229,2023-04-20 15:00:30,coriolis,6903060
coriolis/6903060/profiles/D6903060_358.nc,20230422145530.0,24.424,60.053,I,844,IF,20250520141229,2023-04-22 14:55:30,coriolis,6903060
coriolis/6903060/profiles/D6903060_359.nc,20230424145130.0,24.329,60.29,I,844,IF,20250520141229,2023-04-24 14:51:30,coriolis,6903060
coriolis/6903060/profiles/D6903060_360.nc,20230426145630.0,23.992,60.237,I,844,IF,20250520141229,2023-04-26 14:56:30,coriolis,6903060
coriolis/6903060/profiles/D6903060_361.nc,20230428145730.0,23.845,59.942,I,844,IF,20250520141229,2023-04-28 14:57:30,coriolis,6903060
coriolis/6903060/profiles/D6903060_362.nc,20230430145130.0,23.915,59.88,I,844,IF,20250520141229,2023-04-30 14:51:30,coriolis,6903060
coriolis/6903060/profiles/D6903060_363.nc,20230502145930.0,23.88,60.144,I,844,IF,20250520141229,2023-05-02 14:59:30,coriolis,6903060
coriolis/6903060/profiles/D6903060_364.nc,20230504150030.0,23.504,59.977,I,844,IF,20250520141229,2023-05-04 15:00:30,coriolis,6903060
coriolis/6903060/profiles/D6903060_365.nc,20230506145830.0,22.962,59.704,I,844,IF,20250520141229,2023-05-06 14:58:30,coriolis,6903060
coriolis/6903060/profiles/D6903060_366.nc,20230508145030.0,22.632,59.863,I,844,IF,20250520141229,2023-05-08 14:50:30,coriolis,6903060
coriolis/6903060/profiles/D6903060_367.nc,20230510145130.0,21.987,60.471,I,844,IF,20250520141229,2023-05-10 14:51:30,coriolis,6903060
coriolis/6903060/profiles/D6903060_368.nc,20230512144930.0,21.755,60.324,I,844,IF,20250520141229,2023-05-12 14:49:30,coriolis,6903060
coriolis/6903060/profiles/D6903060_369.nc,20230514145530.0,21.708,60.664,I,844,IF,20250520141229,2023-05-14 14:55:30,coriolis,6903060
coriolis/6903060/profiles/D6903060_370.nc,20230516145030.0,21.61,61.031,I,844,IF,20250520141229,2023-05-16 14:50:30,coriolis,6903060
coriolis/6903060/profiles/D6903060_371.nc,20230518145230.0,21.436,60.96,I,844,IF,20250520141229,2023-05-18 14:52:30,coriolis,6903060
coriolis/6903060/profiles/D6903060_372.nc,20230520145730.0,21.407,61.237,I,844,IF,20250520141229,2023-05-20 14:57:30,coriolis,6903060
coriolis/6903060/profiles/D6903060_373.nc,20230522145230.0,21.213,61.1,I,844,IF,20250520141229,2023-05-22 14:52:30,coriolis,6903060
coriolis/6903060/profiles/D6903060_374.nc,20230524150130.0,21.232,61.185,I,844,IF,20250520141229,2023-05-24 15:01:30,coriolis,6903060
coriolis/6903060/profiles/D6903060_375.nc,20230526145330.0,20.88,60.979,I,844,IF,20250520141229,2023-05-26 14:53:30,coriolis,6903060
coriolis/6903060/profiles/D6903060_376.nc,20230528144730.0,20.751,61.101,I,844,IF,20250520141229,2023-05-28 14:47:30,coriolis,6903060
coriolis/6903060/profiles/D6903060_377.nc,20230530145130.0,20.379,60.739,I,844,IF,20250520141229,2023-05-30 14:51:30,coriolis,6903060
coriolis/6903060/profiles/D6903060_378.nc,20230601144730.0,20.06,60.593,I,844,IF,20250520141229,2023-06-01 14:47:30,coriolis,6903060
coriolis/6903060/profiles/D6903060_379.nc,20230603145530.0,19.81,60.084,I,844,IF,20250520141229,2023-06-03 14:55:30,coriolis,6903060
coriolis/6903060/profiles/D6903060_380.nc,20230605145530.0,19.754,59.844,I,844,IF,20250520141229,2023-06-05 14:55:30,coriolis,6903060
coriolis/6903060/profiles/D6903060_381.nc,20230607145930.0,19.451,59.687,I,844,IF,20250520141229,2023-06-07 14:59:30,coriolis,6903060
coriolis/6903060/profiles/D6903060_382.nc,20230609145330.0,19.288,59.427,I,844,IF,20250520141229,2023-06-09 14:53:30,coriolis,6903060
coriolis/6903060/profiles/D6903060_383.nc,20230611145530.0,19.188,59.233,I,844,IF,20250520141229,2023-06-11 14:55:30,coriolis,6903060
coriolis/6903060/profiles/D6903060_384.nc,20230613145530.0,19.119,59.031,I,844,IF,20250520141229,2023-06-13 14:55:30,coriolis,6903060
coriolis/6903060/profiles/D6903060_385.nc,20230615145630.0,19.046,58.923,I,844,IF,20250520141229,2023-06-15 14:56:30,coriolis,6903060
coriolis/6903060/profiles/D6903060_386.nc,20230617145530.0,19.027,58.828,I,844,IF,20250520141229,2023-06-17 14:55:30,coriolis,6903060
coriolis/6903060/profiles/D6903060_387.nc,20230619145230.0,18.901,58.711,I,844,IF,20250520141229,2023-06-19 14:52:30,coriolis,6903060
coriolis/6903060/profiles/D6903060_388.nc,20230621145530.0,18.736,58.541,I,844,IF,20250520141229,2023-06-21 14:55:30,coriolis,6903060
coriolis/6903060/profiles/D6903060_389.nc,20230623145530.0,18.675,58.409,I,844,IF,20250520141229,2023-06-23 14:55:30,coriolis,6903060
coriolis/6903060/profiles/D6903060_390.nc,20230625145230.0,18.72,58.388,I,844,IF,20250520141229,2023-06-25 14:52:30,coriolis,6903060
coriolis/6903060/profiles/D6903060_391.nc,20230627145330.0,18.757,58.394,I,844,IF,20250520141229,2023-06-27 14:53:30,coriolis,6903060
coriolis/6903060/profiles/D6903060_392.nc,20230629145530.0,18.799,58.397,I,844,IF,20250520141229,2023-06-29 14:55:30,coriolis,6903060
coriolis/6903060/profiles/D6903060_393.nc,20230701145330.0,18.881,58.398,I,844,IF,20250520141229,2023-07-01 14:53:30,coriolis,6903060
coriolis/6903060/profiles/D6903060_394.nc,20230703145830.0,18.985,58.436,I,844,IF,20250520141229,2023-07-03 14:58:30,coriolis,6903060
coriolis/6903060/profiles/D6903060_395.nc,20230705145230.0,19.115,58.523,I,844,IF,20250520141229,2023-07-05 14:52:30,coriolis,6903060
coriolis/6903060/profiles/D6903060_396.nc,20230707145530.0,19.262,58.647,I,844,IF,20250520141229,2023-07-07 14:55:30,coriolis,6903060
coriolis/6903060/profiles/D6903060_397.nc,20230709144830.0,19.371,58.83,I,844,IF,20250520141229,2023-07-09 14:48:30,coriolis,6903060
coriolis/6903060/profiles/D6903060_398.nc,20230711145530.0,19.405,59.033,I,844,IF,20250520141229,2023-07-11 14:55:30,coriolis,6903060
coriolis/6903060/profiles/D6903060_399.nc,20230713145330.0,19.354,59.23,I,844,IF,20250520141229,2023-07-13 14:53:30,coriolis,6903060
coriolis/6903060/profiles/D6903060_400.nc,20230715145530.0,19.284,59.443,I,844,IF,20250520141229,2023-07-15 14:55:30,coriolis,6903060
coriolis/6903060/profiles/D6903060_401.nc,20230717145530.0,19.23,59.621,I,844,IF,20250520141229,2023-07-17 14:55:30,coriolis,6903060
coriolis/6903060/profiles/D6903060_402.nc,20230719145530.0,19.168,59.796,I,844,IF,20250520141229,2023-07-19 14:55:30,coriolis,6903060
coriolis/6903060/profiles/D6903060_403.nc,20230721145630.0,19.071,59.893,I,844,IF,20250520141229,2023-07-21 14:56:30,coriolis,6903060
coriolis/6903060/profiles/D6903060_404.nc,20230723145530.0,18.974,59.968,I,844,IF,20250520141229,2023-07-23 14:55:30,coriolis,6903060
coriolis/6903060/profiles/D6903060_405.nc,20230725145630.0,18.835,60.027,I,844,IF,20250520141229,2023-07-25 14:56:30,coriolis,6903060
coriolis/6903060/profiles/D6903060_406.nc,20230727145530.0,18.713,60.038,I,844,IF,20250520141229,2023-07-27 14:55:30,coriolis,6903060
coriolis/6903060/profiles/D6903060_407.nc,20230729145730.0,18.583,60.035,I,844,IF,20250520141229,2023-07-29 14:57:30,coriolis,6903060
coriolis/6903060/profiles/D6903060_408.nc,20230731145230.0,18.454,60.025,I,844,IF,20250520141229,2023-07-31 14:52:30,coriolis,6903060
coriolis/6903060/profiles/D6903060_409.nc,20230802145530.0,18.364,60.011,I,844,IF,20250520141229,2023-08-02 14:55:30,coriolis,6903060
coriolis/6903060/profiles/D6903060_410.nc,20230804145330.0,18.277,59.984,I,844,IF,20250520141229,2023-08-04 14:53:30,coriolis,6903060
coriolis/6903060/profiles/D6903060_411.nc,20230806145730.0,18.253,59.94,I,844,IF,20250520141229,2023-08-06 14:57:30,coriolis,6903060
coriolis/6903060/profiles/D6903060_412.nc,20230808145930.0,18.218,59.926,I,844,IF,20250520141229,2023-08-08 14:59:30,coriolis,6903060
coriolis/6903060/profiles/D6903060_413.nc,20230810150130.0,18.196,59.902,I,844,IF,20250520141229,2023-08-10 15:01:30,coriolis,6903060
coriolis/6903060/profiles/D6903060_414.nc,20230812145530.0,18.165,59.88,I,844,IF,20250520141229,2023-08-12 14:55:30,coriolis,6903060
coriolis/6903060/profiles/D6903060_415.nc,20230814145330.0,18.104,59.856,I,844,IF,20250520141229,2023-08-14 14:53:30,coriolis,6903060
coriolis/6903060/profiles/D6903060_416.nc,20230816145730.0,18.052,59.862,I,844,IF,20250520141229,2023-08-16 14:57:30,coriolis,6903060
coriolis/6903060/profiles/D6903060_417.nc,20230818145430.0,17.97,59.86,I,844,IF,20250520141229,2023-08-18 14:54:30,coriolis,6903060
coriolis/6903060/profiles/D6903060_418.nc,20230820150130.0,17.893,59.877,I,844,IF,20250520141229,2023-08-20 15:01:30,coriolis,6903060
coriolis/6903060/profiles/D6903060_419.nc,20230822145430.0,17.802,59.887,I,844,IF,20250520141229,2023-08-22 14:54:30,coriolis,6903060
coriolis/6903060/profiles/D6903060_420.nc,20230824150330.0,17.727,59.886,I,844,IF,20250520141229,2023-08-24 15:03:30,coriolis,6903060
coriolis/6903060/profiles/D6903060_421.nc,20230826145530.0,17.659,59.87,I,844,IF,20250520141229,2023-08-26 14:55:30,coriolis,6903060
coriolis/6903060/profiles/D6903060_422.nc,20230828145330.0,17.558,59.861,I,844,IF,20250520141229,2023-08-28 14:53:30,coriolis,6903060
coriolis/6903060/profiles/D6903060_423.nc,20230830145530.0,17.476,59.881,I,844,IF,20250520141229,2023-08-30 14:55:30,coriolis,6903060
coriolis/6903060/profiles/D6903060_424.nc,20230901145630.0,17.39,59.869,I,844,IF,20250520141229,2023-09-01 14:56:30,coriolis,6903060
coriolis/6903060/profiles/D6903060_425.nc,20230903150130.0,17.32,59.86,I,844,IF,20250520141229,2023-09-03 15:01:30,coriolis,6903060
coriolis/6903060/profiles/D6903060_426.nc,20230905145130.0,17.273,59.844,I,844,IF,20250520141229,2023-09-05 14:51:30,coriolis,6903060
coriolis/6903060/profiles/D6903060_427.nc,20230907150330.0,17.241,59.807,I,844,IF,20250520141229,2023-09-07 15:03:30,coriolis,6903060
coriolis/6903060/profiles/D6903060_428.nc,20230909145630.0,17.241,59.765,I,844,IF,20250520141229,2023-09-09 14:56:30,coriolis,6903060
coriolis/6903060/profiles/D6903060_429.nc,20230911145830.0,17.253,59.731,I,844,IF,20250520141229,2023-09-11 14:58:30,coriolis,6903060
coriolis/6903060/profiles/D6903060_430.nc,20230913145930.0,17.231,59.668,I,844,IF,20250520141229,2023-09-13 14:59:30,coriolis,6903060
coriolis/6903060/profiles/D6903060_431.nc,20230915145630.0,17.252,59.594,I,844,IF,20250520141229,2023-09-15 14:56:30,coriolis,6903060
coriolis/6903060/profiles/D6903060_432.nc,20230917150130.0,17.286,59.494,I,844,IF,20250520141229,2023-09-17 15:01:30,coriolis,6903060
coriolis/6903060/profiles/D6903060_433.nc,20230919150430.0,17.3,59.368,I,844,IF,20250520141229,2023-09-19 15:04:30,coriolis,6903060
coriolis/6903060/profiles/D6903060_434.nc,20230921150030.0,17.318,59.214,I,844,IF,20250520141229,2023-09-21 15:00:30,coriolis,6903060
coriolis/6903060/profiles/D6903060_435.nc,20230923150230.0,17.337,59.023,I,844,IF,20250520141229,2023-09-23 15:02:30,coriolis,6903060
coriolis/6903060/profiles/D6903060_436.nc,20230925145730.0,17.353,58.824,I,844,IF,20250520141229,2023-09-25 14:57:30,coriolis,6903060
coriolis/6903060/profiles/D6903060_437.nc,20230927145530.0,17.373,58.656,I,844,IF,20250520141229,2023-09-27 14:55:30,coriolis,6903060
coriolis/6903060/profiles/D6903060_438.nc,20230929145830.0,17.477,58.481,I,844,IF,20250520141229,2023-09-29 14:58:30,coriolis,6903060
coriolis/6903060/profiles/D6903060_439.nc,20231001145630.0,17.578,58.323,I,844,IF,20250520141229,2023-10-01 14:56:30,coriolis,6903060
coriolis/6903060/profiles/D6903060_440.nc,20231003145430.0,17.714,58.189,I,844,IF,20250520141229,2023-10-03 14:54:30,coriolis,6903060
coriolis/6903060/profiles/D6903060_441.nc,20231005150330.0,17.888,58.097,I,844,IF,20250520141229,2023-10-05 15:03:30,coriolis,6903060
coriolis/6903060/profiles/D6903060_442.nc,20231007145830.0,18.016,58.043,I,844,IF,20250520141229,2023-10-07 14:58:30,coriolis,6903060
coriolis/6903060/profiles/D6903060_443.nc,20231009165430.0,18.128,58.041,I,844,IF,20250520141229,2023-10-09 16:54:30,coriolis,6903060
coriolis/6903060/profiles/D6903060_444.nc,20231011185330.0,18.213,58.09,I,844,IF,20250520141229,2023-10-11 18:53:30,coriolis,6903060
coriolis/6903060/profiles/D6903060_445.nc,20231013205630.0,18.272,58.165,I,844,IF,20250520141229,2023-10-13 20:56:30,coriolis,6903060
coriolis/6903060/profiles/D6903060_446.nc,20231015225730.0,18.278,58.253,I,844,IF,20250520141229,2023-10-15 22:57:30,coriolis,6903060
coriolis/6903060/profiles/D6903060_447.nc,20231018005530.0,18.249,58.383,I,844,IF,20250520141229,2023-10-18 00:55:30,coriolis,6903060
coriolis/6903060/profiles/D6903060_448.nc,20231020024830.0,18.15,58.591,I,844,IF,20250520141229,2023-10-20 02:48:30,coriolis,6903060
coriolis/6903060/profiles/D6903060_449.nc,20231022045230.0,18.065,58.938,I,844,IF,20250520141229,2023-10-22 04:52:30,coriolis,6903060
coriolis/6903060/profiles/D6903060_450.nc,20231024065130.0,18.013,59.359,I,844,IF,20250520141229,2023-10-24 06:51:30,coriolis,6903060
coriolis/6903060/profiles/D6903060_451.nc,20231026085330.0,18.006,59.642,I,844,IF,20250520141229,2023-10-26 08:53:30,coriolis,6903060
coriolis/6903060/profiles/D6903060_452.nc,20231028105730.0,17.946,59.815,I,844,IF,20250520141229,2023-10-28 10:57:30,coriolis,6903060
coriolis/6903060/profiles/D6903060_453.nc,20231030125030.0,17.785,59.902,I,844,IF,20250520141229,2023-10-30 12:50:30,coriolis,6903060
coriolis/6903060/profiles/D6903060_454.nc,20231101150130.0,17.512,59.957,I,844,IF,20250520141229,2023-11-01 15:01:30,coriolis,6903060
coriolis/6903060/profiles/D6903060_455.nc,20231103165330.0,17.2,60.097,I,844,IF,20250520141229,2023-11-03 16:53:30,coriolis,6903060
coriolis/6903060/profiles/D6903060_456.nc,20231105185730.0,16.964,60.374,I,844,IF,20250520141229,2023-11-05 18:57:30,coriolis,6903060
coriolis/6903060/profiles/D6903060_457.nc,20231107204730.0,16.857,60.653,I,844,IF,20250520141229,2023-11-07 20:47:30,coriolis,6903060
coriolis/6903060/profiles/D6903060_458.nc,20231109225530.0,16.909,60.886,I,844,IF,20250520141229,2023-11-09 22:55:30,coriolis,6903060
coriolis/6903060/profiles/D6903060_459.nc,20231112005730.0,17.066,61.063,I,844,IF,20250520141229,2023-11-12 00:57:30,coriolis,6903060
coriolis/6903060/profiles/D6903060_460.nc,20231114025730.0,17.288,61.156,I,844,IF,20250520141229,2023-11-14 02:57:30,coriolis,6903060
coriolis/6903060/profiles/D6903060_461.nc,20231116045530.0,17.453,61.215,I,844,IF,20250520141229,2023-11-16 04:55:30,coriolis,6903060
coriolis/6903060/profiles/D6903060_462.nc,20231118065330.0,17.622,61.304,I,844,IF,20250520141229,2023-11-18 06:53:30,coriolis,6903060
coriolis/6903060/profiles/D6903060_463.nc,20231120085030.0,17.732,61.449,I,844,IF,20250520141229,2023-11-20 08:50:30,coriolis,6903060
coriolis/6903060/profiles/D6903060_464.nc,20231122105830.0,17.796,61.645,I,844,IF,20250520141229,2023-11-22 10:58:30,coriolis,6903060
coriolis/6903060/profiles/D6903060_465.nc,20231124125430.0,17.803,61.881,I,844,IF,20250520141229,2023-11-24 12:54:30,coriolis,6903060
coriolis/6903060/profiles/D6903060_466.nc,20231126145430.0,17.798,62.151,I,844,IF,20250520141229,2023-11-26 14:54:30,coriolis,6903060
coriolis/6903060/profiles/D6903060_467.nc,20231128165530.0,17.788,62.457,I,844,IF,20250520141229,2023-11-28 16:55:30,coriolis,6903060
coriolis/6903060/profiles/D6903060_468.nc,20231130185230.0,17.758,62.756,I,844,IF,20250520141229,2023-11-30 18:52:30,coriolis,6903060
coriolis/6903060/profiles/D6903060_469.nc,20231202205330.0,17.685,63.032,I,844,IF,20250520141229,2023-12-02 20:53:30,coriolis,6903060
coriolis/6903060/profiles/D6903060_470.nc,20231204230030.0,17.585,63.235,I,844,IF,20250520141229,2023-12-04 23:00:30,coriolis,6903060
coriolis/6903060/profiles/D6903060_471.nc,20231207005330.0,17.451,63.353,I,844,IF,20250520141229,2023-12-07 00:53:30,coriolis,6903060
coriolis/6903060/profiles/D6903060_472.nc,20231209025630.0,17.295,63.397,I,844,IF,20250520141229,2023-12-09 02:56:30,coriolis,6903060
coriolis/6903060/profiles/D6903060_473.nc,20231211044430.0,17.134,63.383,I,844,IF,20250520141229,2023-12-11 04:44:30,coriolis,6903060
coriolis/6903060/profiles/D6903060_474.nc,20231213064930.0,16.969,63.322,I,844,IF,20250520141229,2023-12-13 06:49:30,coriolis,6903060
coriolis/6903060/profiles/D6903060_475.nc,20231215084730.0,16.82,63.212,I,844,IF,20250520141229,2023-12-15 08:47:30,coriolis,6903060
coriolis/6903060/profiles/D6903060_476.nc,20231217105330.0,16.663,63.086,I,844,IF,20250520141229,2023-12-17 10:53:30,coriolis,6903060
coriolis/6903060/profiles/D6903060_477.nc,20231219125230.0,16.542,62.931,I,844,IF,20250520141229,2023-12-19 12:52:30,coriolis,6903060
coriolis/6903060/profiles/D6903060_478.nc,20231221144530.0,16.422,62.78,I,844,IF,20250520141229,2023-12-21 14:45:30,coriolis,6903060
coriolis/6903060/profiles/D6903060_479.nc,20231223165130.0,16.31,62.625,I,844,IF,20250520141229,2023-12-23 16:51:30,coriolis,6903060
coriolis/6903060/profiles/D6903060_480.nc,20231225185630.0,16.19,62.491,I,844,IF,20250520141229,2023-12-25 18:56:30,coriolis,6903060
coriolis/6903060/profiles/D6903060_481.nc,20231227204930.0,16.086,62.349,I,844,IF,20250520141229,2023-12-27 20:49:30,coriolis,6903060
coriolis/6903060/profiles/D6903060_482.nc,20231229225730.0,15.956,62.211,I,844,IF,20250520141229,2023-12-29 22:57:30,coriolis,6903060
coriolis/6903062/profiles/D6903062_121.nc,20220102145930.0,19.338,58.41,I,844,IF,20250520142530,2022-01-02 14:59:30,coriolis,6903062
coriolis/6903062/profiles/D6903062_122.nc,20220104145130.0,19.281,58.538,I,844,IF,20250520142530,2022-01-04 14:51:30,coriolis,6903062
coriolis/6903062/profiles/D6903062_123.nc,20220106145530.0,19.268,58.615,I,844,IF,20250520142530,2022-01-06 14:55:30,coriolis,6903062
coriolis/6903062/profiles/D6903062_124.nc,20220108145330.0,19.358,58.647,I,844,IF,20250520142530,2022-01-08 14:53:30,coriolis,6903062
coriolis/6903062/profiles/D6903062_125.nc,20220110145230.0,19.436,58.849,I,844,IF,20250520142530,2022-01-10 14:52:30,coriolis,6903062
coriolis/6903062/profiles/D6903062_126.nc,20220112145930.0,19.132,59.184,I,844,IF,20250520142530,2022-01-12 14:59:30,coriolis,6903062
coriolis/6903062/profiles/D6903062_127.nc,20220114144830.0,18.745,59.365,I,844,IF,20250520142530,2022-01-14 14:48:30,coriolis,6903062
coriolis/6903062/profiles/D6903062_128.nc,20220116144730.0,18.43,59.223,I,844,IF,20250520142530,2022-01-16 14:47:30,coriolis,6903062
coriolis/6903062/profiles/D6903062_129.nc,20220118144730.0,18.246,58.952,I,844,IF,20250520142530,2022-01-18 14:47:30,coriolis,6903062
coriolis/6903062/profiles/D6903062_130.nc,20220120145230.0,18.181,58.665,I,844,IF,20250520142530,2022-01-20 14:52:30,coriolis,6903062
coriolis/6903062/profiles/D6903062_131.nc,20220122144930.0,18.19,58.422,I,844,IF,20250520142530,2022-01-22 14:49:30,coriolis,6903062
coriolis/6903062/profiles/D6903062_132.nc,20220124145530.0,18.184,58.239,I,844,IF,20250520142530,2022-01-24 14:55:30,coriolis,6903062
coriolis/6903062/profiles/D6903062_133.nc,20220126145530.0,18.173,58.102,I,844,IF,20250520142530,2022-01-26 14:55:30,coriolis,6903062
coriolis/6903062/profiles/D6903062_134.nc,20220128145330.0,18.213,58.012,I,844,IF,20250520142530,2022-01-28 14:53:30,coriolis,6903062
coriolis/6903062/profiles/D6903062_135.nc,20220130145130.0,18.232,57.914,I,844,IF,20250520142530,2022-01-30 14:51:30,coriolis,6903062
coriolis/6903062/profiles/D6903062_136.nc,20220201145530.0,18.189,57.821,I,844,IF,20250520142530,2022-02-01 14:55:30,coriolis,6903062
coriolis/6903062/profiles/D6903062_137.nc,20220203145330.0,18.099,57.701,I,844,IF,20250520142530,2022-02-03 14:53:30,coriolis,6903062
coriolis/6903062/profiles/D6903062_138.nc,20220205144530.0,17.984,57.575,I,844,IF,20250520142530,2022-02-05 14:45:30,coriolis,6903062
coriolis/6903062/profiles/D6903062_139.nc,20220207130430.0,17.85,57.471,I,844,IF,20250520142530,2022-02-07 13:04:30,coriolis,6903062
coriolis/6903062/profiles/D6903062_140.nc,20220209085830.0,17.683,57.331,I,844,IF,20250520142530,2022-02-09 08:58:30,coriolis,6903062
coriolis/6903062/profiles/D6903062_141.nc,20220211144930.0,17.422,56.995,I,844,IF,20250520142530,2022-02-11 14:49:30,coriolis,6903062
coriolis/6903062/profiles/D6903062_142.nc,20220213145330.0,17.242,56.745,I,844,IF,20250520142530,2022-02-13 14:53:30,coriolis,6903062
coriolis/6903062/profiles/D6903062_143.nc,20220215145630.0,17.122,56.56,I,844,IF,20250520142530,2022-02-15 14:56:30,coriolis,6903062
coriolis/6903062/profiles/D6903062_144.nc,20220217145430.0,16.928,56.415,I,844,IF,20250520142530,2022-02-17 14:54:30,coriolis,6903062
coriolis/6903062/profiles/D6903062_145.nc,20220219145130.0,16.791,56.269,I,844,IF,20250520142530,2022-02-19 14:51:30,coriolis,6903062
coriolis/6903062/profiles/D6903062_146.nc,20220221145430.0,16.745,56.151,I,844,IF,20250520142530,2022-02-21 14:54:30,coriolis,6903062
coriolis/6903062/profiles/D6903062_147.nc,20220223145330.0,16.693,56.032,I,844,IF,20250520142530,2022-02-23 14:53:30,coriolis,6903062
coriolis/6903062/profiles/D6903062_148.nc,20220225145130.0,16.63,55.885,I,844,IF,20250520142530,2022-02-25 14:51:30,coriolis,6903062
coriolis/6903062/profiles/D6903062_149.nc,20220227144630.0,16.578,55.715,I,844,IF,20250520142530,2022-02-27 14:46:30,coriolis,6903062
coriolis/6903062/profiles/D6903062_150.nc,20220301145430.0,16.569,55.431,I,844,IF,20250520142530,2022-03-01 14:54:30,coriolis,6903062
coriolis/6903062/profiles/D6903062_151.nc,20220303144830.0,16.526,55.129,I,844,IF,20250520142530,2022-03-03 14:48:30,coriolis,6903062
coriolis/6903062/profiles/D6903062_152.nc,20220305145330.0,16.504,54.916,I,844,IF,20250520142530,2022-03-05 14:53:30,coriolis,6903062
coriolis/6903062/profiles/D6903062_153.nc,20220307145030.0,16.577,54.793,I,844,IF,20250520142530,2022-03-07 14:50:30,coriolis,6903062
coriolis/6903062/profiles/D6903062_154.nc,20220309145330.0,16.642,54.696,I,844,IF,20250520142530,2022-03-09 14:53:30,coriolis,6903062
coriolis/6903062/profiles/D6903062_155.nc,20220311145130.0,16.649,54.613,I,844,IF,20250520142530,2022-03-11 14:51:30,coriolis,6903062
coriolis/6903062/profiles/D6903062_156.nc,20220313145330.0,16.631,54.575,I,844,IF,20250520142530,2022-03-13 14:53:30,coriolis,6903062
coriolis/6903062/profiles/D6903062_157.nc,20220315145030.0,16.602,54.506,I,844,IF,20250520142530,2022-03-15 14:50:30,coriolis,6903062
coriolis/6903062/profiles/D6903062_158.nc,20220317145430.0,16.583,54.43,I,844,IF,20250520142530,2022-03-17 14:54:30,coriolis,6903062
coriolis/6903062/profiles/D6903062_159.nc,20220319145530.0,16.604,54.286,I,844,IF,20250520142530,2022-03-19 14:55:30,coriolis,6903062
coriolis/6903062/profiles/D6903062_160.nc,20220321145030.0,16.686,54.113,I,844,IF,20250520142530,2022-03-21 14:50:30,coriolis,6903062
coriolis/6903062/profiles/D6903062_161.nc,20220323141130.0,16.748,54.047,I,844,IF,20250520142530,2022-03-23 14:11:30,coriolis,6903062
coriolis/6903062/profiles/D6903062_162.nc,20220325144330.0,16.766,54.186,I,844,IF,20250520142530,2022-03-25 14:43:30,coriolis,6903062
coriolis/6903062/profiles/D6903062_163.nc,20220327144830.0,16.743,54.286,I,844,IF,20250520142530,2022-03-27 14:48:30,coriolis,6903062
coriolis/6903062/profiles/D6903062_164.nc,20220329145330.0,16.784,54.228,I,844,IF,20250520142530,2022-03-29 14:53:30,coriolis,6903062
coriolis/6903062/profiles/D6903062_165.nc,20220331122830.0,16.802,54.201,I,844,IF,20250520142530,2022-03-31 12:28:30,coriolis,6903062
coriolis/6903062/profiles/D6903062_166.nc,20220402091830.0,16.793,54.153,I,844,IF,20250520142530,2022-04-02 09:18:30,coriolis,6903062
coriolis/6903062/profiles/D6903062_167.nc,20220404094930.0,16.848,54.308,I,844,IF,20250520142530,2022-04-04 09:49:30,coriolis,6903062
coriolis/6903062/profiles/D6903062_168.nc,20220406120430.0,16.932,54.411,I,844,IF,20250520142530,2022-04-06 12:04:30,coriolis,6903062
coriolis/6903062/profiles/D6903062_169.nc,20220408083430.0,16.96,54.427,I,844,IF,20250520142530,2022-04-08 08:34:30,coriolis,6903062
coriolis/6903062/profiles/D6903062_170.nc,20220410094830.0,16.964,54.386,I,844,IF,20250520142530,2022-04-10 09:48:30,coriolis,6903062
coriolis/6903062/profiles/D6903062_171.nc,20220412112030.0,16.944,54.401,I,844,IF,20250520142530,2022-04-12 11:20:30,coriolis,6903062
coriolis/6903062/profiles/D6903062_172.nc,20220414144830.0,16.94,54.525,I,844,IF,20250520142530,2022-04-14 14:48:30,coriolis,6903062
coriolis/6903062/profiles/D6903062_173.nc,20220416145530.0,16.931,54.542,I,844,IF,20250520142530,2022-04-16 14:55:30,coriolis,6903062
coriolis/6903062/profiles/D6903062_174.nc,20220418130230.0,16.927,54.513,I,844,IF,20250520142530,2022-04-18 13:02:30,coriolis,6903062
coriolis/6903062/profiles/D6903062_175.nc,20220420110530.0,16.928,54.464,I,844,IF,20250520142530,2022-04-20 11:05:30,coriolis,6903062
coriolis/6903062/profiles/D6903062_176.nc,20220422145030.0,16.903,54.389,I,844,IF,20250520142530,2022-04-22 14:50:30,coriolis,6903062
coriolis/6903062/profiles/D6903062_177.nc,20220424094630.0,16.837,54.309,I,844,IF,20250520142530,2022-04-24 09:46:30,coriolis,6903062
coriolis/6903062/profiles/D6903062_178.nc,20220426141430.0,16.788,54.211,I,844,IF,20250520142530,2022-04-26 14:14:30,coriolis,6903062
coriolis/6903062/profiles/D6903062_179.nc,20220428145330.0,16.779,54.3,I,844,IF,20250520142530,2022-04-28 14:53:30,coriolis,6903062
coriolis/6903062/profiles/D6903062_180.nc,20220430144930.0,16.706,54.338,I,844,IF,20250520142530,2022-04-30 14:49:30,coriolis,6903062
coriolis/6903062/profiles/D6903062_181.nc,20220502145730.0,16.637,54.277,I,844,IF,20250520142530,2022-05-02 14:57:30,coriolis,6903062
coriolis/6903062/profiles/D6903062_182.nc,20220504145830.0,16.646,54.236,I,844,IF,20250520142530,2022-05-04 14:58:30,coriolis,6903062
coriolis/6903062/profiles/D6903062_183.nc,20220506145430.0,16.711,54.233,I,844,IF,20250520142530,2022-05-06 14:54:30,coriolis,6903062
coriolis/6903062/profiles/D6903062_184.nc,20220508144730.0,16.729,54.345,I,844,IF,20250520142530,2022-05-08 14:47:30,coriolis,6903062
coriolis/6903062/profiles/D6903062_185.nc,20220510144830.0,16.673,54.428,I,844,IF,20250520142530,2022-05-10 14:48:30,coriolis,6903062
coriolis/6903062/profiles/D6903062_186.nc,20220512145530.0,16.552,54.433,I,844,IF,20250520142530,2022-05-12 14:55:30,coriolis,6903062
coriolis/6903062/profiles/D6903062_187.nc,20220514145030.0,16.36,54.234,I,844,IF,20250520142530,2022-05-14 14:50:30,coriolis,6903062
coriolis/6903062/profiles/D6903062_188.nc,20220516145730.0,16.201,54.13,I,844,IF,20250520142530,2022-05-16 14:57:30,coriolis,6903062
coriolis/6903062/profiles/D6903062_189.nc,20220518150330.0,15.984,54.01,I,844,IF,20250520142530,2022-05-18 15:03:30,coriolis,6903062
coriolis/6903062/profiles/D6903062_190.nc,20220520145630.0,15.78,53.927,I,844,IF,20250520142530,2022-05-20 14:56:30,coriolis,6903062
coriolis/6903062/profiles/D6903062_191.nc,20220522145830.0,15.686,53.811,I,844,IF,20250520142530,2022-05-22 14:58:30,coriolis,6903062
coriolis/6903062/profiles/D6903062_192.nc,20220524145230.0,15.765,53.731,I,844,IF,20250520142530,2022-05-24 14:52:30,coriolis,6903062
coriolis/6903062/profiles/D6903062_193.nc,20220526145930.0,15.934,53.711,I,844,IF,20250520142530,2022-05-26 14:59:30,coriolis,6903062
coriolis/6903062/profiles/D6903062_194.nc,20220528145630.0,16.073,53.71,I,844,IF,20250520142530,2022-05-28 14:56:30,coriolis,6903062
coriolis/6903062/profiles/D6903062_195.nc,20220530145230.0,16.165,53.723,I,844,IF,20250520142530,2022-05-30 14:52:30,coriolis,6903062
coriolis/6903062/profiles/D6903062_196.nc,20220601145830.0,16.273,53.802,I,844,IF,20250520142530,2022-06-01 14:58:30,coriolis,6903062
coriolis/6903062/profiles/D6903062_197.nc,20220603145530.0,16.281,53.85,I,844,IF,20250520142530,2022-06-03 14:55:30,coriolis,6903062
coriolis/6903062/profiles/D6903062_198.nc,20220605145930.0,16.269,53.802,I,844,IF,20250520142530,2022-06-05 14:59:30,coriolis,6903062
coriolis/6903062/profiles/D6903062_199.nc,20220607145030.0,16.275,53.628,I,844,IF,20250520142530,2022-06-07 14:50:30,coriolis,6903062
coriolis/6903062/profiles/D6903062_200.nc,20220609145530.0,16.305,53.443,I,844,IF,20250520142530,2022-06-09 14:55:30,coriolis,6903062
coriolis/6903062/profiles/D6903062_201.nc,20220611145630.0,16.321,53.177,I,844,IF,20250520142530,2022-06-11 14:56:30,coriolis,6903062
coriolis/6903062/profiles/D6903062_202.nc,20220613145530.0,16.299,52.973,I,844,IF,20250520142530,2022-06-13 14:55:30,coriolis,6903062
coriolis/6903062/profiles/D6903062_203.nc,20220615145530.0,16.236,52.827,I,844,IF,20250520142530,2022-06-15 14:55:30,coriolis,6903062
coriolis/6903062/profiles/D6903062_204.nc,20220617141330.0,16.128,52.695,I,844,IF,20250520142530,2022-06-17 14:13:30,coriolis,6903062
coriolis/6903062/profiles/D6903062_205.nc,20220619100830.0,16.017,52.575,I,844,IF,20250520142530,2022-06-19 10:08:30,coriolis,6903062
coriolis/6903062/profiles/D6903062_206.nc,20220621084630.0,15.935,52.487,I,844,IF,20250520142530,2022-06-21 08:46:30,coriolis,6903062
coriolis/6903062/profiles/D6903062_207.nc,20220623083230.0,15.684,52.415,I,844,IF,20250520142530,2022-06-23 08:32:30,coriolis,6903062
coriolis/6903062/profiles/D6903062_208.nc,20220625080230.0,15.538,52.392,I,844,IF,20250520142530,2022-06-25 08:02:30,coriolis,6903062
coriolis/6903062/profiles/D6903062_209.nc,20220627145330.0,15.03,52.02,I,844,IF,20250520142530,2022-06-27 14:53:30,coriolis,6903062
coriolis/6903062/profiles/D6903062_210.nc,20220629145730.0,14.618,51.732,I,844,IF,20250520142530,2022-06-29 14:57:30,coriolis,6903062
coriolis/6903062/profiles/D6903062_211.nc,20220701145730.0,14.62,51.524,I,844,IF,20250520142530,2022-07-01 14:57:30,coriolis,6903062
coriolis/6903062/profiles/D6903062_212.nc,20220703145830.0,14.732,51.526,I,844,IF,20250520142530,2022-07-03 14:58:30,coriolis,6903062
coriolis/6903062/profiles/D6903062_213.nc,20220705145930.0,14.661,51.5,I,844,IF,20250520142530,2022-07-05 14:59:30,coriolis,6903062
coriolis/6903062/profiles/D6903062_214.nc,20220707145530.0,14.622,51.416,I,844,IF,20250520142530,2022-07-07 14:55:30,coriolis,6903062
coriolis/6903062/profiles/D6903062_215.nc,20220709145730.0,14.668,51.323,I,844,IF,20250520142530,2022-07-09 14:57:30,coriolis,6903062
coriolis/6903062/profiles/D6903062_216.nc,20220711112530.0,14.806,51.095,I,844,IF,20250520142530,2022-07-11 11:25:30,coriolis,6903062
coriolis/6903062/profiles/D6903062_217.nc,20220713093330.0,14.853,50.844,I,844,IF,20250520142530,2022-07-13 09:33:30,coriolis,6903062
coriolis/6903062/profiles/D6903062_218.nc,20220715095830.0,14.848,50.806,I,844,IF,20250520142530,2022-07-15 09:58:30,coriolis,6903062
coriolis/6903062/profiles/D6903062_219.nc,20220717151430.0,14.917,50.912,I,844,IF,20250520142530,2022-07-17 15:14:30,coriolis,6903062
coriolis/6903062/profiles/D6903062_220.nc,20220719075330.0,14.916,50.956,I,844,IF,20250520142530,2022-07-19 07:53:30,coriolis,6903062
coriolis/6903062/profiles/D6903062_221.nc,20220721075030.0,14.912,50.971,I,844,IF,20250520142530,2022-07-21 07:50:30,coriolis,6903062
coriolis/6903062/profiles/D6903062_222.nc,20220723080930.0,14.889,51.017,I,844,IF,20250520142530,2022-07-23 08:09:30,coriolis,6903062
coriolis/6903062/profiles/D6903062_223.nc,20220725151330.0,14.925,51.016,I,844,IF,20250520142530,2022-07-25 15:13:30,coriolis,6903062
coriolis/6903062/profiles/D6903062_224.nc,20220727064830.0,14.949,50.954,I,844,IF,20250520142530,2022-07-27 06:48:30,coriolis,6903062
coriolis/6903062/profiles/D6903062_225.nc,20220729151630.0,14.932,50.944,I,844,IF,20250520142530,2022-07-29 15:16:30,coriolis,6903062
coriolis/6903062/profiles/D6903062_226.nc,20220731151030.0,14.918,50.935,I,844,IF,20250520142530,2022-07-31 15:10:30,coriolis,6903062
coriolis/6903062/profiles/D6903062_227.nc,20220802074730.0,14.901,50.944,I,844,IF,20250520142530,2022-08-02 07:47:30,coriolis,6903062
coriolis/6903062/profiles/D6903062_228.nc,20220804090630.0,14.852,50.923,I,844,IF,20250520142530,2022-08-04 09:06:30,coriolis,6903062
coriolis/6903062/profiles/D6903062_229.nc,20220806085730.0,14.868,50.987,I,844,IF,20250520142530,2022-08-06 08:57:30,coriolis,6903062
coriolis/6903062/profiles/D6903062_230.nc,20220808085830.0,14.873,50.934,I,844,IF,20250520142530,2022-08-08 08:58:30,coriolis,6903062
coriolis/6903062/profiles/D6903062_231.nc,20220810082030.0,14.884,50.75,I,844,IF,20250520142530,2022-08-10 08:20:30,coriolis,6903062
coriolis/6903062/profiles/D6903062_232.nc,20220812100730.0,14.82,50.646,I,844,IF,20250520142530,2022-08-12 10:07:30,coriolis,6903062
coriolis/6903062/profiles/D6903062_233.nc,20220814145230.0,14.692,50.776,I,844,IF,20250520142530,2022-08-14 14:52:30,coriolis,6903062
coriolis/6903062/profiles/D6903062_234.nc,20220816145730.0,14.683,50.881,I,844,IF,20250520142530,2022-08-16 14:57:30,coriolis,6903062
coriolis/6903062/profiles/D6903062_235.nc,20220818143930.0,14.712,50.87,I,844,IF,20250520142530,2022-08-18 14:39:30,coriolis,6903062
coriolis/6903062/profiles/D6903062_236.nc,20220820130230.0,14.798,50.829,I,844,IF,20250520142530,2022-08-20 13:02:30,coriolis,6903062
coriolis/6903062/profiles/D6903062_237.nc,20220822111330.0,14.825,50.823,I,844,IF,20250520142530,2022-08-22 11:13:30,coriolis,6903062
coriolis/6903062/profiles/D6903062_238.nc,20220824130830.0,14.779,50.872,I,844,IF,20250520142530,2022-08-24 13:08:30,coriolis,6903062
coriolis/6903062/profiles/D6903062_239.nc,20220826145530.0,14.715,50.839,I,844,IF,20250520142530,2022-08-26 14:55:30,coriolis,6903062
coriolis/6903062/profiles/D6903062_240.nc,20220828145930.0,14.691,50.694,I,844,IF,20250520142530,2022-08-28 14:59:30,coriolis,6903062
coriolis/6903062/profiles/D6903062_241.nc,20220830150130.0,14.632,50.543,I,844,IF,20250520142530,2022-08-30 15:01:30,coriolis,6903062
coriolis/6903062/profiles/D6903062_242.nc,20220901150030.0,14.551,50.32,I,844,IF,20250520142530,2022-09-01 15:00:30,coriolis,6903062
coriolis/6903062/profiles/D6903062_243.nc,20220903145330.0,14.431,50.088,I,844,IF,20250520142530,2022-09-03 14:53:30,coriolis,6903062
coriolis/6903062/profiles/D6903062_244.nc,20220905145630.0,14.266,49.863,I,844,IF,20250520142530,2022-09-05 14:56:30,coriolis,6903062
coriolis/6903062/profiles/D6903062_245.nc,20220907145430.0,14.124,49.644,I,844,IF,20250520142530,2022-09-07 14:54:30,coriolis,6903062
coriolis/6903062/profiles/D6903062_246.nc,20220909145930.0,13.877,49.366,I,844,IF,20250520142530,2022-09-09 14:59:30,coriolis,6903062
coriolis/6903062/profiles/D6903062_247.nc,20220911145730.0,13.504,49.1,I,844,IF,20250520142530,2022-09-11 14:57:30,coriolis,6903062
coriolis/6903062/profiles/D6903062_248.nc,20220913145530.0,13.284,48.972,I,844,IF,20250520142530,2022-09-13 14:55:30,coriolis,6903062
coriolis/6903062/profiles/D6903062_249.nc,20220915145330.0,13.198,48.967,I,844,IF,20250520142530,2022-09-15 14:53:30,coriolis,6903062
coriolis/6903062/profiles/D6903062_250.nc,20220917145730.0,13.292,48.949,I,844,IF,20250520142530,2022-09-17 14:57:30,coriolis,6903062
coriolis/6903062/profiles/D6903062_251.nc,20220919145130.0,13.347,48.776,I,844,IF,20250520142530,2022-09-19 14:51:30,coriolis,6903062
coriolis/6903062/profiles/D6903062_252.nc,20220921150130.0,13.226,48.53,I,844,IF,20250520142530,2022-09-21 15:01:30,coriolis,6903062
coriolis/6903062/profiles/D6903062_253.nc,20220923145730.0,12.958,48.296,I,844,IF,20250520142530,2022-09-23 14:57:30,coriolis,6903062
coriolis/6903062/profiles/D6903062_254.nc,20220925150230.0,12.614,48.2,I,844,IF,20250520142530,2022-09-25 15:02:30,coriolis,6903062
coriolis/6903062/profiles/D6903062_255.nc,20220927145430.0,12.286,48.282,I,844,IF,20250520142530,2022-09-27 14:54:30,coriolis,6903062
coriolis/6903062/profiles/D6903062_256.nc,20220929145730.0,12.057,48.474,I,844,IF,20250520142530,2022-09-29 14:57:30,coriolis,6903062
coriolis/6903062/profiles/D6903062_257.nc,20221001145430.0,11.902,48.698,I,844,IF,20250520142530,2022-10-01 14:54:30,coriolis,6903062
coriolis/6903062/profiles/D6903062_258.nc,20221003144430.0,11.899,48.967,I,844,IF,20250520142530,2022-10-03 14:44:30,coriolis,6903062
coriolis/6903062/profiles/D6903062_259.nc,20221005150630.0,12.072,49.201,I,844,IF,20250520142530,2022-10-05 15:06:30,coriolis,6903062
coriolis/6903062/profiles/D6903062_260.nc,20221007145730.0,12.322,49.324,I,844,IF,20250520142530,2022-10-07 14:57:30,coriolis,6903062
coriolis/6903062/profiles/D6903062_261.nc,20221009145530.0,12.605,49.375,I,844,IF,20250520142530,2022-10-09 14:55:30,coriolis,6903062
coriolis/6903062/profiles/D6903062_262.nc,20221011145830.0,12.844,49.323,I,844,IF,20250520142530,2022-10-11 14:58:30,coriolis,6903062
coriolis/6903062/profiles/D6903062_263.nc,20221013145230.0,13.027,49.225,I,844,IF,20250520142530,2022-10-13 14:52:30,coriolis,6903062
coriolis/6903062/profiles/D6903062_264.nc,20221015145530.0,13.187,49.084,I,844,IF,20250520142530,2022-10-15 14:55:30,coriolis,6903062
coriolis/6903062/profiles/D6903062_265.nc,20221017145830.0,13.301,48.897,I,844,IF,20250520142530,2022-10-17 14:58:30,coriolis,6903062
coriolis/6903062/profiles/D6903062_266.nc,20221019145230.0,13.365,48.65,I,844,IF,20250520142530,2022-10-19 14:52:30,coriolis,6903062
coriolis/6903062/profiles/D6903062_267.nc,20221021145730.0,13.376,48.325,I,844,IF,20250520142530,2022-10-21 14:57:30,coriolis,6903062
coriolis/6903062/profiles/D6903062_268.nc,20221023145930.0,13.335,47.988,I,844,IF,20250520142530,2022-10-23 14:59:30,coriolis,6903062
coriolis/6903062/profiles/D6903062_269.nc,20221025145430.0,13.228,47.65,I,844,IF,20250520142530,2022-10-25 14:54:30,coriolis,6903062
coriolis/6903062/profiles/D6903062_270.nc,20221027145530.0,13.128,47.242,I,844,IF,20250520142530,2022-10-27 14:55:30,coriolis,6903062
coriolis/6903062/profiles/D6903062_271.nc,20221029150130.0,12.983,46.786,I,844,IF,20250520142530,2022-10-29 15:01:30,coriolis,6903062
coriolis/6903062/profiles/D6903062_272.nc,20221031150530.0,12.78,46.413,I,844,IF,20250520142530,2022-10-31 15:05:30,coriolis,6903062
coriolis/6903062/profiles/D6903062_273.nc,20221102145830.0,12.533,46.098,I,844,IF,20250520142530,2022-11-02 14:58:30,coriolis,6903062
coriolis/6903062/profiles/D6903062_274.nc,20221104150730.0,12.245,45.837,I,844,IF,20250520142530,2022-11-04 15:07:30,coriolis,6903062
coriolis/6903062/profiles/D6903062_275.nc,20221106145630.0,12.008,45.677,I,844,IF,20250520142530,2022-11-06 14:56:30,coriolis,6903062
coriolis/6903062/profiles/D6903062_276.nc,20221108150530.0,11.845,45.585,I,844,IF,20250520142530,2022-11-08 15:05:30,coriolis,6903062
coriolis/6903062/profiles/D6903062_277.nc,20221110145530.0,11.75,45.646,I,844,IF,20250520142530,2022-11-10 14:55:30,coriolis,6903062
coriolis/6903062/profiles/D6903062_278.nc,20221112145630.0,11.764,45.719,I,844,IF,20250520142530,2022-11-12 14:56:30,coriolis,6903062
coriolis/6903062/profiles/D6903062_279.nc,20221114145730.0,11.773,45.683,I,844,IF,20250520142530,2022-11-14 14:57:30,coriolis,6903062
coriolis/6903062/profiles/D6903062_280.nc,20221116145530.0,11.619,45.629,I,844,IF,20250520142530,2022-11-16 14:55:30,coriolis,6903062
coriolis/6903062/profiles/D6903062_281.nc,20221118145530.0,11.499,45.761,I,844,IF,20250520142530,2022-11-18 14:55:30,coriolis,6903062
coriolis/6903062/profiles/D6903062_282.nc,20221120145530.0,11.537,46.073,I,844,IF,20250520142530,2022-11-20 14:55:30,coriolis,6903062
coriolis/6903062/profiles/D6903062_283.nc,20221122145130.0,11.773,46.454,I,844,IF,20250520142530,2022-11-22 14:51:30,coriolis,6903062
coriolis/6903062/profiles/D6903062_284.nc,20221124150130.0,12.345,46.799,I,844,IF,20250520142530,2022-11-24 15:01:30,coriolis,6903062
coriolis/6903062/profiles/D6903062_285.nc,20221126145530.0,12.803,46.961,I,844,IF,20250520142530,2022-11-26 14:55:30,coriolis,6903062
coriolis/6903062/profiles/D6903062_286.nc,20221128145630.0,13.052,46.91,I,844,IF,20250520142530,2022-11-28 14:56:30,coriolis,6903062
coriolis/6903062/profiles/D6903062_287.nc,20221130145430.0,13.185,46.764,I,844,IF,20250520142530,2022-11-30 14:54:30,coriolis,6903062
coriolis/6903062/profiles/D6903062_288.nc,20221202145630.0,13.264,46.716,I,844,IF,20250520142530,2022-12-02 14:56:30,coriolis,6903062
coriolis/6903062/profiles/D6903062_289.nc,20221204115230.0,13.322,46.858,I,844,IF,20250520142530,2022-12-04 11:52:30,coriolis,6903062
coriolis/6903062/profiles/D6903062_290.nc,20221206121630.0,13.356,47.121,I,844,IF,20250520142530,2022-12-06 12:16:30,coriolis,6903062
coriolis/6903062/profiles/D6903062_291.nc,20221208145330.0,13.251,47.38,I,844,IF,20250520142530,2022-12-08 14:53:30,coriolis,6903062
coriolis/6903062/profiles/D6903062_292.nc,20221210145530.0,13.036,47.565,I,844,IF,20250520142530,2022-12-10 14:55:30,coriolis,6903062
coriolis/6903062/profiles/D6903062_293.nc,20221212145230.0,12.737,47.747,I,844,IF,20250520142530,2022-12-12 14:52:30,coriolis,6903062
coriolis/6903062/profiles/D6903062_294.nc,20221214150330.0,12.428,47.863,I,844,IF,20250520142530,2022-12-14 15:03:30,coriolis,6903062
coriolis/6903062/profiles/D6903062_295.nc,20221216145730.0,12.154,47.93,I,844,IF,20250520142530,2022-12-16 14:57:30,coriolis,6903062
coriolis/6903062/profiles/D6903062_296.nc,20221218145130.0,11.922,47.973,I,844,IF,20250520142530,2022-12-18 14:51:30,coriolis,6903062
coriolis/6903062/profiles/D6903062_297.nc,20221220145330.0,11.779,48.088,I,844,IF,20250520142530,2022-12-20 14:53:30,coriolis,6903062
coriolis/6903062/profiles/D6903062_298.nc,20221222150130.0,11.741,48.269,I,844,IF,20250520142530,2022-12-22 15:01:30,coriolis,6903062
coriolis/6903062/profiles/D6903062_299.nc,20221224145330.0,11.794,48.436,I,844,IF,20250520142530,2022-12-24 14:53:30,coriolis,6903062
coriolis/6903062/profiles/D6903062_300.nc,20221226145130.0,11.882,48.59,I,844,IF,20250520142530,2022-12-26 14:51:30,coriolis,6903062
coriolis/6903062/profiles/D6903062_301.nc,20221228145930.0,11.969,48.74,I,844,IF,20250520142530,2022-12-28 14:59:30,coriolis,6903062
coriolis/6903062/profiles/D6903062_302.nc,20221230145430.0,12.057,48.844,I,844,IF,20250520142530,2022-12-30 14:54:30,coriolis,6903062
coriolis/6903062/profiles/D6903062_303.nc,20230101145330.0,12.133,48.84,I,844,IF,20250520142530,2023-01-01 14:53:30,coriolis,6903062
coriolis/6903062/profiles/D6903062_304.nc,20230103145030.0,12.206,48.764,I,844,IF,20250520142530,2023-01-03 14:50:30,coriolis,6903062
coriolis/6903062/profiles/D6903062_305.nc,20230105145930.0,12.303,48.655,I,844,IF,20250520142530,2023-01-05 14:59:30,coriolis,6903062
coriolis/6903062/profiles/D6903062_306.nc,20230107145130.0,12.454,48.585,I,844,IF,20250520142530,2023-01-07 14:51:30,coriolis,6903062
coriolis/6903062/profiles/D6903062_307.nc,20230109145430.0,12.493,48.638,I,844,IF,20250520142530,2023-01-09 14:54:30,coriolis,6903062
coriolis/6903062/profiles/D6903062_308.nc,20230111145330.0,12.357,48.765,I,844,IF,20250520142530,2023-01-11 14:53:30,coriolis,6903062
coriolis/6903062/profiles/D6903062_309.nc,20230113145830.0,12.13,48.944,I,844,IF,20250520142530,2023-01-13 14:58:30,coriolis,6903062
coriolis/6903062/profiles/D6903062_310.nc,20230115145430.0,11.893,49.209,I,844,IF,20250520142530,2023-01-15 14:54:30,coriolis,6903062
coriolis/6903062/profiles/D6903062_311.nc,20230117145830.0,11.629,49.317,I,844,IF,20250520142530,2023-01-17 14:58:30,coriolis,6903062
coriolis/6903062/profiles/D6903062_312.nc,20230119131330.0,11.527,49.322,I,844,IF,20250520142530,2023-01-19 13:13:30,coriolis,6903062
coriolis/6903062/profiles/D6903062_313.nc,20230121112830.0,11.494,49.37,I,844,IF,20250520142530,2023-01-21 11:28:30,coriolis,6903062
coriolis/6903062/profiles/D6903062_314.nc,20230123112730.0,11.505,49.496,I,844,IF,20250520142530,2023-01-23 11:27:30,coriolis,6903062
coriolis/6903062/profiles/D6903062_315.nc,20230125114630.0,11.539,49.738,I,844,IF,20250520142530,2023-01-25 11:46:30,coriolis,6903062
coriolis/6903062/profiles/D6903062_316.nc,20230127144430.0,11.645,49.973,I,844,IF,20250520142530,2023-01-27 14:44:30,coriolis,6903062
coriolis/6903062/profiles/D6903062_317.nc,20230129145030.0,11.783,50.237,I,844,IF,20250520142530,2023-01-29 14:50:30,coriolis,6903062
coriolis/6903062/profiles/D6903062_318.nc,20230131125930.0,11.779,50.344,I,844,IF,20250520142530,2023-01-31 12:59:30,coriolis,6903062
coriolis/6903062/profiles/D6903062_319.nc,20230202103630.0,11.779,50.354,I,844,IF,20250520142530,2023-02-02 10:36:30,coriolis,6903062
coriolis/6903062/profiles/D6903062_320.nc,20230204123430.0,11.75,50.358,I,844,IF,20250520142530,2023-02-04 12:34:30,coriolis,6903062
coriolis/6903062/profiles/D6903062_321.nc,20230206100030.0,11.679,50.279,I,844,IF,20250520142530,2023-02-06 10:00:30,coriolis,6903062
coriolis/6903062/profiles/D6903062_322.nc,20230208134230.0,11.66,50.156,I,844,IF,20250520142530,2023-02-08 13:42:30,coriolis,6903062
coriolis/6903062/profiles/D6903062_323.nc,20230210145430.0,11.747,50.062,I,844,IF,20250520142530,2023-02-10 14:54:30,coriolis,6903062
coriolis/6903062/profiles/D6903062_324.nc,20230212145030.0,11.884,50.084,I,844,IF,20250520142530,2023-02-12 14:50:30,coriolis,6903062
coriolis/6903062/profiles/D6903062_325.nc,20230214145030.0,12.05,50.222,I,844,IF,20250520142530,2023-02-14 14:50:30,coriolis,6903062
coriolis/6903062/profiles/D6903062_326.nc,20230216145230.0,12.065,50.321,I,844,IF,20250520142530,2023-02-16 14:52:30,coriolis,6903062
coriolis/6903062/profiles/D6903062_327.nc,20230218145330.0,11.992,50.274,I,844,IF,20250520142530,2023-02-18 14:53:30,coriolis,6903062
coriolis/6903062/profiles/D6903062_328.nc,20230220145430.0,11.94,50.214,I,844,IF,20250520142530,2023-02-20 14:54:30,coriolis,6903062
coriolis/6903062/profiles/D6903062_329.nc,20230222145530.0,11.973,50.156,I,844,IF,20250520142530,2023-02-22 14:55:30,coriolis,6903062
coriolis/6903062/profiles/D6903062_330.nc,20230224145630.0,12.086,50.059,I,844,IF,20250520142530,2023-02-24 14:56:30,coriolis,6903062
coriolis/6903062/profiles/D6903062_331.nc,20230226150130.0,12.267,50.029,I,844,IF,20250520142530,2023-02-26 15:01:30,coriolis,6903062
coriolis/6903062/profiles/D6903062_332.nc,20230228145830.0,12.411,50.077,I,844,IF,20250520142530,2023-02-28 14:58:30,coriolis,6903062
coriolis/6903062/profiles/D6903062_333.nc,20230302145630.0,12.487,50.143,I,844,IF,20250520142530,2023-03-02 14:56:30,coriolis,6903062
coriolis/6903062/profiles/D6903062_334.nc,20230304145130.0,12.533,50.186,I,844,IF,20250520142530,2023-03-04 14:51:30,coriolis,6903062
coriolis/6903062/profiles/D6903062_335.nc,20230306144930.0,12.551,50.205,I,844,IF,20250520142530,2023-03-06 14:49:30,coriolis,6903062
coriolis/6903062/profiles/D6903062_336.nc,20230308145430.0,12.46,50.224,I,844,IF,20250520142530,2023-03-08 14:54:30,coriolis,6903062
coriolis/6903062/profiles/D6903062_337.nc,20230310145730.0,12.308,50.194,I,844,IF,20250520142530,2023-03-10 14:57:30,coriolis,6903062
coriolis/6903062/profiles/D6903062_338.nc,20230312145430.0,12.089,50.069,I,844,IF,20250520142530,2023-03-12 14:54:30,coriolis,6903062
coriolis/6903062/profiles/D6903062_339.nc,20230314145630.0,11.92,49.856,I,844,IF,20250520142530,2023-03-14 14:56:30,coriolis,6903062
coriolis/6903062/profiles/D6903062_340.nc,20230316145230.0,11.817,49.647,I,844,IF,20250520142530,2023-03-16 14:52:30,coriolis,6903062
coriolis/6903062/profiles/D6903062_341.nc,20230318145630.0,11.734,49.418,I,844,IF,20250520142530,2023-03-18 14:56:30,coriolis,6903062
coriolis/6903062/profiles/D6903062_342.nc,20230320145930.0,11.693,49.217,I,844,IF,20250520142530,2023-03-20 14:59:30,coriolis,6903062
coriolis/6903062/profiles/D6903062_343.nc,20230322150130.0,11.678,49.011,I,844,IF,20250520142530,2023-03-22 15:01:30,coriolis,6903062
coriolis/6903062/profiles/D6903062_344.nc,20230324145330.0,11.693,48.827,I,844,IF,20250520142530,2023-03-24 14:53:30,coriolis,6903062
coriolis/6903062/profiles/D6903062_345.nc,20230326145930.0,11.737,48.642,I,844,IF,20250520142530,2023-03-26 14:59:30,coriolis,6903062
coriolis/6903062/profiles/D6903062_346.nc,20230328150430.0,11.813,48.501,I,844,IF,20250520142530,2023-03-28 15:04:30,coriolis,6903062
coriolis/6903062/profiles/D6903062_347.nc,20230330150130.0,11.904,48.368,I,844,IF,20250520142530,2023-03-30 15:01:30,coriolis,6903062
coriolis/6903062/profiles/D6903062_348.nc,20230401145530.0,12.035,48.256,I,844,IF,20250520142530,2023-04-01 14:55:30,coriolis,6903062
coriolis/6903062/profiles/D6903062_349.nc,20230403144930.0,12.216,48.146,I,844,IF,20250520142530,2023-04-03 14:49:30,coriolis,6903062
coriolis/6903062/profiles/D6903062_350.nc,20230405150130.0,12.503,48.046,I,844,IF,20250520142530,2023-04-05 15:01:30,coriolis,6903062
coriolis/6903062/profiles/D6903062_351.nc,20230407145030.0,12.864,47.938,I,844,IF,20250520142530,2023-04-07 14:50:30,coriolis,6903062
coriolis/6903062/profiles/D6903062_352.nc,20230409145430.0,13.234,47.906,I,844,IF,20250520142530,2023-04-09 14:54:30,coriolis,6903062
coriolis/6903062/profiles/D6903062_353.nc,20230411145930.0,13.491,48.051,I,844,IF,20250520142530,2023-04-11 14:59:30,coriolis,6903062
coriolis/6903062/profiles/D6903062_354.nc,20230413145430.0,13.651,48.358,I,844,IF,20250520142530,2023-04-13 14:54:30,coriolis,6903062
coriolis/6903062/profiles/D6903062_355.nc,20230415144930.0,13.873,48.866,I,844,IF,20250520142530,2023-04-15 14:49:30,coriolis,6903062
coriolis/6903062/profiles/D6903062_356.nc,20230417145930.0,14.303,49.354,I,844,IF,20250520142530,2023-04-17 14:59:30,coriolis,6903062
coriolis/6903062/profiles/D6903062_357.nc,20230419145530.0,14.283,49.816,I,844,IF,20250520142530,2023-04-19 14:55:30,coriolis,6903062
coriolis/6903062/profiles/D6903062_358.nc,20230421145530.0,14.121,50.354,I,844,IF,20250520142530,2023-04-21 14:55:30,coriolis,6903062
coriolis/6903062/profiles/D6903062_359.nc,20230423145630.0,13.946,50.612,I,844,IF,20250520142530,2023-04-23 14:56:30,coriolis,6903062
coriolis/6903062/profiles/D6903062_360.nc,20230425145430.0,13.628,50.746,I,844,IF,20250520142530,2023-04-25 14:54:30,coriolis,6903062
coriolis/6903062/profiles/D6903062_361.nc,20230427145130.0,13.369,50.927,I,844,IF,20250520142530,2023-04-27 14:51:30,coriolis,6903062
coriolis/6903062/profiles/D6903062_362.nc,20230429150030.0,13.333,51.168,I,844,IF,20250520142530,2023-04-29 15:00:30,coriolis,6903062
coriolis/6903062/profiles/D6903062_363.nc,20230501145530.0,13.565,51.402,I,844,IF,20250520142530,2023-05-01 14:55:30,coriolis,6903062
coriolis/6903062/profiles/D6903062_364.nc,20230503144730.0,14.153,51.424,I,844,IF,20250520142530,2023-05-03 14:47:30,coriolis,6903062
coriolis/6903062/profiles/D6903062_365.nc,20230505145730.0,14.572,51.157,I,844,IF,20250520142530,2023-05-05 14:57:30,coriolis,6903062
coriolis/6903062/profiles/D6903062_366.nc,20230507145230.0,14.667,50.723,I,844,IF,20250520142530,2023-05-07 14:52:30,coriolis,6903062
coriolis/6903062/profiles/D6903062_367.nc,20230509145330.0,14.532,50.218,I,844,IF,20250520142530,2023-05-09 14:53:30,coriolis,6903062
coriolis/6903062/profiles/D6903062_368.nc,20230511150130.0,14.246,49.756,I,844,IF,20250520142530,2023-05-11 15:01:30,coriolis,6903062
coriolis/6903062/profiles/D6903062_369.nc,20230513145030.0,13.838,49.463,I,844,IF,20250520142530,2023-05-13 14:50:30,coriolis,6903062
coriolis/6903062/profiles/D6903062_370.nc,20230515145430.0,13.395,49.593,I,844,IF,20250520142530,2023-05-15 14:54:30,coriolis,6903062
coriolis/6903062/profiles/D6903062_371.nc,20230517145330.0,13.299,50.046,I,844,IF,20250520142530,2023-05-17 14:53:30,coriolis,6903062
coriolis/6903062/profiles/D6903062_372.nc,20230519145830.0,13.573,50.535,I,844,IF,20250520142530,2023-05-19 14:58:30,coriolis,6903062
coriolis/6903062/profiles/D6903062_373.nc,20230521145330.0,14.012,50.968,I,844,IF,20250520142530,2023-05-21 14:53:30,coriolis,6903062
coriolis/6903062/profiles/D6903062_374.nc,20230523145230.0,14.335,51.287,I,844,IF,20250520142530,2023-05-23 14:52:30,coriolis,6903062
coriolis/6903062/profiles/D6903062_375.nc,20230525145830.0,14.409,51.475,I,844,IF,20250520142530,2023-05-25 14:58:30,coriolis,6903062
coriolis/6903062/profiles/D6903062_376.nc,20230527145830.0,14.379,51.598,I,844,IF,20250520142530,2023-05-27 14:58:30,coriolis,6903062
coriolis/6903062/profiles/D6903062_377.nc,20230529145630.0,14.304,51.666,I,844,IF,20250520142530,2023-05-29 14:56:30,coriolis,6903062
coriolis/6903062/profiles/D6903062_378.nc,20230531145830.0,14.2,51.695,I,844,IF,20250520142530,2023-05-31 14:58:30,coriolis,6903062
coriolis/6903062/profiles/D6903062_379.nc,20230602145930.0,14.15,51.625,I,844,IF,20250520142530,2023-06-02 14:59:30,coriolis,6903062
coriolis/6903062/profiles/D6903062_380.nc,20230604145530.0,14.104,51.523,I,844,IF,20250520142530,2023-06-04 14:55:30,coriolis,6903062
coriolis/6903062/profiles/D6903062_381.nc,20230606145730.0,14.087,51.427,I,844,IF,20250520142530,2023-06-06 14:57:30,coriolis,6903062
coriolis/6903062/profiles/D6903062_382.nc,20230608145630.0,14.071,51.361,I,844,IF,20250520142530,2023-06-08 14:56:30,coriolis,6903062
coriolis/6903062/profiles/D6903062_383.nc,20230610145330.0,14.016,51.292,I,844,IF,20250520142530,2023-06-10 14:53:30,coriolis,6903062
coriolis/6903062/profiles/D6903062_384.nc,20230612145430.0,13.914,51.208,I,844,IF,20250520142530,2023-06-12 14:54:30,coriolis,6903062
coriolis/6903062/profiles/D6903062_385.nc,20230614145930.0,13.752,51.056,I,844,IF,20250520142530,2023-06-14 14:59:30,coriolis,6903062
coriolis/6903062/profiles/D6903062_386.nc,20230616145330.0,13.603,50.836,I,844,IF,20250520142530,2023-06-16 14:53:30,coriolis,6903062
coriolis/6903062/profiles/D6903062_387.nc,20230618145630.0,13.433,50.613,I,844,IF,20250520142530,2023-06-18 14:56:30,coriolis,6903062
coriolis/6903062/profiles/D6903062_388.nc,20230620145530.0,13.217,50.487,I,844,IF,20250520142530,2023-06-20 14:55:30,coriolis,6903062
coriolis/6903062/profiles/D6903062_389.nc,20230622145730.0,12.931,50.461,I,844,IF,20250520142530,2023-06-22 14:57:30,coriolis,6903062
coriolis/6903062/profiles/D6903062_390.nc,20230624145630.0,12.607,50.415,I,844,IF,20250520142530,2023-06-24 14:56:30,coriolis,6903062
coriolis/6903062/profiles/D6903062_391.nc,20230626145730.0,12.37,50.403,I,844,IF,20250520142530,2023-06-26 14:57:30,coriolis,6903062
coriolis/6903062/profiles/D6903062_392.nc,20230628145930.0,12.162,50.355,I,844,IF,20250520142530,2023-06-28 14:59:30,coriolis,6903062
coriolis/6903062/profiles/D6903062_393.nc,20230630150130.0,12.024,50.312,I,844,IF,20250520142530,2023-06-30 15:01:30,coriolis,6903062
coriolis/6903062/profiles/D6903062_394.nc,20230702145530.0,11.919,50.265,I,844,IF,20250520142530,2023-07-02 14:55:30,coriolis,6903062
coriolis/6903062/profiles/D6903062_395.nc,20230704145430.0,11.869,50.23,I,844,IF,20250520142530,2023-07-04 14:54:30,coriolis,6903062
coriolis/6903062/profiles/D6903062_396.nc,20230706145730.0,11.799,50.19,I,844,IF,20250520142530,2023-07-06 14:57:30,coriolis,6903062
coriolis/6903062/profiles/D6903062_397.nc,20230708150330.0,11.74,50.109,I,844,IF,20250520142530,2023-07-08 15:03:30,coriolis,6903062
coriolis/6903062/profiles/D6903062_398.nc,20230710145630.0,11.672,49.954,I,844,IF,20250520142530,2023-07-10 14:56:30,coriolis,6903062
coriolis/6903062/profiles/D6903062_399.nc,20230712145730.0,11.599,49.749,I,844,IF,20250520142530,2023-07-12 14:57:30,coriolis,6903062
coriolis/6903062/profiles/D6903062_400.nc,20230714141930.0,11.554,49.626,I,844,IF,20250520142530,2023-07-14 14:19:30,coriolis,6903062
coriolis/6903062/profiles/D6903062_401.nc,20230716114930.0,11.516,49.442,I,844,IF,20250520142530,2023-07-16 11:49:30,coriolis,6903062
coriolis/6903062/profiles/D6903062_402.nc,20230718104930.0,11.458,49.327,I,844,IF,20250520142530,2023-07-18 10:49:30,coriolis,6903062
coriolis/6903062/profiles/D6903062_403.nc,20230720122130.0,11.453,49.274,I,844,IF,20250520142530,2023-07-20 12:21:30,coriolis,6903062
coriolis/6903062/profiles/D6903062_404.nc,20230722145630.0,11.438,49.177,I,844,IF,20250520142530,2023-07-22 14:56:30,coriolis,6903062
coriolis/6903062/profiles/D6903062_405.nc,20230724150330.0,11.437,49.137,I,844,IF,20250520142530,2023-07-24 15:03:30,coriolis,6903062
coriolis/6903062/profiles/D6903062_406.nc,20230726145630.0,11.435,49.031,I,844,IF,20250520142530,2023-07-26 14:56:30,coriolis,6903062
coriolis/6903062/profiles/D6903062_407.nc,20230728145630.0,11.394,48.896,I,844,IF,20250520142530,2023-07-28 14:56:30,coriolis,6903062
coriolis/6903062/profiles/D6903062_408.nc,20230730115630.0,11.38,48.806,I,844,IF,20250520142530,2023-07-30 11:56:30,coriolis,6903062
coriolis/6903062/profiles/D6903062_409.nc,20230801103730.0,11.397,48.584,I,844,IF,20250520142530,2023-08-01 10:37:30,coriolis,6903062
coriolis/6903062/profiles/D6903062_410.nc,20230803132230.0,11.395,48.386,I,844,IF,20250520142530,2023-08-03 13:22:30,coriolis,6903062
coriolis/6903062/profiles/D6903062_411.nc,20230805145530.0,11.403,48.301,I,844,IF,20250520142530,2023-08-05 14:55:30,coriolis,6903062
coriolis/6903062/profiles/D6903062_412.nc,20230807145530.0,11.384,48.249,I,844,IF,20250520142530,2023-08-07 14:55:30,coriolis,6903062
coriolis/6903062/profiles/D6903062_413.nc,20230809145430.0,11.368,48.252,I,844,IF,20250520142530,2023-08-09 14:54:30,coriolis,6903062
coriolis/6903062/profiles/D6903062_414.nc,20230811145730.0,11.424,48.185,I,844,IF,20250520142530,2023-08-11 14:57:30,coriolis,6903062
coriolis/6903062/profiles/D6903062_415.nc,20230813145630.0,11.393,48.108,I,844,IF,20250520142530,2023-08-13 14:56:30,coriolis,6903062
coriolis/6903062/profiles/D6903062_416.nc,20230815145630.0,11.361,48.124,I,844,IF,20250520142530,2023-08-15 14:56:30,coriolis,6903062
coriolis/6903062/profiles/D6903062_417.nc,20230817150630.0,11.389,48.215,I,844,IF,20250520142530,2023-08-17 15:06:30,coriolis,6903062
coriolis/6903062/profiles/D6903062_418.nc,20230819145830.0,11.462,48.337,I,844,IF,20250520142530,2023-08-19 14:58:30,coriolis,6903062
coriolis/6903062/profiles/D6903062_419.nc,20230821145930.0,11.478,48.521,I,844,IF,20250520142530,2023-08-21 14:59:30,coriolis,6903062
coriolis/6903062/profiles/D6903062_420.nc,20230823145530.0,11.453,48.823,I,844,IF,20250520142530,2023-08-23 14:55:30,coriolis,6903062
coriolis/6903062/profiles/D6903062_421.nc,20230825145230.0,11.499,49.284,I,844,IF,20250520142530,2023-08-25 14:52:30,coriolis,6903062
coriolis/6903062/profiles/D6903062_422.nc,20230827145830.0,11.633,49.73,I,844,IF,20250520142530,2023-08-27 14:58:30,coriolis,6903062
coriolis/6903062/profiles/D6903062_423.nc,20230829145630.0,11.759,50.101,I,844,IF,20250520142530,2023-08-29 14:56:30,coriolis,6903062
coriolis/6903062/profiles/D6903062_424.nc,20230831145930.0,11.969,50.385,I,844,IF,20250520142530,2023-08-31 14:59:30,coriolis,6903062
coriolis/6903062/profiles/D6903062_425.nc,20230902145730.0,12.155,50.581,I,844,IF,20250520142530,2023-09-02 14:57:30,coriolis,6903062
coriolis/6903062/profiles/D6903062_426.nc,20230904144730.0,12.285,50.736,I,844,IF,20250520142530,2023-09-04 14:47:30,coriolis,6903062
coriolis/6903062/profiles/D6903062_427.nc,20230906145730.0,12.334,50.832,I,844,IF,20250520142530,2023-09-06 14:57:30,coriolis,6903062
coriolis/6903062/profiles/D6903062_428.nc,20230908145430.0,12.336,50.868,I,844,IF,20250520142530,2023-09-08 14:54:30,coriolis,6903062
coriolis/6903062/profiles/D6903062_429.nc,20230910140630.0,12.356,50.876,I,844,IF,20250520142530,2023-09-10 14:06:30,coriolis,6903062
coriolis/6903062/profiles/D6903062_430.nc,20230912144430.0,12.335,50.878,I,844,IF,20250520142530,2023-09-12 14:44:30,coriolis,6903062
coriolis/6903062/profiles/D6903062_431.nc,20230914145430.0,12.257,50.85,I,844,IF,20250520142530,2023-09-14 14:54:30,coriolis,6903062
coriolis/6903062/profiles/D6903062_432.nc,20230916145930.0,12.228,50.853,I,844,IF,20250520142530,2023-09-16 14:59:30,coriolis,6903062
coriolis/6903062/profiles/D6903062_433.nc,20230918110430.0,12.184,50.89,I,844,IF,20250520142530,2023-09-18 11:04:30,coriolis,6903062
coriolis/6903062/profiles/D6903062_434.nc,20230920093730.0,12.173,50.938,I,844,IF,20250520142530,2023-09-20 09:37:30,coriolis,6903062
coriolis/6903062/profiles/D6903062_435.nc,20230922094630.0,12.112,51.011,I,844,IF,20250520142530,2023-09-22 09:46:30,coriolis,6903062
coriolis/6903062/profiles/D6903062_436.nc,20230924090030.0,12.066,51.169,I,844,IF,20250520142530,2023-09-24 09:00:30,coriolis,6903062
coriolis/6903062/profiles/D6903062_437.nc,20230926095030.0,12.051,51.304,I,844,IF,20250520142530,2023-09-26 09:50:30,coriolis,6903062
coriolis/6903062/profiles/D6903062_438.nc,20230928091530.0,12.12,51.341,I,844,IF,20250520142530,2023-09-28 09:15:30,coriolis,6903062
coriolis/6903062/profiles/D6903062_439.nc,20230930090130.0,12.13,51.29,I,844,IF,20250520142530,2023-09-30 09:01:30,coriolis,6903062
coriolis/6903062/profiles/D6903062_440.nc,20231002085530.0,12.187,51.226,I,844,IF,20250520142530,2023-10-02 08:55:30,coriolis,6903062
coriolis/6903062/profiles/D6903062_441.nc,20231004095730.0,12.198,51.222,I,844,IF,20250520142530,2023-10-04 09:57:30,coriolis,6903062
coriolis/6903062/profiles/D6903062_442.nc,20231006093130.0,12.121,51.254,I,844,IF,20250520142530,2023-10-06 09:31:30,coriolis,6903062
coriolis/6903062/profiles/D6903062_443.nc,20231008092730.0,12.092,51.318,I,844,IF,20250520142530,2023-10-08 09:27:30,coriolis,6903062
coriolis/6903062/profiles/D6903062_444.nc,20231010142630.0,12.24,51.396,I,844,IF,20250520142530,2023-10-10 14:26:30,coriolis,6903062
coriolis/6903062/profiles/D6903062_445.nc,20231012152330.0,12.45,51.234,I,844,IF,20250520142530,2023-10-12 15:23:30,coriolis,6903062
coriolis/6903062/profiles/D6903062_446.nc,20231014154930.0,12.559,51.162,I,844,IF,20250520142530,2023-10-14 15:49:30,coriolis,6903062
coriolis/6903062/profiles/D6903062_447.nc,20231016224830.0,12.733,51.098,I,844,IF,20250520142530,2023-10-16 22:48:30,coriolis,6903062
coriolis/6903062/profiles/D6903062_448.nc,20231019005330.0,13.112,50.918,I,844,IF,20250520142530,2023-10-19 00:53:30,coriolis,6903062
coriolis/6903062/profiles/D6903062_449.nc,20231021030130.0,13.574,50.658,I,844,IF,20250520142530,2023-10-21 03:01:30,coriolis,6903062
coriolis/6903062/profiles/D6903062_450.nc,20231023045630.0,14.099,50.531,I,844,IF,20250520142530,2023-10-23 04:56:30,coriolis,6903062
coriolis/6903062/profiles/D6903062_451.nc,20231025065630.0,14.51,50.554,I,844,IF,20250520142530,2023-10-25 06:56:30,coriolis,6903062
coriolis/6903062/profiles/D6903062_452.nc,20231027090130.0,14.746,50.687,I,844,IF,20250520142530,2023-10-27 09:01:30,coriolis,6903062
coriolis/6903062/profiles/D6903062_453.nc,20231029054730.0,14.832,50.914,I,844,IF,20250520142530,2023-10-29 05:47:30,coriolis,6903062
coriolis/6903062/profiles/D6903062_454.nc,20231031080830.0,14.836,51.054,I,844,IF,20250520142530,2023-10-31 08:08:30,coriolis,6903062
coriolis/6903062/profiles/D6903062_455.nc,20231102101230.0,14.834,51.24,I,844,IF,20250520142530,2023-11-02 10:12:30,coriolis,6903062
coriolis/6903062/profiles/D6903062_456.nc,20231104104130.0,14.865,51.34,I,844,IF,20250520142530,2023-11-04 10:41:30,coriolis,6903062
coriolis/6903062/profiles/D6903062_457.nc,20231106130930.0,14.932,51.499,I,844,IF,20250520142530,2023-11-06 13:09:30,coriolis,6903062
coriolis/6903062/profiles/D6903062_458.nc,20231108192530.0,14.861,51.59,I,844,IF,20250520142530,2023-11-08 19:25:30,coriolis,6903062
coriolis/6903062/profiles/D6903062_459.nc,20231110225330.0,14.722,51.791,I,844,IF,20250520142530,2023-11-10 22:53:30,coriolis,6903062
coriolis/6903062/profiles/D6903062_460.nc,20231113005230.0,14.636,51.855,I,844,IF,20250520142530,2023-11-13 00:52:30,coriolis,6903062
coriolis/6903062/profiles/D6903062_461.nc,20231115025930.0,14.724,51.795,I,844,IF,20250520142530,2023-11-15 02:59:30,coriolis,6903062
coriolis/6903062/profiles/D6903062_462.nc,20231117045730.0,14.72,51.793,I,844,IF,20250520142530,2023-11-17 04:57:30,coriolis,6903062
coriolis/6903062/profiles/D6903062_463.nc,20231119065830.0,14.798,52.012,I,844,IF,20250520142530,2023-11-19 06:58:30,coriolis,6903062
coriolis/6903062/profiles/D6903062_464.nc,20231121084830.0,14.559,52.245,I,844,IF,20250520142530,2023-11-21 08:48:30,coriolis,6903062
coriolis/6903062/profiles/D6903062_465.nc,20231123104730.0,14.189,52.499,I,844,IF,20250520142530,2023-11-23 10:47:30,coriolis,6903062
coriolis/6903062/profiles/D6903062_466.nc,20231125125030.0,13.789,52.764,I,844,IF,20250520142530,2023-11-25 12:50:30,coriolis,6903062
coriolis/6903062/profiles/D6903062_467.nc,20231127150130.0,13.522,53.099,I,844,IF,20250520142530,2023-11-27 15:01:30,coriolis,6903062
coriolis/6903062/profiles/D6903062_468.nc,20231129165230.0,13.547,53.363,I,844,IF,20250520142530,2023-11-29 16:52:30,coriolis,6903062
coriolis/6903062/profiles/D6903062_469.nc,20231201185530.0,13.642,53.556,I,844,IF,20250520142530,2023-12-01 18:55:30,coriolis,6903062
coriolis/6903062/profiles/D6903062_470.nc,20231203205430.0,13.771,53.636,I,844,IF,20250520142530,2023-12-03 20:54:30,coriolis,6903062
coriolis/6903062/profiles/D6903062_471.nc,20231205225330.0,13.942,53.639,I,844,IF,20250520142530,2023-12-05 22:53:30,coriolis,6903062
coriolis/6903062/profiles/D6903062_472.nc,20231208010130.0,14.248,53.55,I,844,IF,20250520142530,2023-12-08 01:01:30,coriolis,6903062
coriolis/6903062/profiles/D6903062_473.nc,20231210025230.0,14.772,53.39,I,844,IF,20250520142530,2023-12-10 02:52:30,coriolis,6903062
coriolis/6903062/profiles/D6903062_474.nc,20231212045530.0,15.43,53.49,I,844,IF,20250520142530,2023-12-12 04:55:30,coriolis,6903062
coriolis/6903062/profiles/D6903062_475.nc,20231214064930.0,15.787,53.954,I,844,IF,20250520142530,2023-12-14 06:49:30,coriolis,6903062
coriolis/6903062/profiles/D6903062_476.nc,20231216085830.0,15.711,54.368,I,844,IF,20250520142530,2023-12-16 08:58:30,coriolis,6903062
coriolis/6903062/profiles/D6903062_477.nc,20231218105330.0,15.374,54.462,I,844,IF,20250520142530,2023-12-18 10:53:30,coriolis,6903062
coriolis/6903062/profiles/D6903062_478.nc,20231220125330.0,14.99,54.148,I,844,IF,20250520142530,2023-12-20 12:53:30,coriolis,6903062
coriolis/6903062/profiles/D6903062_479.nc,20231222145330.0,14.819,53.547,I,844,IF,20250520142530,2023-12-22 14:53:30,coriolis,6903062
coriolis/6903062/profiles/D6903062_480.nc,20231224164030.0,15.092,52.979,I,844,IF,20250520142530,2023-12-24 16:40:30,coriolis,6903062
coriolis/6903062/profiles/D6903062_481.nc,20231226185930.0,15.672,52.856,I,844,IF,20250520142530,2023-12-26 18:59:30,coriolis,6903062
coriolis/6903062/profiles/D6903062_482.nc,20231228205930.0,16.18,53.261,I,844,IF,20250520142530,2023-12-28 20:59:30,coriolis,6903062
coriolis/6903062/profiles/D6903062_483.nc,20231230225230.0,16.189,53.923,I,844,IF,20250520142530,2023-12-30 22:52:30,coriolis,6903062
coriolis/6903063/profiles/D6903063_121.nc,20220102101030.0,25.441,57.363,I,844,IF,20250520144053,2022-01-02 10:10:30,coriolis,6903063
coriolis/6903063/profiles/D6903063_122.nc,20220104145730.0,25.378,57.227,I,844,IF,20250520144053,2022-01-04 14:57:30,coriolis,6903063
coriolis/6903063/profiles/D6903063_123.nc,20220106093530.0,25.42,57.152,I,844,IF,20250520144053,2022-01-06 09:35:30,coriolis,6903063
coriolis/6903063/profiles/D6903063_124.nc,20220108101230.0,25.473,57.248,I,844,IF,20250520144053,2022-01-08 10:12:30,coriolis,6903063
coriolis/6903063/profiles/D6903063_125.nc,20220110091330.0,25.531,57.265,I,844,IF,20250520144053,2022-01-10 09:13:30,coriolis,6903063
coriolis/6903063/profiles/D6903063_126.nc,20220112082030.0,25.506,57.163,I,844,IF,20250520144053,2022-01-12 08:20:30,coriolis,6903063
coriolis/6903063/profiles/D6903063_127.nc,20220114082230.0,25.517,57.174,I,844,IF,20250520144053,2022-01-14 08:22:30,coriolis,6903063
coriolis/6903063/profiles/D6903063_128.nc,20220116083230.0,25.487,57.3,I,844,IF,20250520144053,2022-01-16 08:32:30,coriolis,6903063
coriolis/6903063/profiles/D6903063_129.nc,20220118110230.0,25.406,57.358,I,844,IF,20250520144053,2022-01-18 11:02:30,coriolis,6903063
coriolis/6903063/profiles/D6903063_130.nc,20220120144230.0,25.263,57.434,I,844,IF,20250520144053,2022-01-20 14:42:30,coriolis,6903063
coriolis/6903063/profiles/D6903063_131.nc,20220122144830.0,25.185,57.574,I,844,IF,20250520144053,2022-01-22 14:48:30,coriolis,6903063
coriolis/6903063/profiles/D6903063_132.nc,20220124145930.0,25.056,57.866,I,844,IF,20250520144053,2022-01-24 14:59:30,coriolis,6903063
coriolis/6903063/profiles/D6903063_133.nc,20220126144830.0,24.904,58.21,I,844,IF,20250520144053,2022-01-26 14:48:30,coriolis,6903063
coriolis/6903063/profiles/D6903063_134.nc,20220128145030.0,24.914,58.512,I,844,IF,20250520144053,2022-01-28 14:50:30,coriolis,6903063
coriolis/6903063/profiles/D6903063_135.nc,20220130145230.0,25.015,58.72,I,844,IF,20250520144053,2022-01-30 14:52:30,coriolis,6903063
coriolis/6903063/profiles/D6903063_136.nc,20220201145230.0,25.089,58.92,I,844,IF,20250520144053,2022-02-01 14:52:30,coriolis,6903063
coriolis/6903063/profiles/D6903063_137.nc,20220203132830.0,25.075,59.145,I,844,IF,20250520144053,2022-02-03 13:28:30,coriolis,6903063
coriolis/6903063/profiles/D6903063_138.nc,20220205145230.0,25.088,59.379,I,844,IF,20250520144053,2022-02-05 14:52:30,coriolis,6903063
coriolis/6903063/profiles/D6903063_139.nc,20220207105930.0,25.096,59.729,I,844,IF,20250520144053,2022-02-07 10:59:30,coriolis,6903063
coriolis/6903063/profiles/D6903063_140.nc,20220209145230.0,25.038,60.04,I,844,IF,20250520144053,2022-02-09 14:52:30,coriolis,6903063
coriolis/6903063/profiles/D6903063_141.nc,20220211145130.0,24.965,60.102,I,844,IF,20250520144053,2022-02-11 14:51:30,coriolis,6903063
coriolis/6903063/profiles/D6903063_142.nc,20220213145330.0,24.779,60.053,I,844,IF,20250520144053,2022-02-13 14:53:30,coriolis,6903063
coriolis/6903063/profiles/D6903063_143.nc,20220215145230.0,24.565,60.03,I,844,IF,20250520144053,2022-02-15 14:52:30,coriolis,6903063
coriolis/6903063/profiles/D6903063_144.nc,20220217145230.0,24.409,60.021,I,844,IF,20250520144053,2022-02-17 14:52:30,coriolis,6903063
coriolis/6903063/profiles/D6903063_145.nc,20220219145030.0,24.103,60.069,I,844,IF,20250520144053,2022-02-19 14:50:30,coriolis,6903063
coriolis/6903063/profiles/D6903063_146.nc,20220221145230.0,23.81,60.287,I,844,IF,20250520144053,2022-02-21 14:52:30,coriolis,6903063
coriolis/6903063/profiles/D6903063_147.nc,20220223144830.0,23.63,60.581,I,844,IF,20250520144053,2022-02-23 14:48:30,coriolis,6903063
coriolis/6903063/profiles/D6903063_148.nc,20220225145330.0,23.423,60.952,I,844,IF,20250520144053,2022-02-25 14:53:30,coriolis,6903063
coriolis/6903063/profiles/D6903063_149.nc,20220227144530.0,23.224,61.46,I,844,IF,20250520144053,2022-02-27 14:45:30,coriolis,6903063
coriolis/6903063/profiles/D6903063_150.nc,20220301144530.0,23.215,62.146,I,844,IF,20250520144053,2022-03-01 14:45:30,coriolis,6903063
coriolis/6903063/profiles/D6903063_151.nc,20220303144730.0,23.596,62.535,I,844,IF,20250520144053,2022-03-03 14:47:30,coriolis,6903063
coriolis/6903063/profiles/D6903063_152.nc,20220305145030.0,24.024,62.474,I,844,IF,20250520144053,2022-03-05 14:50:30,coriolis,6903063
coriolis/6903063/profiles/D6903063_153.nc,20220307145330.0,24.28,62.126,I,844,IF,20250520144053,2022-03-07 14:53:30,coriolis,6903063
coriolis/6903063/profiles/D6903063_154.nc,20220309145330.0,24.261,61.673,I,844,IF,20250520144053,2022-03-09 14:53:30,coriolis,6903063
coriolis/6903063/profiles/D6903063_155.nc,20220311144930.0,23.926,61.293,I,844,IF,20250520144053,2022-03-11 14:49:30,coriolis,6903063
coriolis/6903063/profiles/D6903063_156.nc,20220313144530.0,23.537,61.223,I,844,IF,20250520144053,2022-03-13 14:45:30,coriolis,6903063
coriolis/6903063/profiles/D6903063_157.nc,20220315145030.0,23.223,61.558,I,844,IF,20250520144053,2022-03-15 14:50:30,coriolis,6903063
coriolis/6903063/profiles/D6903063_158.nc,20220317145130.0,23.114,61.939,I,844,IF,20250520144053,2022-03-17 14:51:30,coriolis,6903063
coriolis/6903063/profiles/D6903063_159.nc,20220319144930.0,23.215,62.246,I,844,IF,20250520144053,2022-03-19 14:49:30,coriolis,6903063
coriolis/6903063/profiles/D6903063_160.nc,20220321145130.0,23.607,62.383,I,844,IF,20250520144053,2022-03-21 14:51:30,coriolis,6903063
coriolis/6903063/profiles/D6903063_161.nc,20220323145130.0,24.078,62.175,I,844,IF,20250520144053,2022-03-23 14:51:30,coriolis,6903063
coriolis/6903063/profiles/D6903063_162.nc,20220325145230.0,24.31,61.697,I,844,IF,20250520144053,2022-03-25 14:52:30,coriolis,6903063
coriolis/6903063/profiles/D6903063_163.nc,20220327145330.0,24.215,61.193,I,844,IF,20250520144053,2022-03-27 14:53:30,coriolis,6903063
coriolis/6903063/profiles/D6903063_164.nc,20220329144630.0,23.892,60.859,I,844,IF,20250520144053,2022-03-29 14:46:30,coriolis,6903063
coriolis/6903063/profiles/D6903063_165.nc,20220331145930.0,23.579,60.768,I,844,IF,20250520144053,2022-03-31 14:59:30,coriolis,6903063
coriolis/6903063/profiles/D6903063_166.nc,20220402145230.0,23.298,60.883,I,844,IF,20250520144053,2022-04-02 14:52:30,coriolis,6903063
coriolis/6903063/profiles/D6903063_167.nc,20220404145730.0,22.972,61.444,I,844,IF,20250520144053,2022-04-04 14:57:30,coriolis,6903063
coriolis/6903063/profiles/D6903063_168.nc,20220406145730.0,22.823,62.162,I,844,IF,20250520144053,2022-04-06 14:57:30,coriolis,6903063
coriolis/6903063/profiles/D6903063_169.nc,20220408145730.0,22.804,62.498,I,844,IF,20250520144053,2022-04-08 14:57:30,coriolis,6903063
coriolis/6903063/profiles/D6903063_170.nc,20220410144030.0,22.922,62.791,I,844,IF,20250520144053,2022-04-10 14:40:30,coriolis,6903063
coriolis/6903063/profiles/D6903063_171.nc,20220412145230.0,23.265,62.78,I,844,IF,20250520144053,2022-04-12 14:52:30,coriolis,6903063
coriolis/6903063/profiles/D6903063_172.nc,20220414145230.0,23.394,62.562,I,844,IF,20250520144053,2022-04-14 14:52:30,coriolis,6903063
coriolis/6903063/profiles/D6903063_173.nc,20220416145830.0,23.395,62.51,I,844,IF,20250520144053,2022-04-16 14:58:30,coriolis,6903063
coriolis/6903063/profiles/D6903063_174.nc,20220418145330.0,23.389,62.64,I,844,IF,20250520144053,2022-04-18 14:53:30,coriolis,6903063
coriolis/6903063/profiles/D6903063_175.nc,20220420145930.0,23.518,62.776,I,844,IF,20250520144053,2022-04-20 14:59:30,coriolis,6903063
coriolis/6903063/profiles/D6903063_176.nc,20220422145130.0,23.764,62.656,I,844,IF,20250520144053,2022-04-22 14:51:30,coriolis,6903063
coriolis/6903063/profiles/D6903063_177.nc,20220424145030.0,23.757,62.502,I,844,IF,20250520144053,2022-04-24 14:50:30,coriolis,6903063
coriolis/6903063/profiles/D6903063_178.nc,20220426145530.0,23.779,62.552,I,844,IF,20250520144053,2022-04-26 14:55:30,coriolis,6903063
coriolis/6903063/profiles/D6903063_179.nc,20220428150130.0,23.989,62.548,I,844,IF,20250520144053,2022-04-28 15:01:30,coriolis,6903063
coriolis/6903063/profiles/D6903063_180.nc,20220430150330.0,24.057,62.343,I,844,IF,20250520144053,2022-04-30 15:03:30,coriolis,6903063
coriolis/6903063/profiles/D6903063_181.nc,20220502145730.0,24.023,62.444,I,844,IF,20250520144053,2022-05-02 14:57:30,coriolis,6903063
coriolis/6903063/profiles/D6903063_182.nc,20220504145830.0,24.211,62.304,I,844,IF,20250520144053,2022-05-04 14:58:30,coriolis,6903063
coriolis/6903063/profiles/D6903063_183.nc,20220506144630.0,24.178,62.231,I,844,IF,20250520144053,2022-05-06 14:46:30,coriolis,6903063
coriolis/6903063/profiles/D6903063_184.nc,20220508150130.0,24.281,62.082,I,844,IF,20250520144053,2022-05-08 15:01:30,coriolis,6903063
coriolis/6903063/profiles/D6903063_185.nc,20220510145530.0,24.371,62.024,I,844,IF,20250520144053,2022-05-10 14:55:30,coriolis,6903063
coriolis/6903063/profiles/D6903063_186.nc,20220512145430.0,24.344,61.853,I,844,IF,20250520144053,2022-05-12 14:54:30,coriolis,6903063
coriolis/6903063/profiles/D6903063_187.nc,20220514145630.0,24.382,61.669,I,844,IF,20250520144053,2022-05-14 14:56:30,coriolis,6903063
coriolis/6903063/profiles/D6903063_188.nc,20220516145630.0,24.401,61.509,I,844,IF,20250520144053,2022-05-16 14:56:30,coriolis,6903063
coriolis/6903063/profiles/D6903063_189.nc,20220518145630.0,24.288,61.186,I,844,IF,20250520144053,2022-05-18 14:56:30,coriolis,6903063
coriolis/6903063/profiles/D6903063_190.nc,20220520145530.0,24.21,61.093,I,844,IF,20250520144053,2022-05-20 14:55:30,coriolis,6903063
coriolis/6903063/profiles/D6903063_191.nc,20220522145330.0,24.246,60.822,I,844,IF,20250520144053,2022-05-22 14:53:30,coriolis,6903063
coriolis/6903063/profiles/D6903063_192.nc,20220524145030.0,23.905,60.593,I,844,IF,20250520144053,2022-05-24 14:50:30,coriolis,6903063
coriolis/6903063/profiles/D6903063_193.nc,20220526145430.0,23.691,60.728,I,844,IF,20250520144053,2022-05-26 14:54:30,coriolis,6903063
coriolis/6903063/profiles/D6903063_194.nc,20220528145630.0,23.606,60.895,I,844,IF,20250520144053,2022-05-28 14:56:30,coriolis,6903063
coriolis/6903063/profiles/D6903063_195.nc,20220530145730.0,23.548,61.184,I,844,IF,20250520144053,2022-05-30 14:57:30,coriolis,6903063
coriolis/6903063/profiles/D6903063_196.nc,20220601145830.0,23.696,61.701,I,844,IF,20250520144053,2022-06-01 14:58:30,coriolis,6903063
coriolis/6903063/profiles/D6903063_197.nc,20220603145230.0,23.978,61.912,I,844,IF,20250520144053,2022-06-03 14:52:30,coriolis,6903063
coriolis/6903063/profiles/D6903063_198.nc,20220605145030.0,24.229,61.854,I,844,IF,20250520144053,2022-06-05 14:50:30,coriolis,6903063
coriolis/6903063/profiles/D6903063_199.nc,20220607145330.0,24.421,61.523,I,844,IF,20250520144053,2022-06-07 14:53:30,coriolis,6903063
coriolis/6903063/profiles/D6903063_200.nc,20220609145330.0,24.518,60.905,I,844,IF,20250520144053,2022-06-09 14:53:30,coriolis,6903063
coriolis/6903063/profiles/D6903063_201.nc,20220611145930.0,24.453,60.332,I,844,IF,20250520144053,2022-06-11 14:59:30,coriolis,6903063
coriolis/6903063/profiles/D6903063_202.nc,20220613145430.0,24.386,59.935,I,844,IF,20250520144053,2022-06-13 14:54:30,coriolis,6903063
coriolis/6903063/profiles/D6903063_203.nc,20220615145330.0,24.296,59.654,I,844,IF,20250520144053,2022-06-15 14:53:30,coriolis,6903063
coriolis/6903063/profiles/D6903063_204.nc,20220617145630.0,24.134,59.474,I,844,IF,20250520144053,2022-06-17 14:56:30,coriolis,6903063
coriolis/6903063/profiles/D6903063_205.nc,20220619145530.0,23.943,59.42,I,844,IF,20250520144053,2022-06-19 14:55:30,coriolis,6903063
coriolis/6903063/profiles/D6903063_206.nc,20220621145630.0,23.693,59.48,I,844,IF,20250520144053,2022-06-21 14:56:30,coriolis,6903063
coriolis/6903063/profiles/D6903063_207.nc,20220623145730.0,23.451,59.651,I,844,IF,20250520144053,2022-06-23 14:57:30,coriolis,6903063
coriolis/6903063/profiles/D6903063_208.nc,20220625145130.0,23.351,59.953,I,844,IF,20250520144053,2022-06-25 14:51:30,coriolis,6903063
coriolis/6903063/profiles/D6903063_209.nc,20220627145430.0,23.436,60.329,I,844,IF,20250520144053,2022-06-27 14:54:30,coriolis,6903063
coriolis/6903063/profiles/D6903063_210.nc,20220629145430.0,23.726,60.736,I,844,IF,20250520144053,2022-06-29 14:54:30,coriolis,6903063
coriolis/6903063/profiles/D6903063_211.nc,20220701150230.0,23.96,60.984,I,844,IF,20250520144053,2022-07-01 15:02:30,coriolis,6903063
coriolis/6903063/profiles/D6903063_212.nc,20220703145730.0,24.149,61.172,I,844,IF,20250520144053,2022-07-03 14:57:30,coriolis,6903063
coriolis/6903063/profiles/D6903063_213.nc,20220705145230.0,24.278,61.314,I,844,IF,20250520144053,2022-07-05 14:52:30,coriolis,6903063
coriolis/6903063/profiles/D6903063_214.nc,20220707145630.0,24.379,61.421,I,844,IF,20250520144053,2022-07-07 14:56:30,coriolis,6903063
coriolis/6903063/profiles/D6903063_215.nc,20220709145630.0,24.468,61.505,I,844,IF,20250520144053,2022-07-09 14:56:30,coriolis,6903063
coriolis/6903063/profiles/D6903063_216.nc,20220711145530.0,24.523,61.597,I,844,IF,20250520144053,2022-07-11 14:55:30,coriolis,6903063
coriolis/6903063/profiles/D6903063_217.nc,20220713145630.0,24.515,61.784,I,844,IF,20250520144053,2022-07-13 14:56:30,coriolis,6903063
coriolis/6903063/profiles/D6903063_218.nc,20220715145230.0,24.485,61.96,I,844,IF,20250520144053,2022-07-15 14:52:30,coriolis,6903063
coriolis/6903063/profiles/D6903063_219.nc,20220717145330.0,24.452,62.069,I,844,IF,20250520144053,2022-07-17 14:53:30,coriolis,6903063
coriolis/6903063/profiles/D6903063_220.nc,20220719145530.0,24.413,62.101,I,844,IF,20250520144053,2022-07-19 14:55:30,coriolis,6903063
coriolis/6903063/profiles/D6903063_221.nc,20220721145530.0,24.417,62.069,I,844,IF,20250520144053,2022-07-21 14:55:30,coriolis,6903063
coriolis/6903063/profiles/D6903063_222.nc,20220723145830.0,24.412,62.017,I,844,IF,20250520144053,2022-07-23 14:58:30,coriolis,6903063
coriolis/6903063/profiles/D6903063_223.nc,20220725150130.0,24.393,61.936,I,844,IF,20250520144053,2022-07-25 15:01:30,coriolis,6903063
coriolis/6903063/profiles/D6903063_224.nc,20220727145630.0,24.318,61.915,I,844,IF,20250520144053,2022-07-27 14:56:30,coriolis,6903063
coriolis/6903063/profiles/D6903063_225.nc,20220729145430.0,24.181,61.942,I,844,IF,20250520144053,2022-07-29 14:54:30,coriolis,6903063
coriolis/6903063/profiles/D6903063_226.nc,20220731145430.0,23.97,62.038,I,844,IF,20250520144053,2022-07-31 14:54:30,coriolis,6903063
coriolis/6903063/profiles/D6903063_227.nc,20220802145130.0,23.698,62.245,I,844,IF,20250520144053,2022-08-02 14:51:30,coriolis,6903063
coriolis/6903063/profiles/D6903063_228.nc,20220804145330.0,23.496,62.421,I,844,IF,20250520144053,2022-08-04 14:53:30,coriolis,6903063
coriolis/6903063/profiles/D6903063_229.nc,20220806145930.0,23.312,62.525,I,844,IF,20250520144053,2022-08-06 14:59:30,coriolis,6903063
coriolis/6903063/profiles/D6903063_230.nc,20220808145230.0,23.118,62.554,I,844,IF,20250520144053,2022-08-08 14:52:30,coriolis,6903063
coriolis/6903063/profiles/D6903063_231.nc,20220810145730.0,22.915,62.538,I,844,IF,20250520144053,2022-08-10 14:57:30,coriolis,6903063
coriolis/6903063/profiles/D6903063_232.nc,20220812145630.0,22.569,62.423,I,844,IF,20250520144053,2022-08-12 14:56:30,coriolis,6903063
coriolis/6903063/profiles/D6903063_233.nc,20220814145330.0,22.135,62.277,I,844,IF,20250520144053,2022-08-14 14:53:30,coriolis,6903063
coriolis/6903063/profiles/D6903063_234.nc,20220816104630.0,21.828,62.052,I,844,IF,20250520144053,2022-08-16 10:46:30,coriolis,6903063
coriolis/6903063/profiles/D6903063_235.nc,20220818150130.0,21.576,61.702,I,844,IF,20250520144053,2022-08-18 15:01:30,coriolis,6903063
coriolis/6903063/profiles/D6903063_236.nc,20220820150130.0,21.403,61.308,I,844,IF,20250520144053,2022-08-20 15:01:30,coriolis,6903063
coriolis/6903063/profiles/D6903063_237.nc,20220822145430.0,21.26,60.9,I,844,IF,20250520144053,2022-08-22 14:54:30,coriolis,6903063
coriolis/6903063/profiles/D6903063_238.nc,20220824145630.0,21.052,60.66,I,844,IF,20250520144053,2022-08-24 14:56:30,coriolis,6903063
coriolis/6903063/profiles/D6903063_239.nc,20220826145530.0,20.888,60.603,I,844,IF,20250520144053,2022-08-26 14:55:30,coriolis,6903063
coriolis/6903063/profiles/D6903063_240.nc,20220828145430.0,20.8,60.655,I,844,IF,20250520144053,2022-08-28 14:54:30,coriolis,6903063
coriolis/6903063/profiles/D6903063_241.nc,20220830145630.0,20.826,60.79,I,844,IF,20250520144053,2022-08-30 14:56:30,coriolis,6903063
coriolis/6903063/profiles/D6903063_242.nc,20220901145630.0,20.973,60.898,I,844,IF,20250520144053,2022-09-01 14:56:30,coriolis,6903063
coriolis/6903063/profiles/D6903063_243.nc,20220903145830.0,21.172,60.886,I,844,IF,20250520144053,2022-09-03 14:58:30,coriolis,6903063
coriolis/6903063/profiles/D6903063_244.nc,20220905145930.0,21.332,60.699,I,844,IF,20250520144053,2022-09-05 14:59:30,coriolis,6903063
coriolis/6903063/profiles/D6903063_245.nc,20220907145830.0,21.432,60.389,I,844,IF,20250520144053,2022-09-07 14:58:30,coriolis,6903063
coriolis/6903063/profiles/D6903063_246.nc,20220909144930.0,21.341,60.062,I,844,IF,20250520144053,2022-09-09 14:49:30,coriolis,6903063
coriolis/6903063/profiles/D6903063_247.nc,20220911145130.0,21.017,59.844,I,844,IF,20250520144053,2022-09-11 14:51:30,coriolis,6903063
coriolis/6903063/profiles/D6903063_248.nc,20220913144930.0,20.631,59.69,I,844,IF,20250520144053,2022-09-13 14:49:30,coriolis,6903063
coriolis/6903063/profiles/D6903063_249.nc,20220915144830.0,20.35,59.527,I,844,IF,20250520144053,2022-09-15 14:48:30,coriolis,6903063
coriolis/6903063/profiles/D6903063_250.nc,20220917145230.0,20.115,59.317,I,844,IF,20250520144053,2022-09-17 14:52:30,coriolis,6903063
coriolis/6903063/profiles/D6903063_251.nc,20220919145130.0,19.815,59.091,I,844,IF,20250520144053,2022-09-19 14:51:30,coriolis,6903063
coriolis/6903063/profiles/D6903063_252.nc,20220921145330.0,19.49,58.892,I,844,IF,20250520144053,2022-09-21 14:53:30,coriolis,6903063
coriolis/6903063/profiles/D6903063_253.nc,20220923145830.0,19.194,58.739,I,844,IF,20250520144053,2022-09-23 14:58:30,coriolis,6903063
coriolis/6903063/profiles/D6903063_254.nc,20220925145630.0,18.912,58.606,I,844,IF,20250520144053,2022-09-25 14:56:30,coriolis,6903063
coriolis/6903063/profiles/D6903063_255.nc,20220927145130.0,18.628,58.498,I,844,IF,20250520144053,2022-09-27 14:51:30,coriolis,6903063
coriolis/6903063/profiles/D6903063_256.nc,20220929145130.0,18.349,58.53,I,844,IF,20250520144053,2022-09-29 14:51:30,coriolis,6903063
coriolis/6903063/profiles/D6903063_257.nc,20221001145430.0,18.267,58.69,I,844,IF,20250520144053,2022-10-01 14:54:30,coriolis,6903063
coriolis/6903063/profiles/D6903063_258.nc,20221003145330.0,18.476,58.898,I,844,IF,20250520144053,2022-10-03 14:53:30,coriolis,6903063
coriolis/6903063/profiles/D6903063_259.nc,20221005144630.0,18.852,58.907,I,844,IF,20250520144053,2022-10-05 14:46:30,coriolis,6903063
coriolis/6903063/profiles/D6903063_260.nc,20221007145130.0,19.055,58.8,I,844,IF,20250520144053,2022-10-07 14:51:30,coriolis,6903063
coriolis/6903063/profiles/D6903063_261.nc,20221009144830.0,19.107,58.653,I,844,IF,20250520144053,2022-10-09 14:48:30,coriolis,6903063
coriolis/6903063/profiles/D6903063_262.nc,20221011145430.0,18.991,58.4,I,844,IF,20250520144053,2022-10-11 14:54:30,coriolis,6903063
coriolis/6903063/profiles/D6903063_263.nc,20221013145530.0,18.614,58.053,I,844,IF,20250520144053,2022-10-13 14:55:30,coriolis,6903063
coriolis/6903063/profiles/D6903063_264.nc,20221015145530.0,18.148,57.958,I,844,IF,20250520144053,2022-10-15 14:55:30,coriolis,6903063
coriolis/6903063/profiles/D6903063_265.nc,20221017145630.0,17.895,58.185,I,844,IF,20250520144053,2022-10-17 14:56:30,coriolis,6903063
coriolis/6903063/profiles/D6903063_266.nc,20221019145230.0,17.989,58.517,I,844,IF,20250520144053,2022-10-19 14:52:30,coriolis,6903063
coriolis/6903063/profiles/D6903063_267.nc,20221021144930.0,18.302,58.495,I,844,IF,20250520144053,2022-10-21 14:49:30,coriolis,6903063
coriolis/6903063/profiles/D6903063_268.nc,20221023145930.0,18.511,58.136,I,844,IF,20250520144053,2022-10-23 14:59:30,coriolis,6903063
coriolis/6903063/profiles/D6903063_269.nc,20221025145630.0,18.272,57.794,I,844,IF,20250520144053,2022-10-25 14:56:30,coriolis,6903063
coriolis/6903063/profiles/D6903063_270.nc,20221027145130.0,17.849,57.665,I,844,IF,20250520144053,2022-10-27 14:51:30,coriolis,6903063
coriolis/6903063/profiles/D6903063_271.nc,20221029143530.0,17.481,57.879,I,844,IF,20250520144053,2022-10-29 14:35:30,coriolis,6903063
coriolis/6903063/profiles/D6903063_272.nc,20221031145330.0,17.344,58.274,I,844,IF,20250520144053,2022-10-31 14:53:30,coriolis,6903063
coriolis/6903063/profiles/D6903063_273.nc,20221102145630.0,17.464,58.561,I,844,IF,20250520144053,2022-11-02 14:56:30,coriolis,6903063
coriolis/6903063/profiles/D6903063_274.nc,20221104145030.0,17.736,58.562,I,844,IF,20250520144053,2022-11-04 14:50:30,coriolis,6903063
coriolis/6903063/profiles/D6903063_275.nc,20221106145230.0,17.928,58.263,I,844,IF,20250520144053,2022-11-06 14:52:30,coriolis,6903063
coriolis/6903063/profiles/D6903063_276.nc,20221108145830.0,17.802,57.894,I,844,IF,20250520144053,2022-11-08 14:58:30,coriolis,6903063
coriolis/6903063/profiles/D6903063_277.nc,20221110144530.0,17.459,57.7,I,844,IF,20250520144053,2022-11-10 14:45:30,coriolis,6903063
coriolis/6903063/profiles/D6903063_278.nc,20221112145330.0,17.138,57.679,I,844,IF,20250520144053,2022-11-12 14:53:30,coriolis,6903063
coriolis/6903063/profiles/D6903063_279.nc,20221114145230.0,16.982,57.754,I,844,IF,20250520144053,2022-11-14 14:52:30,coriolis,6903063
coriolis/6903063/profiles/D6903063_280.nc,20221116145230.0,16.923,57.807,I,844,IF,20250520144053,2022-11-16 14:52:30,coriolis,6903063
coriolis/6903063/profiles/D6903063_281.nc,20221118145530.0,16.854,57.788,I,844,IF,20250520144053,2022-11-18 14:55:30,coriolis,6903063
coriolis/6903063/profiles/D6903063_282.nc,20221120145330.0,16.723,57.746,I,844,IF,20250520144053,2022-11-20 14:53:30,coriolis,6903063
coriolis/6903063/profiles/D6903063_283.nc,20221122145730.0,16.525,57.796,I,844,IF,20250520144053,2022-11-22 14:57:30,coriolis,6903063
coriolis/6903063/profiles/D6903063_284.nc,20221124145430.0,16.439,57.997,I,844,IF,20250520144053,2022-11-24 14:54:30,coriolis,6903063
coriolis/6903063/profiles/D6903063_285.nc,20221126145730.0,16.538,58.131,I,844,IF,20250520144053,2022-11-26 14:57:30,coriolis,6903063
coriolis/6903063/profiles/D6903063_286.nc,20221128144630.0,16.679,58.009,I,844,IF,20250520144053,2022-11-28 14:46:30,coriolis,6903063
coriolis/6903063/profiles/D6903063_287.nc,20221130145130.0,16.537,57.737,I,844,IF,20250520144053,2022-11-30 14:51:30,coriolis,6903063
coriolis/6903063/profiles/D6903063_288.nc,20221202143930.0,16.198,57.96,I,844,IF,20250520144053,2022-12-02 14:39:30,coriolis,6903063
coriolis/6903063/profiles/D6903063_289.nc,20221204145130.0,16.212,58.306,I,844,IF,20250520144053,2022-12-04 14:51:30,coriolis,6903063
coriolis/6903063/profiles/D6903063_290.nc,20221206144930.0,16.35,58.379,I,844,IF,20250520144053,2022-12-06 14:49:30,coriolis,6903063
coriolis/6903063/profiles/D6903063_291.nc,20221208145430.0,16.343,58.23,I,844,IF,20250520144053,2022-12-08 14:54:30,coriolis,6903063
coriolis/6903063/profiles/D6903063_292.nc,20221210145430.0,16.162,58.052,I,844,IF,20250520144053,2022-12-10 14:54:30,coriolis,6903063
coriolis/6903063/profiles/D6903063_293.nc,20221212144330.0,15.951,58.122,I,844,IF,20250520144053,2022-12-12 14:43:30,coriolis,6903063
coriolis/6903063/profiles/D6903063_294.nc,20221214144730.0,15.997,58.379,I,844,IF,20250520144053,2022-12-14 14:47:30,coriolis,6903063
coriolis/6903063/profiles/D6903063_295.nc,20221216145230.0,16.272,58.416,I,844,IF,20250520144053,2022-12-16 14:52:30,coriolis,6903063
coriolis/6903063/profiles/D6903063_296.nc,20221218144930.0,16.514,58.367,I,844,IF,20250520144053,2022-12-18 14:49:30,coriolis,6903063
coriolis/6903063/profiles/D6903063_297.nc,20221220144830.0,16.755,58.259,I,844,IF,20250520144053,2022-12-20 14:48:30,coriolis,6903063
coriolis/6903063/profiles/D6903063_298.nc,20221222145130.0,16.915,58.136,I,844,IF,20250520144053,2022-12-22 14:51:30,coriolis,6903063
coriolis/6903063/profiles/D6903063_299.nc,20221224144030.0,17.035,58.01,I,844,IF,20250520144053,2022-12-24 14:40:30,coriolis,6903063
coriolis/6903063/profiles/D6903063_300.nc,20221226144630.0,17.127,57.866,I,844,IF,20250520144053,2022-12-26 14:46:30,coriolis,6903063
coriolis/6903063/profiles/D6903063_301.nc,20221228144930.0,17.133,57.665,I,844,IF,20250520144053,2022-12-28 14:49:30,coriolis,6903063
coriolis/6903063/profiles/D6903063_302.nc,20221230145030.0,17.004,57.431,I,844,IF,20250520144053,2022-12-30 14:50:30,coriolis,6903063
coriolis/6903063/profiles/D6903063_303.nc,20230101145430.0,16.867,57.185,I,844,IF,20250520144053,2023-01-01 14:54:30,coriolis,6903063
coriolis/6903063/profiles/D6903063_304.nc,20230103145830.0,16.721,56.916,I,844,IF,20250520144053,2023-01-03 14:58:30,coriolis,6903063
coriolis/6903063/profiles/D6903063_305.nc,20230105144730.0,16.489,56.532,I,844,IF,20250520144053,2023-01-05 14:47:30,coriolis,6903063
coriolis/6903063/profiles/D6903063_306.nc,20230107145530.0,16.182,56.123,I,844,IF,20250520144053,2023-01-07 14:55:30,coriolis,6903063
coriolis/6903063/profiles/D6903063_307.nc,20230109145030.0,15.774,55.93,I,844,IF,20250520144053,2023-01-09 14:50:30,coriolis,6903063
coriolis/6903063/profiles/D6903063_308.nc,20230111144230.0,15.305,56.011,I,844,IF,20250520144053,2023-01-11 14:42:30,coriolis,6903063
coriolis/6903063/profiles/D6903063_309.nc,20230113143630.0,14.991,56.414,I,844,IF,20250520144053,2023-01-13 14:36:30,coriolis,6903063
coriolis/6903063/profiles/D6903063_310.nc,20230115145130.0,15.213,56.868,I,844,IF,20250520144053,2023-01-15 14:51:30,coriolis,6903063
coriolis/6903063/profiles/D6903063_311.nc,20230117145630.0,15.837,56.955,I,844,IF,20250520144053,2023-01-17 14:56:30,coriolis,6903063
coriolis/6903063/profiles/D6903063_312.nc,20230119144130.0,16.343,56.634,I,844,IF,20250520144053,2023-01-19 14:41:30,coriolis,6903063
coriolis/6903063/profiles/D6903063_313.nc,20230121145330.0,16.54,56.153,I,844,IF,20250520144053,2023-01-21 14:53:30,coriolis,6903063
coriolis/6903063/profiles/D6903063_314.nc,20230123144330.0,16.402,55.662,I,844,IF,20250520144053,2023-01-23 14:43:30,coriolis,6903063
coriolis/6903063/profiles/D6903063_315.nc,20230125145330.0,16.056,55.301,I,844,IF,20250520144053,2023-01-25 14:53:30,coriolis,6903063
coriolis/6903063/profiles/D6903063_316.nc,20230127145030.0,15.606,55.186,I,844,IF,20250520144053,2023-01-27 14:50:30,coriolis,6903063
coriolis/6903063/profiles/D6903063_317.nc,20230129143930.0,15.234,55.291,I,844,IF,20250520144053,2023-01-29 14:39:30,coriolis,6903063
coriolis/6903063/profiles/D6903063_318.nc,20230131144430.0,15.032,55.529,I,844,IF,20250520144053,2023-01-31 14:44:30,coriolis,6903063
coriolis/6903063/profiles/D6903063_319.nc,20230202143830.0,15.093,55.784,I,844,IF,20250520144053,2023-02-02 14:38:30,coriolis,6903063
coriolis/6903063/profiles/D6903063_320.nc,20230204144830.0,15.415,55.824,I,844,IF,20250520144053,2023-02-04 14:48:30,coriolis,6903063
coriolis/6903063/profiles/D6903063_321.nc,20230206144530.0,15.859,55.543,I,844,IF,20250520144053,2023-02-06 14:45:30,coriolis,6903063
coriolis/6903063/profiles/D6903063_322.nc,20230208145930.0,16.118,54.95,I,844,IF,20250520144053,2023-02-08 14:59:30,coriolis,6903063
coriolis/6903063/profiles/D6903063_323.nc,20230210145330.0,15.913,54.34,I,844,IF,20250520144053,2023-02-10 14:53:30,coriolis,6903063
coriolis/6903063/profiles/D6903063_324.nc,20230212145530.0,15.518,54.079,I,844,IF,20250520144053,2023-02-12 14:55:30,coriolis,6903063
coriolis/6903063/profiles/D6903063_325.nc,20230214145530.0,15.204,54.05,I,844,IF,20250520144053,2023-02-14 14:55:30,coriolis,6903063
coriolis/6903063/profiles/D6903063_326.nc,20230216145130.0,15.066,54.192,I,844,IF,20250520144053,2023-02-16 14:51:30,coriolis,6903063
coriolis/6903063/profiles/D6903063_327.nc,20230218145930.0,15.136,54.34,I,844,IF,20250520144053,2023-02-18 14:59:30,coriolis,6903063
coriolis/6903063/profiles/D6903063_328.nc,20230220145630.0,15.396,54.389,I,844,IF,20250520144053,2023-02-20 14:56:30,coriolis,6903063
coriolis/6903063/profiles/D6903063_329.nc,20230222145330.0,15.64,54.184,I,844,IF,20250520144053,2023-02-22 14:53:30,coriolis,6903063
coriolis/6903063/profiles/D6903063_330.nc,20230224145330.0,15.725,53.816,I,844,IF,20250520144053,2023-02-24 14:53:30,coriolis,6903063
coriolis/6903063/profiles/D6903063_331.nc,20230226144730.0,15.478,53.438,I,844,IF,20250520144053,2023-02-26 14:47:30,coriolis,6903063
coriolis/6903063/profiles/D6903063_332.nc,20230228144830.0,15.107,53.314,I,844,IF,20250520144053,2023-02-28 14:48:30,coriolis,6903063
coriolis/6903063/profiles/D6903063_333.nc,20230302143730.0,14.89,53.43,I,844,IF,20250520144053,2023-03-02 14:37:30,coriolis,6903063
coriolis/6903063/profiles/D6903063_334.nc,20230304145430.0,14.928,53.668,I,844,IF,20250520144053,2023-03-04 14:54:30,coriolis,6903063
coriolis/6903063/profiles/D6903063_335.nc,20230306144930.0,15.193,53.76,I,844,IF,20250520144053,2023-03-06 14:49:30,coriolis,6903063
coriolis/6903063/profiles/D6903063_336.nc,20230308144930.0,15.512,53.644,I,844,IF,20250520144053,2023-03-08 14:49:30,coriolis,6903063
coriolis/6903063/profiles/D6903063_337.nc,20230310145330.0,15.705,53.343,I,844,IF,20250520144053,2023-03-10 14:53:30,coriolis,6903063
coriolis/6903063/profiles/D6903063_338.nc,20230312145230.0,15.644,52.953,I,844,IF,20250520144053,2023-03-12 14:52:30,coriolis,6903063
coriolis/6903063/profiles/D6903063_339.nc,20230314143530.0,15.19,52.554,I,844,IF,20250520144053,2023-03-14 14:35:30,coriolis,6903063
coriolis/6903063/profiles/D6903063_341.nc,20230318144230.0,13.903,52.668,I,844,IF,20250520144053,2023-03-18 14:42:30,coriolis,6903063
coriolis/6903063/profiles/D6903063_342.nc,20230320145230.0,14.018,53.086,I,844,IF,20250520144053,2023-03-20 14:52:30,coriolis,6903063
coriolis/6903063/profiles/D6903063_343.nc,20230322145030.0,14.616,53.185,I,844,IF,20250520144053,2023-03-22 14:50:30,coriolis,6903063
coriolis/6903063/profiles/D6903063_344.nc,20230324145430.0,15.215,53.101,I,844,IF,20250520144053,2023-03-24 14:54:30,coriolis,6903063
coriolis/6903063/profiles/D6903063_345.nc,20230326145330.0,15.59,53.075,I,844,IF,20250520144053,2023-03-26 14:53:30,coriolis,6903063
coriolis/6903063/profiles/D6903063_346.nc,20230328145730.0,15.903,53.127,I,844,IF,20250520144053,2023-03-28 14:57:30,coriolis,6903063
coriolis/6903063/profiles/D6903063_347.nc,20230330145930.0,16.143,53.21,I,844,IF,20250520144053,2023-03-30 14:59:30,coriolis,6903063
coriolis/6903063/profiles/D6903063_348.nc,20230401145330.0,16.319,53.412,I,844,IF,20250520144053,2023-04-01 14:53:30,coriolis,6903063
coriolis/6903063/profiles/D6903063_349.nc,20230403144730.0,16.431,53.72,I,844,IF,20250520144053,2023-04-03 14:47:30,coriolis,6903063
coriolis/6903063/profiles/D6903063_350.nc,20230405145630.0,16.46,54.05,I,844,IF,20250520144053,2023-04-05 14:56:30,coriolis,6903063
coriolis/6903063/profiles/D6903063_351.nc,20230407145130.0,16.468,54.386,I,844,IF,20250520144053,2023-04-07 14:51:30,coriolis,6903063
coriolis/6903063/profiles/D6903063_352.nc,20230409144730.0,16.471,54.702,I,844,IF,20250520144053,2023-04-09 14:47:30,coriolis,6903063
coriolis/6903063/profiles/D6903063_353.nc,20230411145330.0,16.508,54.946,I,844,IF,20250520144053,2023-04-11 14:53:30,coriolis,6903063
coriolis/6903063/profiles/D6903063_354.nc,20230413144530.0,16.57,55.145,I,844,IF,20250520144053,2023-04-13 14:45:30,coriolis,6903063
coriolis/6903063/profiles/D6903063_355.nc,20230415144330.0,16.641,55.285,I,844,IF,20250520144053,2023-04-15 14:43:30,coriolis,6903063
coriolis/6903063/profiles/D6903063_356.nc,20230417144930.0,16.732,55.29,I,844,IF,20250520144053,2023-04-17 14:49:30,coriolis,6903063
coriolis/6903063/profiles/D6903063_357.nc,20230419145030.0,16.683,55.152,I,844,IF,20250520144053,2023-04-19 14:50:30,coriolis,6903063
coriolis/6903063/profiles/D6903063_358.nc,20230421145730.0,16.451,55.19,I,844,IF,20250520144053,2023-04-21 14:57:30,coriolis,6903063
coriolis/6903063/profiles/D6903063_359.nc,20230423145530.0,16.111,55.377,I,844,IF,20250520144053,2023-04-23 14:55:30,coriolis,6903063
coriolis/6903063/profiles/D6903063_360.nc,20230425145930.0,15.706,55.708,I,844,IF,20250520144053,2023-04-25 14:59:30,coriolis,6903063
coriolis/6903063/profiles/D6903063_361.nc,20230427145430.0,15.714,56.094,I,844,IF,20250520144053,2023-04-27 14:54:30,coriolis,6903063
coriolis/6903063/profiles/D6903063_362.nc,20230429144930.0,16.061,56.209,I,844,IF,20250520144053,2023-04-29 14:49:30,coriolis,6903063
coriolis/6903063/profiles/D6903063_363.nc,20230501150030.0,16.219,56.043,I,844,IF,20250520144053,2023-05-01 15:00:30,coriolis,6903063
coriolis/6903063/profiles/D6903063_364.nc,20230503144130.0,16.121,55.745,I,844,IF,20250520144053,2023-05-03 14:41:30,coriolis,6903063
coriolis/6903063/profiles/D6903063_365.nc,20230505145130.0,15.635,55.691,I,844,IF,20250520144053,2023-05-05 14:51:30,coriolis,6903063
coriolis/6903063/profiles/D6903063_366.nc,20230507144230.0,15.351,56.077,I,844,IF,20250520144053,2023-05-07 14:42:30,coriolis,6903063
coriolis/6903063/profiles/D6903063_367.nc,20230509145530.0,15.608,56.263,I,844,IF,20250520144053,2023-05-09 14:55:30,coriolis,6903063
coriolis/6903063/profiles/D6903063_368.nc,20230511145930.0,16.057,56.102,I,844,IF,20250520144053,2023-05-11 14:59:30,coriolis,6903063
coriolis/6903063/profiles/D6903063_369.nc,20230513145530.0,16.249,55.745,I,844,IF,20250520144053,2023-05-13 14:55:30,coriolis,6903063
coriolis/6903063/profiles/D6903063_370.nc,20230515145730.0,16.165,55.375,I,844,IF,20250520144053,2023-05-15 14:57:30,coriolis,6903063
coriolis/6903063/profiles/D6903063_371.nc,20230517145230.0,15.786,55.16,I,844,IF,20250520144053,2023-05-17 14:52:30,coriolis,6903063
coriolis/6903063/profiles/D6903063_372.nc,20230519145230.0,15.303,55.242,I,844,IF,20250520144053,2023-05-19 14:52:30,coriolis,6903063
coriolis/6903063/profiles/D6903063_373.nc,20230521145230.0,15.032,55.48,I,844,IF,20250520144053,2023-05-21 14:52:30,coriolis,6903063
coriolis/6903063/profiles/D6903063_374.nc,20230523144230.0,15.021,55.724,I,844,IF,20250520144053,2023-05-23 14:42:30,coriolis,6903063
coriolis/6903063/profiles/D6903063_375.nc,20230525144730.0,15.224,55.899,I,844,IF,20250520144053,2023-05-25 14:47:30,coriolis,6903063
coriolis/6903063/profiles/D6903063_376.nc,20230527145130.0,15.681,55.865,I,844,IF,20250520144053,2023-05-27 14:51:30,coriolis,6903063
coriolis/6903063/profiles/D6903063_377.nc,20230529150130.0,16.101,55.57,I,844,IF,20250520144053,2023-05-29 15:01:30,coriolis,6903063
coriolis/6903063/profiles/D6903063_378.nc,20230531145330.0,16.314,55.302,I,844,IF,20250520144053,2023-05-31 14:53:30,coriolis,6903063
coriolis/6903063/profiles/D6903063_379.nc,20230602145330.0,16.458,55.081,I,844,IF,20250520144053,2023-06-02 14:53:30,coriolis,6903063
coriolis/6903063/profiles/D6903063_380.nc,20230604145430.0,16.57,54.856,I,844,IF,20250520144053,2023-06-04 14:54:30,coriolis,6903063
coriolis/6903063/profiles/D6903063_381.nc,20230606145530.0,16.604,54.521,I,844,IF,20250520144053,2023-06-06 14:55:30,coriolis,6903063
coriolis/6903063/profiles/D6903063_382.nc,20230608145530.0,16.467,54.055,I,844,IF,20250520144053,2023-06-08 14:55:30,coriolis,6903063
coriolis/6903063/profiles/D6903063_383.nc,20230610145330.0,16.203,53.688,I,844,IF,20250520144053,2023-06-10 14:53:30,coriolis,6903063
coriolis/6903063/profiles/D6903063_384.nc,20230612145530.0,15.888,53.468,I,844,IF,20250520144053,2023-06-12 14:55:30,coriolis,6903063
coriolis/6903063/profiles/D6903063_385.nc,20230614145530.0,15.602,53.439,I,844,IF,20250520144053,2023-06-14 14:55:30,coriolis,6903063
coriolis/6903063/profiles/D6903063_386.nc,20230616145130.0,15.379,53.602,I,844,IF,20250520144053,2023-06-16 14:51:30,coriolis,6903063
coriolis/6903063/profiles/D6903063_387.nc,20230618144830.0,15.266,53.899,I,844,IF,20250520144053,2023-06-18 14:48:30,coriolis,6903063
coriolis/6903063/profiles/D6903063_388.nc,20230620144730.0,15.257,54.247,I,844,IF,20250520144053,2023-06-20 14:47:30,coriolis,6903063
coriolis/6903063/profiles/D6903063_389.nc,20230622144130.0,15.355,54.552,I,844,IF,20250520144053,2023-06-22 14:41:30,coriolis,6903063
coriolis/6903063/profiles/D6903063_390.nc,20230624145330.0,15.536,54.817,I,844,IF,20250520144053,2023-06-24 14:53:30,coriolis,6903063
coriolis/6903063/profiles/D6903063_391.nc,20230626145430.0,15.775,55.02,I,844,IF,20250520144053,2023-06-26 14:54:30,coriolis,6903063
coriolis/6903063/profiles/D6903063_392.nc,20230628145530.0,16.046,55.165,I,844,IF,20250520144053,2023-06-28 14:55:30,coriolis,6903063
coriolis/6903063/profiles/D6903063_393.nc,20230630145230.0,16.31,55.305,I,844,IF,20250520144053,2023-06-30 14:52:30,coriolis,6903063
coriolis/6903063/profiles/D6903063_394.nc,20230702145330.0,16.56,55.53,I,844,IF,20250520144053,2023-07-02 14:53:30,coriolis,6903063
coriolis/6903063/profiles/D6903063_395.nc,20230704145730.0,16.802,55.839,I,844,IF,20250520144053,2023-07-04 14:57:30,coriolis,6903063
coriolis/6903063/profiles/D6903063_396.nc,20230706145430.0,16.957,56.137,I,844,IF,20250520144053,2023-07-06 14:54:30,coriolis,6903063
coriolis/6903063/profiles/D6903063_397.nc,20230708145330.0,17.048,56.405,I,844,IF,20250520144053,2023-07-08 14:53:30,coriolis,6903063
coriolis/6903063/profiles/D6903063_398.nc,20230710145330.0,17.096,56.669,I,844,IF,20250520144053,2023-07-10 14:53:30,coriolis,6903063
coriolis/6903063/profiles/D6903063_399.nc,20230712145130.0,17.08,56.908,I,844,IF,20250520144053,2023-07-12 14:51:30,coriolis,6903063
coriolis/6903063/profiles/D6903063_400.nc,20230714145530.0,17.058,57.093,I,844,IF,20250520144053,2023-07-14 14:55:30,coriolis,6903063
coriolis/6903063/profiles/D6903063_401.nc,20230716145730.0,17.031,57.253,I,844,IF,20250520144053,2023-07-16 14:57:30,coriolis,6903063
coriolis/6903063/profiles/D6903063_402.nc,20230718144930.0,17.017,57.374,I,844,IF,20250520144053,2023-07-18 14:49:30,coriolis,6903063
coriolis/6903063/profiles/D6903063_403.nc,20230720150030.0,17.023,57.472,I,844,IF,20250520144053,2023-07-20 15:00:30,coriolis,6903063
coriolis/6903063/profiles/D6903063_404.nc,20230722145530.0,17.079,57.553,I,844,IF,20250520144053,2023-07-22 14:55:30,coriolis,6903063
coriolis/6903063/profiles/D6903063_405.nc,20230724145230.0,17.101,57.591,I,844,IF,20250520144053,2023-07-24 14:52:30,coriolis,6903063
coriolis/6903063/profiles/D6903063_406.nc,20230726145230.0,17.149,57.59,I,844,IF,20250520144053,2023-07-26 14:52:30,coriolis,6903063
coriolis/6903063/profiles/D6903063_407.nc,20230728145530.0,17.213,57.586,I,844,IF,20250520144053,2023-07-28 14:55:30,coriolis,6903063
coriolis/6903063/profiles/D6903063_408.nc,20230730145530.0,17.283,57.563,I,844,IF,20250520144053,2023-07-30 14:55:30,coriolis,6903063
coriolis/6903063/profiles/D6903063_409.nc,20230801150030.0,17.353,57.538,I,844,IF,20250520144053,2023-08-01 15:00:30,coriolis,6903063
coriolis/6903063/profiles/D6903063_410.nc,20230803145630.0,17.435,57.521,I,844,IF,20250520144053,2023-08-03 14:56:30,coriolis,6903063
coriolis/6903063/profiles/D6903063_411.nc,20230805145530.0,17.467,57.485,I,844,IF,20250520144053,2023-08-05 14:55:30,coriolis,6903063
coriolis/6903063/profiles/D6903063_412.nc,20230807145130.0,17.508,57.453,I,844,IF,20250520144053,2023-08-07 14:51:30,coriolis,6903063
coriolis/6903063/profiles/D6903063_413.nc,20230809144930.0,17.549,57.45,I,844,IF,20250520144053,2023-08-09 14:49:30,coriolis,6903063
coriolis/6903063/profiles/D6903063_414.nc,20230811145730.0,17.558,57.411,I,844,IF,20250520144053,2023-08-11 14:57:30,coriolis,6903063
coriolis/6903063/profiles/D6903063_415.nc,20230813145230.0,17.524,57.329,I,844,IF,20250520144053,2023-08-13 14:52:30,coriolis,6903063
coriolis/6903063/profiles/D6903063_416.nc,20230815145730.0,17.489,57.2,I,844,IF,20250520144053,2023-08-15 14:57:30,coriolis,6903063
coriolis/6903063/profiles/D6903063_417.nc,20230817145330.0,17.478,57.049,I,844,IF,20250520144053,2023-08-17 14:53:30,coriolis,6903063
coriolis/6903063/profiles/D6903063_418.nc,20230819145330.0,17.463,56.841,I,844,IF,20250520144053,2023-08-19 14:53:30,coriolis,6903063
coriolis/6903063/profiles/D6903063_419.nc,20230821145230.0,17.45,56.753,I,844,IF,20250520144053,2023-08-21 14:52:30,coriolis,6903063
coriolis/6903063/profiles/D6903063_420.nc,20230823145930.0,17.424,56.65,I,844,IF,20250520144053,2023-08-23 14:59:30,coriolis,6903063
coriolis/6903063/profiles/D6903063_421.nc,20230825145730.0,17.403,56.558,I,844,IF,20250520144053,2023-08-25 14:57:30,coriolis,6903063
coriolis/6903063/profiles/D6903063_422.nc,20230827145330.0,17.398,56.53,I,844,IF,20250520144053,2023-08-27 14:53:30,coriolis,6903063
coriolis/6903063/profiles/D6903063_423.nc,20230829145730.0,17.382,56.473,I,844,IF,20250520144053,2023-08-29 14:57:30,coriolis,6903063
coriolis/6903063/profiles/D6903063_424.nc,20230831145630.0,17.359,56.396,I,844,IF,20250520144053,2023-08-31 14:56:30,coriolis,6903063
coriolis/6903063/profiles/D6903063_425.nc,20230902145330.0,17.351,56.243,I,844,IF,20250520144053,2023-09-02 14:53:30,coriolis,6903063
coriolis/6903063/profiles/D6903063_426.nc,20230904145630.0,17.349,56.011,I,844,IF,20250520144053,2023-09-04 14:56:30,coriolis,6903063
coriolis/6903063/profiles/D6903063_427.nc,20230906145730.0,17.329,55.803,I,844,IF,20250520144053,2023-09-06 14:57:30,coriolis,6903063
coriolis/6903063/profiles/D6903063_428.nc,20230908145530.0,17.288,55.605,I,844,IF,20250520144053,2023-09-08 14:55:30,coriolis,6903063
coriolis/6903063/profiles/D6903063_429.nc,20230910144830.0,17.215,55.458,I,844,IF,20250520144053,2023-09-10 14:48:30,coriolis,6903063
coriolis/6903063/profiles/D6903063_430.nc,20230912125530.0,17.056,55.272,I,844,IF,20250520144053,2023-09-12 12:55:30,coriolis,6903063
coriolis/6903063/profiles/D6903063_431.nc,20230914145130.0,16.883,54.936,I,844,IF,20250520144053,2023-09-14 14:51:30,coriolis,6903063
coriolis/6903063/profiles/D6903063_432.nc,20230916144630.0,16.807,54.675,I,844,IF,20250520144053,2023-09-16 14:46:30,coriolis,6903063
coriolis/6903063/profiles/D6903063_433.nc,20230918144830.0,16.773,54.467,I,844,IF,20250520144053,2023-09-18 14:48:30,coriolis,6903063
coriolis/6903063/profiles/D6903063_434.nc,20230920144730.0,16.778,54.351,I,844,IF,20250520144053,2023-09-20 14:47:30,coriolis,6903063
coriolis/6903063/profiles/D6903063_435.nc,20230922144830.0,16.827,54.386,I,844,IF,20250520144053,2023-09-22 14:48:30,coriolis,6903063
coriolis/6903063/profiles/D6903063_436.nc,20230924145230.0,16.836,54.401,I,844,IF,20250520144053,2023-09-24 14:52:30,coriolis,6903063
coriolis/6903063/profiles/D6903063_437.nc,20230926145030.0,16.861,54.375,I,844,IF,20250520144053,2023-09-26 14:50:30,coriolis,6903063
coriolis/6903063/profiles/D6903063_438.nc,20230928145630.0,16.822,54.325,I,844,IF,20250520144053,2023-09-28 14:56:30,coriolis,6903063
coriolis/6903063/profiles/D6903063_439.nc,20230930145230.0,16.736,54.069,I,844,IF,20250520144053,2023-09-30 14:52:30,coriolis,6903063
coriolis/6903063/profiles/D6903063_440.nc,20231002145530.0,16.609,53.812,I,844,IF,20250520144053,2023-10-02 14:55:30,coriolis,6903063
coriolis/6903063/profiles/D6903063_441.nc,20231004144930.0,16.573,53.585,I,844,IF,20250520144053,2023-10-04 14:49:30,coriolis,6903063
coriolis/6903063/profiles/D6903063_442.nc,20231006145730.0,16.486,53.375,I,844,IF,20250520144053,2023-10-06 14:57:30,coriolis,6903063
coriolis/6903063/profiles/D6903063_443.nc,20231008165230.0,16.354,53.005,I,844,IF,20250520144053,2023-10-08 16:52:30,coriolis,6903063
coriolis/6903063/profiles/D6903063_444.nc,20231010173630.0,16.292,52.766,I,844,IF,20250520144053,2023-10-10 17:36:30,coriolis,6903063
coriolis/6903063/profiles/D6903063_445.nc,20231012172130.0,16.274,52.719,I,844,IF,20250520144053,2023-10-12 17:21:30,coriolis,6903063
coriolis/6903063/profiles/D6903063_446.nc,20231014183330.0,16.227,52.677,I,844,IF,20250520144053,2023-10-14 18:33:30,coriolis,6903063
coriolis/6903063/profiles/D6903063_447.nc,20231016192530.0,16.012,52.555,I,844,IF,20250520144053,2023-10-16 19:25:30,coriolis,6903063
coriolis/6903063/profiles/D6903063_448.nc,20231019000130.0,15.604,52.432,I,844,IF,20250520144053,2023-10-19 00:01:30,coriolis,6903063
coriolis/6903063/profiles/D6903063_449.nc,20231021045330.0,15.074,52.33,I,844,IF,20250520144053,2023-10-21 04:53:30,coriolis,6903063
coriolis/6903063/profiles/D6903063_450.nc,20231023065430.0,14.499,52.521,I,844,IF,20250520144053,2023-10-23 06:54:30,coriolis,6903063
coriolis/6903063/profiles/D6903063_451.nc,20231025084630.0,13.687,52.847,I,844,IF,20250520144053,2023-10-25 08:46:30,coriolis,6903063
coriolis/6903063/profiles/D6903063_452.nc,20231027104230.0,13.279,53.243,I,844,IF,20250520144053,2023-10-27 10:42:30,coriolis,6903063
coriolis/6903063/profiles/D6903063_453.nc,20231029124830.0,13.332,53.782,I,844,IF,20250520144053,2023-10-29 12:48:30,coriolis,6903063
coriolis/6903063/profiles/D6903063_454.nc,20231031145630.0,13.874,54.238,I,844,IF,20250520144053,2023-10-31 14:56:30,coriolis,6903063
coriolis/6903063/profiles/D6903063_455.nc,20231102164530.0,14.701,54.355,I,844,IF,20250520144053,2023-11-02 16:45:30,coriolis,6903063
coriolis/6903063/profiles/D6903063_456.nc,20231104184930.0,15.385,54.438,I,844,IF,20250520144053,2023-11-04 18:49:30,coriolis,6903063
coriolis/6903063/profiles/D6903063_457.nc,20231106205230.0,15.796,54.659,I,844,IF,20250520144053,2023-11-06 20:52:30,coriolis,6903063
coriolis/6903063/profiles/D6903063_458.nc,20231108225630.0,16.022,55.032,I,844,IF,20250520144053,2023-11-08 22:56:30,coriolis,6903063
coriolis/6903063/profiles/D6903063_459.nc,20231111005230.0,16.105,55.354,I,844,IF,20250520144053,2023-11-11 00:52:30,coriolis,6903063
coriolis/6903063/profiles/D6903063_460.nc,20231113025630.0,16.11,55.6,I,844,IF,20250520144053,2023-11-13 02:56:30,coriolis,6903063
coriolis/6903063/profiles/D6903063_461.nc,20231115045630.0,16.074,55.746,I,844,IF,20250520144053,2023-11-15 04:56:30,coriolis,6903063
coriolis/6903063/profiles/D6903063_462.nc,20231117065530.0,16.037,55.875,I,844,IF,20250520144053,2023-11-17 06:55:30,coriolis,6903063
coriolis/6903063/profiles/D6903063_463.nc,20231119090230.0,16.003,55.974,I,844,IF,20250520144053,2023-11-19 09:02:30,coriolis,6903063
coriolis/6903063/profiles/D6903063_464.nc,20231121105130.0,16.0,56.048,I,844,IF,20250520144053,2023-11-21 10:51:30,coriolis,6903063
coriolis/6903063/profiles/D6903063_465.nc,20231123125530.0,16.015,56.09,I,844,IF,20250520144053,2023-11-23 12:55:30,coriolis,6903063
coriolis/6903063/profiles/D6903063_466.nc,20231125145630.0,16.04,56.169,I,844,IF,20250520144053,2023-11-25 14:56:30,coriolis,6903063
coriolis/6903063/profiles/D6903063_467.nc,20231127170230.0,16.01,56.256,I,844,IF,20250520144053,2023-11-27 17:02:30,coriolis,6903063
coriolis/6903063/profiles/D6903063_468.nc,20231129185730.0,15.89,56.355,I,844,IF,20250520144053,2023-11-29 18:57:30,coriolis,6903063
coriolis/6903063/profiles/D6903063_469.nc,20231201205230.0,15.695,56.527,I,844,IF,20250520144053,2023-12-01 20:52:30,coriolis,6903063
coriolis/6903063/profiles/D6903063_470.nc,20231203225830.0,15.491,56.582,I,844,IF,20250520144053,2023-12-03 22:58:30,coriolis,6903063
coriolis/6903063/profiles/D6903063_471.nc,20231206010130.0,15.419,56.521,I,844,IF,20250520144053,2023-12-06 01:01:30,coriolis,6903063
coriolis/6903063/profiles/D6903063_472.nc,20231208025130.0,15.485,56.518,I,844,IF,20250520144053,2023-12-08 02:51:30,coriolis,6903063
coriolis/6903063/profiles/D6903063_473.nc,20231210045630.0,15.614,56.697,I,844,IF,20250520144053,2023-12-10 04:56:30,coriolis,6903063
coriolis/6903063/profiles/D6903063_474.nc,20231212065430.0,15.502,57.026,I,844,IF,20250520144053,2023-12-12 06:54:30,coriolis,6903063
coriolis/6903063/profiles/D6903063_475.nc,20231214085330.0,15.307,57.282,I,844,IF,20250520144053,2023-12-14 08:53:30,coriolis,6903063
coriolis/6903063/profiles/D6903063_476.nc,20231216105130.0,15.176,57.498,I,844,IF,20250520144053,2023-12-16 10:51:30,coriolis,6903063
coriolis/6903063/profiles/D6903063_477.nc,20231218124930.0,15.013,57.622,I,844,IF,20250520144053,2023-12-18 12:49:30,coriolis,6903063
coriolis/6903063/profiles/D6903063_478.nc,20231220144930.0,14.851,57.665,I,844,IF,20250520144053,2023-12-20 14:49:30,coriolis,6903063
coriolis/6903063/profiles/D6903063_479.nc,20231222165030.0,14.676,57.682,I,844,IF,20250520144053,2023-12-22 16:50:30,coriolis,6903063
coriolis/6903063/profiles/D6903063_480.nc,20231224185530.0,14.447,57.653,I,844,IF,20250520144053,2023-12-24 18:55:30,coriolis,6903063
coriolis/6903063/profiles/D6903063_481.nc,20231226204630.0,14.227,57.574,I,844,IF,20250520144053,2023-12-26 20:46:30,coriolis,6903063
coriolis/6903063/profiles/D6903063_482.nc,20231228224730.0,13.982,57.471,I,844,IF,20250520144053,2023-12-28 22:47:30,coriolis,6903063
coriolis/6903138/profiles/D6903138_072.nc,20231008141730.0,10.651,45.048,I,844,IF,20250521080404,2023-10-08 14:17:30,coriolis,6903138
coriolis/6903138/profiles/D6903138_073.nc,20231010150130.0,10.67,45.126,I,844,IF,20250521080404,2023-10-10 15:01:30,coriolis,6903138
coriolis/6903138/profiles/D6903138_074.nc,20231012165230.0,10.748,45.249,I,844,IF,20250521080404,2023-10-12 16:52:30,coriolis,6903138
coriolis/6903138/profiles/D6903138_075.nc,20231014225530.0,10.918,45.563,I,844,IF,20250521080404,2023-10-14 22:55:30,coriolis,6903138
coriolis/6903138/profiles/D6903138_076.nc,20231017005430.0,11.082,45.843,I,844,IF,20250521080404,2023-10-17 00:54:30,coriolis,6903138
coriolis/6903138/profiles/D6903138_077.nc,20231019025930.0,11.222,45.992,I,844,IF,20250521080404,2023-10-19 02:59:30,coriolis,6903138
coriolis/6903138/profiles/D6903138_078.nc,20231021050230.0,11.36,46.115,I,844,IF,20250521080404,2023-10-21 05:02:30,coriolis,6903138
coriolis/6903138/profiles/D6903138_079.nc,20231023065730.0,11.467,46.261,I,844,IF,20250521080404,2023-10-23 06:57:30,coriolis,6903138
coriolis/6903138/profiles/D6903138_080.nc,20231025085430.0,11.521,46.488,I,844,IF,20250521080404,2023-10-25 08:54:30,coriolis,6903138
coriolis/6903138/profiles/D6903138_081.nc,20231027105330.0,11.54,46.7,I,844,IF,20250521080404,2023-10-27 10:53:30,coriolis,6903138
coriolis/6903138/profiles/D6903138_082.nc,20231029125330.0,11.647,46.898,I,844,IF,20250521080404,2023-10-29 12:53:30,coriolis,6903138
coriolis/6903138/profiles/D6903138_083.nc,20231031145930.0,11.862,47.08,I,844,IF,20250521080404,2023-10-31 14:59:30,coriolis,6903138
coriolis/6903138/profiles/D6903138_084.nc,20231102165130.0,12.163,47.189,I,844,IF,20250521080404,2023-11-02 16:51:30,coriolis,6903138
coriolis/6903138/profiles/D6903138_085.nc,20231104185230.0,12.567,47.256,I,844,IF,20250521080404,2023-11-04 18:52:30,coriolis,6903138
coriolis/6903138/profiles/D6903138_086.nc,20231106122730.0,12.889,47.351,I,844,IF,20250521080404,2023-11-06 12:27:30,coriolis,6903138
coriolis/6903138/profiles/D6903138_087.nc,20231108143330.0,13.109,47.618,I,844,IF,20250521080404,2023-11-08 14:33:30,coriolis,6903138
coriolis/6903138/profiles/D6903138_088.nc,20231111005530.0,13.177,47.955,I,844,IF,20250521080404,2023-11-11 00:55:30,coriolis,6903138
coriolis/6903138/profiles/D6903138_089.nc,20231113025130.0,13.139,48.155,I,844,IF,20250521080404,2023-11-13 02:51:30,coriolis,6903138
coriolis/6903138/profiles/D6903138_090.nc,20231115045330.0,12.995,48.355,I,844,IF,20250521080404,2023-11-15 04:53:30,coriolis,6903138
coriolis/6903138/profiles/D6903138_091.nc,20231117065630.0,12.706,48.548,I,844,IF,20250521080404,2023-11-17 06:56:30,coriolis,6903138
coriolis/6903138/profiles/D6903138_092.nc,20231119085830.0,12.277,48.7,I,844,IF,20250521080404,2023-11-19 08:58:30,coriolis,6903138
coriolis/6903138/profiles/D6903138_093.nc,20231121105430.0,11.889,48.795,I,844,IF,20250521080404,2023-11-21 10:54:30,coriolis,6903138
coriolis/6903138/profiles/D6903138_094.nc,20231123130330.0,11.662,48.86,I,844,IF,20250521080404,2023-11-23 13:03:30,coriolis,6903138
coriolis/6903138/profiles/D6903138_095.nc,20231125150130.0,11.553,48.936,I,844,IF,20250521080404,2023-11-25 15:01:30,coriolis,6903138
coriolis/6903138/profiles/D6903138_096.nc,20231127165530.0,11.511,49.034,I,844,IF,20250521080404,2023-11-27 16:55:30,coriolis,6903138
coriolis/6903138/profiles/D6903138_097.nc,20231129185330.0,11.526,49.189,I,844,IF,20250521080404,2023-11-29 18:53:30,coriolis,6903138
coriolis/6903138/profiles/D6903138_098.nc,20231201142330.0,11.617,49.414,I,844,IF,20250521080404,2023-12-01 14:23:30,coriolis,6903138
coriolis/6903138/profiles/D6903138_099.nc,20231203224930.0,11.674,49.633,I,844,IF,20250521080404,2023-12-03 22:49:30,coriolis,6903138
coriolis/6903138/profiles/D6903138_100.nc,20231206005730.0,11.711,49.743,I,844,IF,20250521080404,2023-12-06 00:57:30,coriolis,6903138
coriolis/6903138/profiles/D6903138_101.nc,20231208025530.0,11.684,49.738,I,844,IF,20250521080404,2023-12-08 02:55:30,coriolis,6903138
coriolis/6903138/profiles/D6903138_102.nc,20231210045530.0,11.708,49.767,I,844,IF,20250521080404,2023-12-10 04:55:30,coriolis,6903138
coriolis/6903138/profiles/D6903138_103.nc,20231212065930.0,11.763,49.771,I,844,IF,20250521080404,2023-12-12 06:59:30,coriolis,6903138
coriolis/6903138/profiles/D6903138_104.nc,20231214085830.0,11.798,49.786,I,844,IF,20250521080404,2023-12-14 08:58:30,coriolis,6903138
coriolis/6903138/profiles/D6903138_105.nc,20231216105330.0,11.812,49.789,I,844,IF,20250521080404,2023-12-16 10:53:30,coriolis,6903138
coriolis/6903138/profiles/D6903138_106.nc,20231218125230.0,11.802,49.707,I,844,IF,20250521080404,2023-12-18 12:52:30,coriolis,6903138
coriolis/6903138/profiles/D6903138_107.nc,20231220145930.0,11.763,49.557,I,844,IF,20250521080404,2023-12-20 14:59:30,coriolis,6903138
coriolis/6903138/profiles/D6903138_108.nc,20231222082930.0,11.739,49.38,I,844,IF,20250521080404,2023-12-22 08:29:30,coriolis,6903138
coriolis/6903138/profiles/D6903138_109.nc,20231224185930.0,11.736,49.181,I,844,IF,20250521080404,2023-12-24 18:59:30,coriolis,6903138
coriolis/6903138/profiles/D6903138_110.nc,20231226205830.0,11.74,48.989,I,844,IF,20250521080404,2023-12-26 20:58:30,coriolis,6903138
coriolis/6903138/profiles/D6903138_111.nc,20231228225930.0,11.822,48.84,I,844,IF,20250521080404,2023-12-28 22:59:30,coriolis,6903138
coriolis/6903139/profiles/D6903139_022.nc,20230630080730.0,10.63,45.164,I,844,IF,20250521081256,2023-06-30 08:07:30,coriolis,6903139
coriolis/6903139/profiles/D6903139_023.nc,20230702080830.0,10.755,45.332,I,844,IF,20250521081256,2023-07-02 08:08:30,coriolis,6903139
coriolis/6903139/profiles/D6903139_024.nc,20230704103530.0,10.83,45.424,I,844,IF,20250521081256,2023-07-04 10:35:30,coriolis,6903139
coriolis/6903139/profiles/D6903139_025.nc,20230706122630.0,10.862,45.408,I,844,IF,20250521081256,2023-07-06 12:26:30,coriolis,6903139
coriolis/6903139/profiles/D6903139_026.nc,20230708150830.0,10.986,45.466,I,844,IF,20250521081256,2023-07-08 15:08:30,coriolis,6903139
coriolis/6903139/profiles/D6903139_027.nc,20230710145530.0,11.135,45.535,I,844,IF,20250521081256,2023-07-10 14:55:30,coriolis,6903139
coriolis/6903139/profiles/D6903139_028.nc,20230712145330.0,11.353,45.63,I,844,IF,20250521081256,2023-07-12 14:53:30,coriolis,6903139
coriolis/6903139/profiles/D6903139_029.nc,20230714145230.0,11.498,45.752,I,844,IF,20250521081256,2023-07-14 14:52:30,coriolis,6903139
coriolis/6903139/profiles/D6903139_030.nc,20230716145230.0,11.518,45.935,I,844,IF,20250521081256,2023-07-16 14:52:30,coriolis,6903139
coriolis/6903139/profiles/D6903139_031.nc,20230718145830.0,11.39,46.078,I,844,IF,20250521081256,2023-07-18 14:58:30,coriolis,6903139
coriolis/6903139/profiles/D6903139_032.nc,20230720145030.0,11.219,46.072,I,844,IF,20250521081256,2023-07-20 14:50:30,coriolis,6903139
coriolis/6903139/profiles/D6903139_033.nc,20230722145930.0,11.135,45.989,I,844,IF,20250521081256,2023-07-22 14:59:30,coriolis,6903139
coriolis/6903139/profiles/D6903139_034.nc,20230724144730.0,11.122,45.883,I,844,IF,20250521081256,2023-07-24 14:47:30,coriolis,6903139
coriolis/6903139/profiles/D6903139_035.nc,20230726150030.0,11.118,45.791,I,844,IF,20250521081256,2023-07-26 15:00:30,coriolis,6903139
coriolis/6903139/profiles/D6903139_036.nc,20230728145130.0,11.118,45.725,I,844,IF,20250521081256,2023-07-28 14:51:30,coriolis,6903139
coriolis/6903139/profiles/D6903139_037.nc,20230730145430.0,11.098,45.7,I,844,IF,20250521081256,2023-07-30 14:54:30,coriolis,6903139
coriolis/6903139/profiles/D6903139_038.nc,20230801145430.0,11.078,45.711,I,844,IF,20250521081256,2023-08-01 14:54:30,coriolis,6903139
coriolis/6903139/profiles/D6903139_039.nc,20230803145230.0,11.053,45.846,I,844,IF,20250521081256,2023-08-03 14:52:30,coriolis,6903139
coriolis/6903139/profiles/D6903139_040.nc,20230805145630.0,11.006,46.115,I,844,IF,20250521081256,2023-08-05 14:56:30,coriolis,6903139
coriolis/6903139/profiles/D6903139_041.nc,20230807145330.0,10.953,46.329,I,844,IF,20250521081256,2023-08-07 14:53:30,coriolis,6903139
coriolis/6903139/profiles/D6903139_042.nc,20230809123930.0,10.888,46.441,I,844,IF,20250521081256,2023-08-09 12:39:30,coriolis,6903139
coriolis/6903139/profiles/D6903139_043.nc,20230811121330.0,10.872,46.513,I,844,IF,20250521081256,2023-08-11 12:13:30,coriolis,6903139
coriolis/6903139/profiles/D6903139_044.nc,20230813094630.0,10.855,46.566,I,844,IF,20250521081256,2023-08-13 09:46:30,coriolis,6903139
coriolis/6903139/profiles/D6903139_045.nc,20230815082430.0,10.839,46.586,I,844,IF,20250521081256,2023-08-15 08:24:30,coriolis,6903139
coriolis/6903139/profiles/D6903139_046.nc,20230817101230.0,10.849,46.555,I,844,IF,20250521081256,2023-08-17 10:12:30,coriolis,6903139
coriolis/6903139/profiles/D6903139_047.nc,20230819101930.0,10.883,46.591,I,844,IF,20250521081256,2023-08-19 10:19:30,coriolis,6903139
coriolis/6903139/profiles/D6903139_048.nc,20230821125730.0,10.94,46.714,I,844,IF,20250521081256,2023-08-21 12:57:30,coriolis,6903139
coriolis/6903139/profiles/D6903139_049.nc,20230823145930.0,11.009,46.85,I,844,IF,20250521081256,2023-08-23 14:59:30,coriolis,6903139
coriolis/6903139/profiles/D6903139_050.nc,20230825144730.0,11.05,46.933,I,844,IF,20250521081256,2023-08-25 14:47:30,coriolis,6903139
coriolis/6903139/profiles/D6903139_051.nc,20230827084930.0,11.161,47.038,I,844,IF,20250521081256,2023-08-27 08:49:30,coriolis,6903139
coriolis/6903139/profiles/D6903139_052.nc,20230829120230.0,11.275,47.186,I,844,IF,20250521081256,2023-08-29 12:02:30,coriolis,6903139
coriolis/6903139/profiles/D6903139_053.nc,20230831150030.0,11.368,47.242,I,844,IF,20250521081256,2023-08-31 15:00:30,coriolis,6903139
coriolis/6903139/profiles/D6903139_054.nc,20230902110230.0,11.472,47.352,I,844,IF,20250521081256,2023-09-02 11:02:30,coriolis,6903139
coriolis/6903139/profiles/D6903139_055.nc,20230904145330.0,11.538,47.426,I,844,IF,20250521081256,2023-09-04 14:53:30,coriolis,6903139
coriolis/6903139/profiles/D6903139_056.nc,20230906150230.0,11.693,47.514,I,844,IF,20250521081256,2023-09-06 15:02:30,coriolis,6903139
coriolis/6903139/profiles/D6903139_057.nc,20230908150330.0,11.762,47.674,I,844,IF,20250521081256,2023-09-08 15:03:30,coriolis,6903139
coriolis/6903139/profiles/D6903139_058.nc,20230910145230.0,11.691,47.876,I,844,IF,20250521081256,2023-09-10 14:52:30,coriolis,6903139
coriolis/6903139/profiles/D6903139_059.nc,20230912145430.0,11.546,48.013,I,844,IF,20250521081256,2023-09-12 14:54:30,coriolis,6903139
coriolis/6903139/profiles/D6903139_060.nc,20230914145530.0,11.416,48.041,I,844,IF,20250521081256,2023-09-14 14:55:30,coriolis,6903139
coriolis/6903139/profiles/D6903139_061.nc,20230916102030.0,11.314,47.92,I,844,IF,20250521081256,2023-09-16 10:20:30,coriolis,6903139
coriolis/6903139/profiles/D6903139_062.nc,20230918145430.0,11.456,47.771,I,844,IF,20250521081256,2023-09-18 14:54:30,coriolis,6903139
coriolis/6903139/profiles/D6903139_063.nc,20230920145130.0,11.535,47.841,I,844,IF,20250521081256,2023-09-20 14:51:30,coriolis,6903139
coriolis/6903139/profiles/D6903139_064.nc,20230922145630.0,11.508,47.939,I,844,IF,20250521081256,2023-09-22 14:56:30,coriolis,6903139
coriolis/6903139/profiles/D6903139_065.nc,20230924150130.0,11.455,47.974,I,844,IF,20250521081256,2023-09-24 15:01:30,coriolis,6903139
coriolis/6903139/profiles/D6903139_066.nc,20230926145230.0,11.499,48.011,I,844,IF,20250521081256,2023-09-26 14:52:30,coriolis,6903139
coriolis/6903139/profiles/D6903139_067.nc,20230928145430.0,11.48,48.155,I,844,IF,20250521081256,2023-09-28 14:54:30,coriolis,6903139
coriolis/6903139/profiles/D6903139_068.nc,20230930150730.0,11.459,48.135,I,844,IF,20250521081256,2023-09-30 15:07:30,coriolis,6903139
coriolis/6903139/profiles/D6903139_069.nc,20231002145030.0,11.667,48.222,I,844,IF,20250521081256,2023-10-02 14:50:30,coriolis,6903139
coriolis/6903139/profiles/D6903139_070.nc,20231004145730.0,11.901,48.595,I,844,IF,20250521081256,2023-10-04 14:57:30,coriolis,6903139
coriolis/6903139/profiles/D6903139_071.nc,20231006150030.0,12.01,48.883,I,844,IF,20250521081256,2023-10-06 15:00:30,coriolis,6903139
coriolis/6903139/profiles/D6903139_072.nc,20231008164830.0,12.136,48.865,I,844,IF,20250521081256,2023-10-08 16:48:30,coriolis,6903139
coriolis/6903139/profiles/D6903139_073.nc,20231010190230.0,12.488,48.953,I,844,IF,20250521081256,2023-10-10 19:02:30,coriolis,6903139
coriolis/6903139/profiles/D6903139_074.nc,20231012205630.0,12.786,49.151,I,844,IF,20250521081256,2023-10-12 20:56:30,coriolis,6903139
coriolis/6903139/profiles/D6903139_075.nc,20231014225630.0,12.889,49.272,I,844,IF,20250521081256,2023-10-14 22:56:30,coriolis,6903139
coriolis/6903139/profiles/D6903139_076.nc,20231017005230.0,12.949,49.357,I,844,IF,20250521081256,2023-10-17 00:52:30,coriolis,6903139
coriolis/6903139/profiles/D6903139_077.nc,20231019030330.0,12.981,49.504,I,844,IF,20250521081256,2023-10-19 03:03:30,coriolis,6903139
coriolis/6903139/profiles/D6903139_078.nc,20231021045530.0,12.727,49.711,I,844,IF,20250521081256,2023-10-21 04:55:30,coriolis,6903139
coriolis/6903139/profiles/D6903139_079.nc,20231023065730.0,12.365,49.542,I,844,IF,20250521081256,2023-10-23 06:57:30,coriolis,6903139
coriolis/6903139/profiles/D6903139_080.nc,20231025090030.0,12.238,49.215,I,844,IF,20250521081256,2023-10-25 09:00:30,coriolis,6903139
coriolis/6903139/profiles/D6903139_081.nc,20231027105230.0,12.146,49.005,I,844,IF,20250521081256,2023-10-27 10:52:30,coriolis,6903139
coriolis/6903139/profiles/D6903139_082.nc,20231029125730.0,12.054,48.745,I,844,IF,20250521081256,2023-10-29 12:57:30,coriolis,6903139
coriolis/6903139/profiles/D6903139_083.nc,20231031145430.0,11.98,48.422,I,844,IF,20250521081256,2023-10-31 14:54:30,coriolis,6903139
coriolis/6903139/profiles/D6903139_084.nc,20231102165730.0,12.059,48.073,I,844,IF,20250521081256,2023-11-02 16:57:30,coriolis,6903139
coriolis/6903139/profiles/D6903139_085.nc,20231104185830.0,12.319,47.9,I,844,IF,20250521081256,2023-11-04 18:58:30,coriolis,6903139
coriolis/6903139/profiles/D6903139_086.nc,20231106205530.0,12.576,47.994,I,844,IF,20250521081256,2023-11-06 20:55:30,coriolis,6903139
coriolis/6903139/profiles/D6903139_087.nc,20231108224730.0,12.561,48.321,I,844,IF,20250521081256,2023-11-08 22:47:30,coriolis,6903139
coriolis/6903139/profiles/D6903139_088.nc,20231111005330.0,12.27,48.586,I,844,IF,20250521081256,2023-11-11 00:53:30,coriolis,6903139
coriolis/6903139/profiles/D6903139_089.nc,20231113030230.0,11.976,48.675,I,844,IF,20250521081256,2023-11-13 03:02:30,coriolis,6903139
coriolis/6903139/profiles/D6903139_090.nc,20231115050030.0,11.722,48.5,I,844,IF,20250521081256,2023-11-15 05:00:30,coriolis,6903139
coriolis/6903139/profiles/D6903139_091.nc,20231117065930.0,11.628,48.083,I,844,IF,20250521081256,2023-11-17 06:59:30,coriolis,6903139
coriolis/6903139/profiles/D6903139_092.nc,20231119085630.0,11.779,47.699,I,844,IF,20250521081256,2023-11-19 08:56:30,coriolis,6903139
coriolis/6903139/profiles/D6903139_093.nc,20231121105430.0,12.034,47.55,I,844,IF,20250521081256,2023-11-21 10:54:30,coriolis,6903139
coriolis/6903139/profiles/D6903139_094.nc,20231123125630.0,12.22,47.597,I,844,IF,20250521081256,2023-11-23 12:56:30,coriolis,6903139
coriolis/6903139/profiles/D6903139_095.nc,20231125145330.0,12.252,47.847,I,844,IF,20250521081256,2023-11-25 14:53:30,coriolis,6903139
coriolis/6903139/profiles/D6903139_096.nc,20231127164830.0,12.089,48.107,I,844,IF,20250521081256,2023-11-27 16:48:30,coriolis,6903139
coriolis/6903139/profiles/D6903139_097.nc,20231129185630.0,11.841,48.258,I,844,IF,20250521081256,2023-11-29 18:56:30,coriolis,6903139
coriolis/6903139/profiles/D6903139_098.nc,20231201205430.0,11.642,48.223,I,844,IF,20250521081256,2023-12-01 20:54:30,coriolis,6903139
coriolis/6903139/profiles/D6903139_099.nc,20231203230030.0,11.546,48.221,I,844,IF,20250521081256,2023-12-03 23:00:30,coriolis,6903139
coriolis/6903139/profiles/D6903139_100.nc,20231206010030.0,11.485,48.24,I,844,IF,20250521081256,2023-12-06 01:00:30,coriolis,6903139
coriolis/6903139/profiles/D6903139_101.nc,20231208022730.0,11.457,48.319,I,844,IF,20250521081256,2023-12-08 02:27:30,coriolis,6903139
coriolis/6903139/profiles/D6903139_102.nc,20231210002830.0,11.44,48.4,I,844,IF,20250521081256,2023-12-10 00:28:30,coriolis,6903139
coriolis/6903139/profiles/D6903139_103.nc,20231212015630.0,11.473,48.583,I,844,IF,20250521081256,2023-12-12 01:56:30,coriolis,6903139
coriolis/6903139/profiles/D6903139_104.nc,20231214085730.0,11.493,48.757,I,844,IF,20250521081256,2023-12-14 08:57:30,coriolis,6903139
coriolis/6903139/profiles/D6903139_105.nc,20231216104930.0,11.51,48.837,I,844,IF,20250521081256,2023-12-16 10:49:30,coriolis,6903139
coriolis/6903139/profiles/D6903139_106.nc,20231218125130.0,11.581,48.907,I,844,IF,20250521081256,2023-12-18 12:51:30,coriolis,6903139
coriolis/6903139/profiles/D6903139_107.nc,20231220145530.0,11.648,48.95,I,844,IF,20250521081256,2023-12-20 14:55:30,coriolis,6903139
coriolis/6903139/profiles/D6903139_108.nc,20231222165730.0,11.72,48.952,I,844,IF,20250521081256,2023-12-22 16:57:30,coriolis,6903139
coriolis/6903139/profiles/D6903139_109.nc,20231224185530.0,11.778,48.918,I,844,IF,20250521081256,2023-12-24 18:55:30,coriolis,6903139
coriolis/6903139/profiles/D6903139_110.nc,20231226205930.0,11.882,48.87,I,844,IF,20250521081256,2023-12-26 20:59:30,coriolis,6903139
coriolis/6903139/profiles/D6903139_111.nc,20231228225830.0,12.038,48.831,I,844,IF,20250521081256,2023-12-28 22:58:30,coriolis,6903139
coriolis/6903140/profiles/D6903140_001.nc,20230527081130.0,25.201,57.388,I,844,IF,20250521082836,2023-05-27 08:11:30,coriolis,6903140
coriolis/6903140/profiles/D6903140_001D.nc,20230525220600.0,25.123,57.371,I,844,IF,20250521082836,2023-05-25 22:06:00,coriolis,6903140
coriolis/6903140/profiles/D6903140_002.nc,20230529044230.0,25.312,57.442,I,844,IF,20250521082836,2023-05-29 04:42:30,coriolis,6903140
coriolis/6903140/profiles/D6903140_003.nc,20230531020730.0,25.395,57.561,I,844,IF,20250521082836,2023-05-31 02:07:30,coriolis,6903140
coriolis/6903140/profiles/D6903140_004.nc,20230602034030.0,25.397,57.587,I,844,IF,20250521082836,2023-06-02 03:40:30,coriolis,6903140
coriolis/6903140/profiles/D6903140_005.nc,20230604044430.0,25.309,57.657,I,844,IF,20250521082836,2023-06-04 04:44:30,coriolis,6903140
coriolis/6903140/profiles/D6903140_006.nc,20230606040930.0,25.217,57.821,I,844,IF,20250521082836,2023-06-06 04:09:30,coriolis,6903140
coriolis/6903140/profiles/D6903140_007.nc,20230608145230.0,25.043,57.761,I,844,IF,20250521082836,2023-06-08 14:52:30,coriolis,6903140
coriolis/6903140/profiles/D6903140_008.nc,20230610145430.0,24.776,57.669,I,844,IF,20250521082836,2023-06-10 14:54:30,coriolis,6903140
coriolis/6903140/profiles/D6903140_009.nc,20230612145230.0,24.503,57.568,I,844,IF,20250521082836,2023-06-12 14:52:30,coriolis,6903140
coriolis/6903140/profiles/D6903140_010.nc,20230614085030.0,24.25,57.519,I,844,IF,20250521082836,2023-06-14 08:50:30,coriolis,6903140
coriolis/6903140/profiles/D6903140_011.nc,20230616041730.0,24.067,57.653,I,844,IF,20250521082836,2023-06-16 04:17:30,coriolis,6903140
coriolis/6903140/profiles/D6903140_012.nc,20230618032030.0,23.904,58.323,I,844,IF,20250521082836,2023-06-18 03:20:30,coriolis,6903140
coriolis/6903140/profiles/D6903140_013.nc,20230620150330.0,23.861,58.48,I,844,IF,20250521082836,2023-06-20 15:03:30,coriolis,6903140
coriolis/6903140/profiles/D6903140_014.nc,20230622005430.0,23.865,58.432,I,844,IF,20250521082836,2023-06-22 00:54:30,coriolis,6903140
coriolis/6903140/profiles/D6903140_015.nc,20230624145730.0,24.257,58.612,I,844,IF,20250521082836,2023-06-24 14:57:30,coriolis,6903140
coriolis/6903140/profiles/D6903140_016.nc,20230626145530.0,24.629,58.506,I,844,IF,20250521082836,2023-06-26 14:55:30,coriolis,6903140
coriolis/6903140/profiles/D6903140_017.nc,20230628145530.0,24.759,58.247,I,844,IF,20250521082836,2023-06-28 14:55:30,coriolis,6903140
coriolis/6903140/profiles/D6903140_018.nc,20230630145930.0,24.613,57.996,I,844,IF,20250521082836,2023-06-30 14:59:30,coriolis,6903140
coriolis/6903140/profiles/D6903140_019.nc,20230702145130.0,24.45,57.955,I,844,IF,20250521082836,2023-07-02 14:51:30,coriolis,6903140
coriolis/6903140/profiles/D6903140_020.nc,20230704144830.0,24.394,58.056,I,844,IF,20250521082836,2023-07-04 14:48:30,coriolis,6903140
coriolis/6903140/profiles/D6903140_021.nc,20230706150530.0,24.521,58.022,I,844,IF,20250521082836,2023-07-06 15:05:30,coriolis,6903140
coriolis/6903140/profiles/D6903140_022.nc,20230708145530.0,24.389,57.938,I,844,IF,20250521082836,2023-07-08 14:55:30,coriolis,6903140
coriolis/6903140/profiles/D6903140_023.nc,20230710014030.0,24.337,58.068,I,844,IF,20250521082836,2023-07-10 01:40:30,coriolis,6903140
coriolis/6903140/profiles/D6903140_024.nc,20230712145230.0,24.495,58.042,I,844,IF,20250521082836,2023-07-12 14:52:30,coriolis,6903140
coriolis/6903140/profiles/D6903140_025.nc,20230714150030.0,24.472,57.899,I,844,IF,20250521082836,2023-07-14 15:00:30,coriolis,6903140
coriolis/6903140/profiles/D6903140_026.nc,20230716145930.0,24.312,57.772,I,844,IF,20250521082836,2023-07-16 14:59:30,coriolis,6903140
coriolis/6903140/profiles/D6903140_027.nc,20230718145530.0,24.183,57.815,I,844,IF,20250521082836,2023-07-18 14:55:30,coriolis,6903140
coriolis/6903140/profiles/D6903140_028.nc,20230720150030.0,24.124,57.993,I,844,IF,20250521082836,2023-07-20 15:00:30,coriolis,6903140
coriolis/6903140/profiles/D6903140_029.nc,20230722145530.0,24.208,58.14,I,844,IF,20250521082836,2023-07-22 14:55:30,coriolis,6903140
coriolis/6903140/profiles/D6903140_030.nc,20230724150430.0,24.33,58.228,I,844,IF,20250521082836,2023-07-24 15:04:30,coriolis,6903140
coriolis/6903140/profiles/D6903140_031.nc,20230726150230.0,24.54,58.141,I,844,IF,20250521082836,2023-07-26 15:02:30,coriolis,6903140
coriolis/6903140/profiles/D6903140_032.nc,20230728145830.0,24.582,58.089,I,844,IF,20250521082836,2023-07-28 14:58:30,coriolis,6903140
coriolis/6903140/profiles/D6903140_033.nc,20230730145730.0,24.606,58.023,I,844,IF,20250521082836,2023-07-30 14:57:30,coriolis,6903140
coriolis/6903140/profiles/D6903140_034.nc,20230801145130.0,24.624,57.909,I,844,IF,20250521082836,2023-08-01 14:51:30,coriolis,6903140
coriolis/6903140/profiles/D6903140_035.nc,20230803150130.0,24.578,57.738,I,844,IF,20250521082836,2023-08-03 15:01:30,coriolis,6903140
coriolis/6903140/profiles/D6903140_036.nc,20230805145830.0,24.438,57.608,I,844,IF,20250521082836,2023-08-05 14:58:30,coriolis,6903140
coriolis/6903140/profiles/D6903140_037.nc,20230807145530.0,24.249,57.693,I,844,IF,20250521082836,2023-08-07 14:55:30,coriolis,6903140
coriolis/6903140/profiles/D6903140_038.nc,20230809145030.0,24.216,57.982,I,844,IF,20250521082836,2023-08-09 14:50:30,coriolis,6903140
coriolis/6903140/profiles/D6903140_039.nc,20230811145630.0,24.407,58.064,I,844,IF,20250521082836,2023-08-11 14:56:30,coriolis,6903140
coriolis/6903140/profiles/D6903140_040.nc,20230813145030.0,24.546,57.894,I,844,IF,20250521082836,2023-08-13 14:50:30,coriolis,6903140
coriolis/6903140/profiles/D6903140_041.nc,20230815144530.0,24.46,57.756,I,844,IF,20250521082836,2023-08-15 14:45:30,coriolis,6903140
coriolis/6903140/profiles/D6903140_042.nc,20230817145330.0,24.353,57.902,I,844,IF,20250521082836,2023-08-17 14:53:30,coriolis,6903140
coriolis/6903140/profiles/D6903140_043.nc,20230819145530.0,24.48,58.12,I,844,IF,20250521082836,2023-08-19 14:55:30,coriolis,6903140
coriolis/6903140/profiles/D6903140_044.nc,20230821145330.0,24.706,58.144,I,844,IF,20250521082836,2023-08-21 14:53:30,coriolis,6903140
coriolis/6903140/profiles/D6903140_045.nc,20230823145030.0,24.813,58.058,I,844,IF,20250521082836,2023-08-23 14:50:30,coriolis,6903140
coriolis/6903140/profiles/D6903140_046.nc,20230825145130.0,24.834,57.904,I,844,IF,20250521082836,2023-08-25 14:51:30,coriolis,6903140
coriolis/6903140/profiles/D6903140_047.nc,20230827145730.0,24.752,57.784,I,844,IF,20250521082836,2023-08-27 14:57:30,coriolis,6903140
coriolis/6903140/profiles/D6903140_048.nc,20230829145630.0,24.673,57.792,I,844,IF,20250521082836,2023-08-29 14:56:30,coriolis,6903140
coriolis/6903140/profiles/D6903140_049.nc,20230831145730.0,24.678,57.916,I,844,IF,20250521082836,2023-08-31 14:57:30,coriolis,6903140
coriolis/6903140/profiles/D6903140_050.nc,20230902145230.0,24.825,58.012,I,844,IF,20250521082836,2023-09-02 14:52:30,coriolis,6903140
coriolis/6903140/profiles/D6903140_051.nc,20230904145830.0,24.981,57.925,I,844,IF,20250521082836,2023-09-04 14:58:30,coriolis,6903140
coriolis/6903140/profiles/D6903140_052.nc,20230906145030.0,25.016,57.684,I,844,IF,20250521082836,2023-09-06 14:50:30,coriolis,6903140
coriolis/6903140/profiles/D6903140_053.nc,20230908145730.0,24.845,57.494,I,844,IF,20250521082836,2023-09-08 14:57:30,coriolis,6903140
coriolis/6903140/profiles/D6903140_054.nc,20230910145930.0,24.562,57.432,I,844,IF,20250521082836,2023-09-10 14:59:30,coriolis,6903140
coriolis/6903140/profiles/D6903140_055.nc,20230912150430.0,24.333,57.684,I,844,IF,20250521082836,2023-09-12 15:04:30,coriolis,6903140
coriolis/6903140/profiles/D6903140_056.nc,20230914144930.0,24.407,57.908,I,844,IF,20250521082836,2023-09-14 14:49:30,coriolis,6903140
coriolis/6903140/profiles/D6903140_057.nc,20230916145330.0,24.715,57.975,I,844,IF,20250521082836,2023-09-16 14:53:30,coriolis,6903140
coriolis/6903140/profiles/D6903140_058.nc,20230918145430.0,25.072,57.951,I,844,IF,20250521082836,2023-09-18 14:54:30,coriolis,6903140
coriolis/6903140/profiles/D6903140_059.nc,20230920150030.0,25.385,57.735,I,844,IF,20250521082836,2023-09-20 15:00:30,coriolis,6903140
coriolis/6903140/profiles/D6903140_060.nc,20230922013430.0,25.401,57.519,I,844,IF,20250521082836,2023-09-22 01:34:30,coriolis,6903140
coriolis/6903140/profiles/D6903140_061.nc,20230924145930.0,25.32,57.091,I,844,IF,20250521082836,2023-09-24 14:59:30,coriolis,6903140
coriolis/6903140/profiles/D6903140_062.nc,20230926031130.0,25.219,56.972,I,844,IF,20250521082836,2023-09-26 03:11:30,coriolis,6903140
coriolis/6903140/profiles/D6903140_063.nc,20230928025130.0,25.014,56.852,I,844,IF,20250521082836,2023-09-28 02:51:30,coriolis,6903140
coriolis/6903140/profiles/D6903140_064.nc,20230930030030.0,24.585,56.932,I,844,IF,20250521082836,2023-09-30 03:00:30,coriolis,6903140
coriolis/6903140/profiles/D6903140_065.nc,20231002025630.0,24.27,57.147,I,844,IF,20250521082836,2023-10-02 02:56:30,coriolis,6903140
coriolis/6903140/profiles/D6903140_066.nc,20231004064030.0,24.165,57.68,I,844,IF,20250521082836,2023-10-04 06:40:30,coriolis,6903140
coriolis/6903140/profiles/D6903140_067.nc,20231006145230.0,24.152,58.101,I,844,IF,20250521082836,2023-10-06 14:52:30,coriolis,6903140
coriolis/6903140/profiles/D6903140_068.nc,20231008165330.0,24.03,58.397,I,844,IF,20250521082836,2023-10-08 16:53:30,coriolis,6903140
coriolis/6903140/profiles/D6903140_069.nc,20231010184730.0,23.76,58.744,I,844,IF,20250521082836,2023-10-10 18:47:30,coriolis,6903140
coriolis/6903140/profiles/D6903140_070.nc,20231012204930.0,23.105,59.266,I,844,IF,20250521082836,2023-10-12 20:49:30,coriolis,6903140
coriolis/6903140/profiles/D6903140_071.nc,20231014224930.0,22.659,59.701,I,844,IF,20250521082836,2023-10-14 22:49:30,coriolis,6903140
coriolis/6903140/profiles/D6903140_072.nc,20231017005230.0,22.443,60.267,I,844,IF,20250521082836,2023-10-17 00:52:30,coriolis,6903140
coriolis/6903140/profiles/D6903140_073.nc,20231019024830.0,22.417,61.282,I,844,IF,20250521082836,2023-10-19 02:48:30,coriolis,6903140
coriolis/6903140/profiles/D6903140_074.nc,20231021045130.0,22.333,62.093,I,844,IF,20250521082836,2023-10-21 04:51:30,coriolis,6903140
coriolis/6903140/profiles/D6903140_075.nc,20231023065430.0,22.211,62.828,I,844,IF,20250521082836,2023-10-23 06:54:30,coriolis,6903140
coriolis/6903140/profiles/D6903140_076.nc,20231025085130.0,22.02,63.178,I,844,IF,20250521082836,2023-10-25 08:51:30,coriolis,6903140
coriolis/6903140/profiles/D6903140_077.nc,20231027104930.0,21.743,63.145,I,844,IF,20250521082836,2023-10-27 10:49:30,coriolis,6903140
coriolis/6903140/profiles/D6903140_078.nc,20231029124830.0,21.588,63.005,I,844,IF,20250521082836,2023-10-29 12:48:30,coriolis,6903140
coriolis/6903140/profiles/D6903140_079.nc,20231031144830.0,21.621,62.769,I,844,IF,20250521082836,2023-10-31 14:48:30,coriolis,6903140
coriolis/6903140/profiles/D6903140_080.nc,20231102165530.0,21.752,62.654,I,844,IF,20250521082836,2023-11-02 16:55:30,coriolis,6903140
coriolis/6903140/profiles/D6903140_081.nc,20231104185730.0,21.985,62.643,I,844,IF,20250521082836,2023-11-04 18:57:30,coriolis,6903140
coriolis/6903140/profiles/D6903140_082.nc,20231106205130.0,22.213,62.709,I,844,IF,20250521082836,2023-11-06 20:51:30,coriolis,6903140
coriolis/6903140/profiles/D6903140_083.nc,20231108225530.0,22.461,62.875,I,844,IF,20250521082836,2023-11-08 22:55:30,coriolis,6903140
coriolis/6903140/profiles/D6903140_084.nc,20231111005930.0,22.609,62.973,I,844,IF,20250521082836,2023-11-11 00:59:30,coriolis,6903140
coriolis/6903140/profiles/D6903140_085.nc,20231113024930.0,22.654,63.021,I,844,IF,20250521082836,2023-11-13 02:49:30,coriolis,6903140
coriolis/6903140/profiles/D6903140_086.nc,20231115050030.0,22.624,63.05,I,844,IF,20250521082836,2023-11-15 05:00:30,coriolis,6903140
coriolis/6903140/profiles/D6903140_087.nc,20231117064630.0,22.51,63.049,I,844,IF,20250521082836,2023-11-17 06:46:30,coriolis,6903140
coriolis/6903140/profiles/D6903140_088.nc,20231119085530.0,22.305,62.962,I,844,IF,20250521082836,2023-11-19 08:55:30,coriolis,6903140
coriolis/6903140/profiles/D6903140_089.nc,20231121104430.0,22.197,62.749,I,844,IF,20250521082836,2023-11-21 10:44:30,coriolis,6903140
coriolis/6903140/profiles/D6903140_090.nc,20231123125530.0,22.173,62.612,I,844,IF,20250521082836,2023-11-23 12:55:30,coriolis,6903140
coriolis/6903140/profiles/D6903140_091.nc,20231125144930.0,22.054,62.553,I,844,IF,20250521082836,2023-11-25 14:49:30,coriolis,6903140
coriolis/6903140/profiles/D6903140_092.nc,20231127165730.0,21.843,62.509,I,844,IF,20250521082836,2023-11-27 16:57:30,coriolis,6903140
coriolis/6903140/profiles/D6903140_093.nc,20231129185230.0,21.612,62.432,I,844,IF,20250521082836,2023-11-29 18:52:30,coriolis,6903140
coriolis/6903140/profiles/D6903140_094.nc,20231201204530.0,21.421,62.303,I,844,IF,20250521082836,2023-12-01 20:45:30,coriolis,6903140
coriolis/6903140/profiles/D6903140_095.nc,20231203224230.0,21.19,62.063,I,844,IF,20250521082836,2023-12-03 22:42:30,coriolis,6903140
coriolis/6903140/profiles/D6903140_096.nc,20231206005530.0,20.965,61.795,I,844,IF,20250521082836,2023-12-06 00:55:30,coriolis,6903140
coriolis/6903140/profiles/D6903140_097.nc,20231208025330.0,20.762,61.521,I,844,IF,20250521082836,2023-12-08 02:53:30,coriolis,6903140
coriolis/6903140/profiles/D6903140_098.nc,20231210044730.0,20.613,61.159,I,844,IF,20250521082836,2023-12-10 04:47:30,coriolis,6903140
coriolis/6903140/profiles/D6903140_099.nc,20231212064730.0,20.618,60.722,I,844,IF,20250521082836,2023-12-12 06:47:30,coriolis,6903140
coriolis/6903140/profiles/D6903140_100.nc,20231214085530.0,20.847,60.314,I,844,IF,20250521082836,2023-12-14 08:55:30,coriolis,6903140
coriolis/6903140/profiles/D6903140_101.nc,20231216105130.0,21.263,60.021,I,844,IF,20250521082836,2023-12-16 10:51:30,coriolis,6903140
coriolis/6903140/profiles/D6903140_102.nc,20231218130030.0,21.873,60.135,I,844,IF,20250521082836,2023-12-18 13:00:30,coriolis,6903140
coriolis/6903140/profiles/D6903140_103.nc,20231220145830.0,22.266,60.667,I,844,IF,20250521082836,2023-12-20 14:58:30,coriolis,6903140
coriolis/6903140/profiles/D6903140_104.nc,20231222165530.0,22.348,61.434,I,844,IF,20250521082836,2023-12-22 16:55:30,coriolis,6903140
coriolis/6903140/profiles/D6903140_105.nc,20231224185130.0,22.09,61.733,I,844,IF,20250521082836,2023-12-24 18:51:30,coriolis,6903140
coriolis/6903140/profiles/D6903140_106.nc,20231226203430.0,21.668,61.468,I,844,IF,20250521082836,2023-12-26 20:34:30,coriolis,6903140
coriolis/6903140/profiles/D6903140_107.nc,20231228224430.0,21.685,60.845,I,844,IF,20250521082836,2023-12-28 22:44:30,coriolis,6903140
coriolis/6903141/profiles/D6903141_001.nc,20230527113230.0,25.166,57.422,I,844,IF,20250521083423,2023-05-27 11:32:30,coriolis,6903141
coriolis/6903141/profiles/D6903141_001D.nc,20230525221600.0,25.126,57.367,I,844,IF,20250521083423,2023-05-25 22:16:00,coriolis,6903141
coriolis/6903141/profiles/D6903141_002.nc,20230529114530.0,25.213,57.496,I,844,IF,20250521083423,2023-05-29 11:45:30,coriolis,6903141
coriolis/6903141/profiles/D6903141_003.nc,20230531041530.0,25.33,57.562,I,844,IF,20250521083423,2023-05-31 04:15:30,coriolis,6903141
coriolis/6903141/profiles/D6903141_004.nc,20230602032730.0,25.333,57.605,I,844,IF,20250521083423,2023-06-02 03:27:30,coriolis,6903141
coriolis/6903141/profiles/D6903141_005.nc,20230604050730.0,25.287,57.661,I,844,IF,20250521083423,2023-06-04 05:07:30,coriolis,6903141
coriolis/6903141/profiles/D6903141_006.nc,20230606104430.0,25.176,57.783,I,844,IF,20250521083423,2023-06-06 10:44:30,coriolis,6903141
coriolis/6903141/profiles/D6903141_007.nc,20230608113230.0,24.999,57.749,I,844,IF,20250521083423,2023-06-08 11:32:30,coriolis,6903141
coriolis/6903141/profiles/D6903141_008.nc,20230610145630.0,24.735,57.623,I,844,IF,20250521083423,2023-06-10 14:56:30,coriolis,6903141
coriolis/6903141/profiles/D6903141_009.nc,20230612145130.0,24.418,57.507,I,844,IF,20250521083423,2023-06-12 14:51:30,coriolis,6903141
coriolis/6903141/profiles/D6903141_010.nc,20230614074030.0,24.259,57.475,I,844,IF,20250521083423,2023-06-14 07:40:30,coriolis,6903141
coriolis/6903141/profiles/D6903141_011.nc,20230616071430.0,24.217,57.485,I,844,IF,20250521083423,2023-06-16 07:14:30,coriolis,6903141
coriolis/6903141/profiles/D6903141_012.nc,20230618145730.0,24.181,57.952,I,844,IF,20250521083423,2023-06-18 14:57:30,coriolis,6903141
coriolis/6903141/profiles/D6903141_013.nc,20230620145230.0,24.144,58.482,I,844,IF,20250521083423,2023-06-20 14:52:30,coriolis,6903141
coriolis/6903141/profiles/D6903141_014.nc,20230622145030.0,24.158,58.812,I,844,IF,20250521083423,2023-06-22 14:50:30,coriolis,6903141
coriolis/6903141/profiles/D6903141_015.nc,20230624144830.0,23.838,59.157,I,844,IF,20250521083423,2023-06-24 14:48:30,coriolis,6903141
coriolis/6903141/profiles/D6903141_016.nc,20230626144630.0,23.628,59.136,I,844,IF,20250521083423,2023-06-26 14:46:30,coriolis,6903141
coriolis/6903141/profiles/D6903141_017.nc,20230628145830.0,23.652,59.116,I,844,IF,20250521083423,2023-06-28 14:58:30,coriolis,6903141
coriolis/6903141/profiles/D6903141_018.nc,20230630144830.0,23.659,59.065,I,844,IF,20250521083423,2023-06-30 14:48:30,coriolis,6903141
coriolis/6903141/profiles/D6903141_019.nc,20230702145030.0,23.558,58.999,I,844,IF,20250521083423,2023-07-02 14:50:30,coriolis,6903141
coriolis/6903141/profiles/D6903141_020.nc,20230704144330.0,23.405,59.105,I,844,IF,20250521083423,2023-07-04 14:43:30,coriolis,6903141
coriolis/6903141/profiles/D6903141_021.nc,20230706145130.0,23.255,59.166,I,844,IF,20250521083423,2023-07-06 14:51:30,coriolis,6903141
coriolis/6903141/profiles/D6903141_022.nc,20230708145630.0,23.222,59.188,I,844,IF,20250521083423,2023-07-08 14:56:30,coriolis,6903141
coriolis/6903141/profiles/D6903141_023.nc,20230710144630.0,23.121,59.238,I,844,IF,20250521083423,2023-07-10 14:46:30,coriolis,6903141
coriolis/6903141/profiles/D6903141_024.nc,20230712144130.0,22.96,59.298,I,844,IF,20250521083423,2023-07-12 14:41:30,coriolis,6903141
coriolis/6903141/profiles/D6903141_025.nc,20230714120030.0,22.81,59.414,I,844,IF,20250521083423,2023-07-14 12:00:30,coriolis,6903141
coriolis/6903141/profiles/D6903141_026.nc,20230716085730.0,22.716,59.522,I,844,IF,20250521083423,2023-07-16 08:57:30,coriolis,6903141
coriolis/6903141/profiles/D6903141_027.nc,20230718145430.0,22.643,59.663,I,844,IF,20250521083423,2023-07-18 14:54:30,coriolis,6903141
coriolis/6903141/profiles/D6903141_028.nc,20230720033830.0,22.575,59.806,I,844,IF,20250521083423,2023-07-20 03:38:30,coriolis,6903141
coriolis/6903141/profiles/D6903141_029.nc,20230722043030.0,22.528,59.896,I,844,IF,20250521083423,2023-07-22 04:30:30,coriolis,6903141
coriolis/6903141/profiles/D6903141_030.nc,20230724145230.0,22.57,60.347,I,844,IF,20250521083423,2023-07-24 14:52:30,coriolis,6903141
coriolis/6903141/profiles/D6903141_031.nc,20230726145530.0,22.661,60.923,I,844,IF,20250521083423,2023-07-26 14:55:30,coriolis,6903141
coriolis/6903141/profiles/D6903141_032.nc,20230728145430.0,22.786,61.59,I,844,IF,20250521083423,2023-07-28 14:54:30,coriolis,6903141
coriolis/6903141/profiles/D6903141_033.nc,20230730145130.0,22.974,61.986,I,844,IF,20250521083423,2023-07-30 14:51:30,coriolis,6903141
coriolis/6903141/profiles/D6903141_034.nc,20230801144330.0,23.178,62.211,I,844,IF,20250521083423,2023-08-01 14:43:30,coriolis,6903141
coriolis/6903141/profiles/D6903141_035.nc,20230803145130.0,23.358,62.379,I,844,IF,20250521083423,2023-08-03 14:51:30,coriolis,6903141
coriolis/6903141/profiles/D6903141_036.nc,20230805145930.0,23.494,62.563,I,844,IF,20250521083423,2023-08-05 14:59:30,coriolis,6903141
coriolis/6903141/profiles/D6903141_037.nc,20230807150230.0,23.541,62.787,I,844,IF,20250521083423,2023-08-07 15:02:30,coriolis,6903141
coriolis/6903141/profiles/D6903141_038.nc,20230809144430.0,23.551,63.011,I,844,IF,20250521083423,2023-08-09 14:44:30,coriolis,6903141
coriolis/6903141/profiles/D6903141_039.nc,20230811144130.0,23.581,63.183,I,844,IF,20250521083423,2023-08-11 14:41:30,coriolis,6903141
coriolis/6903141/profiles/D6903141_040.nc,20230813144730.0,23.62,63.335,I,844,IF,20250521083423,2023-08-13 14:47:30,coriolis,6903141
coriolis/6903141/profiles/D6903141_041.nc,20230815145530.0,23.638,63.438,I,844,IF,20250521083423,2023-08-15 14:55:30,coriolis,6903141
coriolis/6903141/profiles/D6903141_042.nc,20230817145330.0,23.653,63.51,I,844,IF,20250521083423,2023-08-17 14:53:30,coriolis,6903141
coriolis/6903141/profiles/D6903141_043.nc,20230819145030.0,23.651,63.53,I,844,IF,20250521083423,2023-08-19 14:50:30,coriolis,6903141
coriolis/6903141/profiles/D6903141_044.nc,20230821144930.0,23.641,63.555,I,844,IF,20250521083423,2023-08-21 14:49:30,coriolis,6903141
coriolis/6903141/profiles/D6903141_045.nc,20230823145030.0,23.62,63.557,I,844,IF,20250521083423,2023-08-23 14:50:30,coriolis,6903141
coriolis/6903141/profiles/D6903141_046.nc,20230825145630.0,23.588,63.578,I,844,IF,20250521083423,2023-08-25 14:56:30,coriolis,6903141
coriolis/6903141/profiles/D6903141_047.nc,20230827144930.0,23.56,63.568,I,844,IF,20250521083423,2023-08-27 14:49:30,coriolis,6903141
coriolis/6903141/profiles/D6903141_048.nc,20230829145630.0,23.528,63.512,I,844,IF,20250521083423,2023-08-29 14:56:30,coriolis,6903141
coriolis/6903141/profiles/D6903141_049.nc,20230831145330.0,23.507,63.417,I,844,IF,20250521083423,2023-08-31 14:53:30,coriolis,6903141
coriolis/6903141/profiles/D6903141_050.nc,20230902144830.0,23.507,63.305,I,844,IF,20250521083423,2023-09-02 14:48:30,coriolis,6903141
coriolis/6903141/profiles/D6903141_051.nc,20230904145030.0,23.507,63.194,I,844,IF,20250521083423,2023-09-04 14:50:30,coriolis,6903141
coriolis/6903141/profiles/D6903141_052.nc,20230906145130.0,23.512,63.082,I,844,IF,20250521083423,2023-09-06 14:51:30,coriolis,6903141
coriolis/6903141/profiles/D6903141_053.nc,20230908145030.0,23.497,62.949,I,844,IF,20250521083423,2023-09-08 14:50:30,coriolis,6903141
coriolis/6903141/profiles/D6903141_054.nc,20230910150030.0,23.516,62.822,I,844,IF,20250521083423,2023-09-10 15:00:30,coriolis,6903141
coriolis/6903141/profiles/D6903141_055.nc,20230912145830.0,23.544,62.693,I,844,IF,20250521083423,2023-09-12 14:58:30,coriolis,6903141
coriolis/6903141/profiles/D6903141_056.nc,20230914145230.0,23.595,62.56,I,844,IF,20250521083423,2023-09-14 14:52:30,coriolis,6903141
coriolis/6903141/profiles/D6903141_057.nc,20230916145630.0,23.69,62.393,I,844,IF,20250521083423,2023-09-16 14:56:30,coriolis,6903141
coriolis/6903141/profiles/D6903141_058.nc,20230918145830.0,23.801,62.206,I,844,IF,20250521083423,2023-09-18 14:58:30,coriolis,6903141
coriolis/6903141/profiles/D6903141_059.nc,20230920145830.0,23.96,62.018,I,844,IF,20250521083423,2023-09-20 14:58:30,coriolis,6903141
coriolis/6903141/profiles/D6903141_060.nc,20230922145330.0,24.145,61.848,I,844,IF,20250521083423,2023-09-22 14:53:30,coriolis,6903141
coriolis/6903141/profiles/D6903141_061.nc,20230924145330.0,24.31,61.781,I,844,IF,20250521083423,2023-09-24 14:53:30,coriolis,6903141
coriolis/6903141/profiles/D6903141_062.nc,20230926144830.0,24.418,61.796,I,844,IF,20250521083423,2023-09-26 14:48:30,coriolis,6903141
coriolis/6903141/profiles/D6903141_063.nc,20230928145130.0,24.452,61.891,I,844,IF,20250521083423,2023-09-28 14:51:30,coriolis,6903141
coriolis/6903141/profiles/D6903141_064.nc,20230930145530.0,24.412,61.999,I,844,IF,20250521083423,2023-09-30 14:55:30,coriolis,6903141
coriolis/6903141/profiles/D6903141_065.nc,20231002145130.0,24.353,62.038,I,844,IF,20250521083423,2023-10-02 14:51:30,coriolis,6903141
coriolis/6903141/profiles/D6903141_066.nc,20231004145430.0,24.272,62.004,I,844,IF,20250521083423,2023-10-04 14:54:30,coriolis,6903141
coriolis/6903141/profiles/D6903141_067.nc,20231006145230.0,24.191,61.878,I,844,IF,20250521083423,2023-10-06 14:52:30,coriolis,6903141
coriolis/6903141/profiles/D6903141_068.nc,20231008165030.0,24.11,61.67,I,844,IF,20250521083423,2023-10-08 16:50:30,coriolis,6903141
coriolis/6903141/profiles/D6903141_069.nc,20231010185630.0,24.068,61.394,I,844,IF,20250521083423,2023-10-10 18:56:30,coriolis,6903141
coriolis/6903141/profiles/D6903141_070.nc,20231012205230.0,24.045,61.079,I,844,IF,20250521083423,2023-10-12 20:52:30,coriolis,6903141
coriolis/6903141/profiles/D6903141_071.nc,20231014225530.0,24.033,60.716,I,844,IF,20250521083423,2023-10-14 22:55:30,coriolis,6903141
coriolis/6903141/profiles/D6903141_072.nc,20231017005930.0,24.007,60.303,I,844,IF,20250521083423,2023-10-17 00:59:30,coriolis,6903141
coriolis/6903141/profiles/D6903141_073.nc,20231019024830.0,23.939,59.917,I,844,IF,20250521083423,2023-10-19 02:48:30,coriolis,6903141
coriolis/6903141/profiles/D6903141_074.nc,20231021045130.0,23.879,59.581,I,844,IF,20250521083423,2023-10-21 04:51:30,coriolis,6903141
coriolis/6903141/profiles/D6903141_075.nc,20231023064630.0,23.845,59.346,I,844,IF,20250521083423,2023-10-23 06:46:30,coriolis,6903141
coriolis/6903141/profiles/D6903141_076.nc,20231025085430.0,23.855,59.175,I,844,IF,20250521083423,2023-10-25 08:54:30,coriolis,6903141
coriolis/6903141/profiles/D6903141_077.nc,20231027105530.0,23.936,59.073,I,844,IF,20250521083423,2023-10-27 10:55:30,coriolis,6903141
coriolis/6903141/profiles/D6903141_078.nc,20231029125830.0,24.046,58.925,I,844,IF,20250521083423,2023-10-29 12:58:30,coriolis,6903141
coriolis/6903141/profiles/D6903141_079.nc,20231031145530.0,24.068,58.802,I,844,IF,20250521083423,2023-10-31 14:55:30,coriolis,6903141
coriolis/6903141/profiles/D6903141_080.nc,20231102165330.0,24.054,58.776,I,844,IF,20250521083423,2023-11-02 16:53:30,coriolis,6903141
coriolis/6903141/profiles/D6903141_081.nc,20231104185230.0,24.035,58.848,I,844,IF,20250521083423,2023-11-04 18:52:30,coriolis,6903141
coriolis/6903141/profiles/D6903141_082.nc,20231106210330.0,24.086,58.889,I,844,IF,20250521083423,2023-11-06 21:03:30,coriolis,6903141
coriolis/6903141/profiles/D6903141_083.nc,20231108225730.0,24.197,58.882,I,844,IF,20250521083423,2023-11-08 22:57:30,coriolis,6903141
coriolis/6903141/profiles/D6903141_084.nc,20231111010030.0,24.343,58.834,I,844,IF,20250521083423,2023-11-11 01:00:30,coriolis,6903141
coriolis/6903141/profiles/D6903141_085.nc,20231113025730.0,24.501,58.793,I,844,IF,20250521083423,2023-11-13 02:57:30,coriolis,6903141
coriolis/6903141/profiles/D6903141_086.nc,20231115045630.0,24.674,58.783,I,844,IF,20250521083423,2023-11-15 04:56:30,coriolis,6903141
coriolis/6903141/profiles/D6903141_087.nc,20231117065930.0,24.824,58.869,I,844,IF,20250521083423,2023-11-17 06:59:30,coriolis,6903141
coriolis/6903141/profiles/D6903141_088.nc,20231119051930.0,24.945,59.026,I,844,IF,20250521083423,2023-11-19 05:19:30,coriolis,6903141
coriolis/6903141/profiles/D6903141_089.nc,20231121040230.0,25.002,59.26,I,844,IF,20250521083423,2023-11-21 04:02:30,coriolis,6903141
coriolis/6903141/profiles/D6903141_090.nc,20231123124830.0,24.948,59.657,I,844,IF,20250521083423,2023-11-23 12:48:30,coriolis,6903141
coriolis/6903141/profiles/D6903141_091.nc,20231125144930.0,24.765,59.917,I,844,IF,20250521083423,2023-11-25 14:49:30,coriolis,6903141
coriolis/6903141/profiles/D6903141_092.nc,20231127170230.0,24.532,59.992,I,844,IF,20250521083423,2023-11-27 17:02:30,coriolis,6903141
coriolis/6903141/profiles/D6903141_093.nc,20231129185430.0,24.273,59.94,I,844,IF,20250521083423,2023-11-29 18:54:30,coriolis,6903141
coriolis/6903141/profiles/D6903141_094.nc,20231201205530.0,23.868,59.828,I,844,IF,20250521083423,2023-12-01 20:55:30,coriolis,6903141
coriolis/6903141/profiles/D6903141_095.nc,20231203225530.0,23.363,59.831,I,844,IF,20250521083423,2023-12-03 22:55:30,coriolis,6903141
coriolis/6903141/profiles/D6903141_096.nc,20231206004730.0,22.934,60.071,I,844,IF,20250521083423,2023-12-06 00:47:30,coriolis,6903141
coriolis/6903141/profiles/D6903141_097.nc,20231208024030.0,22.686,60.552,I,844,IF,20250521083423,2023-12-08 02:40:30,coriolis,6903141
coriolis/6903141/profiles/D6903141_098.nc,20231210045730.0,22.678,61.161,I,844,IF,20250521083423,2023-12-10 04:57:30,coriolis,6903141
coriolis/6903141/profiles/D6903141_099.nc,20231212065030.0,22.917,61.591,I,844,IF,20250521083423,2023-12-12 06:50:30,coriolis,6903141
coriolis/6903141/profiles/D6903141_100.nc,20231214084130.0,23.235,61.846,I,844,IF,20250521083423,2023-12-14 08:41:30,coriolis,6903141
coriolis/6903141/profiles/D6903141_101.nc,20231216105030.0,23.601,61.922,I,844,IF,20250521083423,2023-12-16 10:50:30,coriolis,6903141
coriolis/6903141/profiles/D6903141_102.nc,20231218124930.0,23.944,61.854,I,844,IF,20250521083423,2023-12-18 12:49:30,coriolis,6903141
coriolis/6903141/profiles/D6903141_103.nc,20231220145430.0,24.231,61.733,I,844,IF,20250521083423,2023-12-20 14:54:30,coriolis,6903141
coriolis/6903141/profiles/D6903141_104.nc,20231222165630.0,24.439,61.588,I,844,IF,20250521083423,2023-12-22 16:56:30,coriolis,6903141
coriolis/6903141/profiles/D6903141_105.nc,20231224185430.0,24.571,61.38,I,844,IF,20250521083423,2023-12-24 18:54:30,coriolis,6903141
coriolis/6903141/profiles/D6903141_106.nc,20231226205830.0,24.645,61.095,I,844,IF,20250521083423,2023-12-26 20:58:30,coriolis,6903141
coriolis/6903141/profiles/D6903141_107.nc,20231228225630.0,24.681,60.805,I,844,IF,20250521083423,2023-12-28 22:56:30,coriolis,6903141
coriolis/6990514/profiles/R6990514_001.nc,20230605221700.0,17.677,66.464,I,834,IF,20250312084633,2023-06-05 22:17:00,coriolis,6990514
coriolis/6990514/profiles/R6990514_001D.nc,20230605044545.0,17.639,66.444,I,834,IF,20250312084631,2023-06-05 04:45:45,coriolis,6990514
coriolis/6990514/profiles/R6990514_002.nc,20230606072217.0,17.696,66.472,I,834,IF,20250312084633,2023-06-06 07:22:17,coriolis,6990514
coriolis/6990514/profiles/R6990514_003.nc,20230607070724.0,17.724,66.517,I,834,IF,20250312084635,2023-06-07 07:07:24,coriolis,6990514
coriolis/6990514/profiles/R6990514_004.nc,20230608070324.0,17.743,66.559,I,834,IF,20250312084636,2023-06-08 07:03:24,coriolis,6990514
coriolis/6990514/profiles/R6990514_005.nc,20230609070524.0,17.751,66.614,I,834,IF,20250312084637,2023-06-09 07:05:24,coriolis,6990514
coriolis/6990514/profiles/R6990514_006.nc,20230610070524.0,17.741,66.665,I,834,IF,20250312084639,2023-06-10 07:05:24,coriolis,6990514
coriolis/6990514/profiles/R6990514_007.nc,20230611070324.0,17.698,66.664,I,834,IF,20250312084640,2023-06-11 07:03:24,coriolis,6990514
coriolis/6990514/profiles/R6990514_008.nc,20230612070924.0,17.574,66.702,I,834,IF,20250312084641,2023-06-12 07:09:24,coriolis,6990514
coriolis/6990514/profiles/R6990514_009.nc,20230621070719.0,17.019,66.626,I,834,IF,20250312084643,2023-06-21 07:07:19,coriolis,6990514
coriolis/6990514/profiles/R6990514_010.nc,20230630070922.0,16.641,66.246,I,834,IF,20250312084644,2023-06-30 07:09:22,coriolis,6990514
coriolis/6990514/profiles/R6990514_011.nc,20230709070520.0,16.337,65.706,I,834,IF,20250312084645,2023-07-09 07:05:20,coriolis,6990514
coriolis/6990514/profiles/R6990514_012.nc,20230718070121.0,16.132,65.368,I,834,IF,20250312084646,2023-07-18 07:01:21,coriolis,6990514
coriolis/6990514/profiles/R6990514_013.nc,20230727070120.0,15.735,65.113,I,834,IF,20250312084647,2023-07-27 07:01:20,coriolis,6990514
coriolis/6990514/profiles/R6990514_014.nc,20230805065921.0,15.313,64.875,I,834,IF,20250312084649,2023-08-05 06:59:21,coriolis,6990514
coriolis/6990514/profiles/R6990514_015.nc,20230814065720.0,14.913,64.691,I,834,IF,20250312084650,2023-08-14 06:57:20,coriolis,6990514
coriolis/6990514/profiles/R6990514_016.nc,20230823070521.0,14.668,64.728,I,834,IF,20250312084651,2023-08-23 07:05:21,coriolis,6990514
coriolis/6990514/profiles/R6990514_017.nc,20230901070120.0,14.85,64.891,I,834,IF,20250312084652,2023-09-01 07:01:20,coriolis,6990514
coriolis/6990514/profiles/R6990514_018.nc,20230910070121.0,15.09,64.786,I,834,IF,20250312084653,2023-09-10 07:01:21,coriolis,6990514
coriolis/6990514/profiles/R6990514_019.nc,20230919070320.0,15.421,64.46,I,834,IF,20250312084654,2023-09-19 07:03:20,coriolis,6990514
coriolis/6990514/profiles/R6990514_020.nc,20230928070121.0,15.585,64.301,I,834,IF,20250312084655,2023-09-28 07:01:21,coriolis,6990514
coriolis/6990514/profiles/R6990514_021.nc,20231007070120.0,15.608,64.178,I,834,IF,20250312084657,2023-10-07 07:01:20,coriolis,6990514
coriolis/6990514/profiles/R6990514_022.nc,20231016070521.0,15.745,64.109,I,834,IF,20250312084658,2023-10-16 07:05:21,coriolis,6990514
coriolis/6990514/profiles/R6990514_023.nc,20231025065920.0,15.856,63.958,I,834,IF,20250312084659,2023-10-25 06:59:20,coriolis,6990514
coriolis/6990514/profiles/R6990514_024.nc,20231103070120.0,15.774,63.877,I,834,IF,20250312084700,2023-11-03 07:01:20,coriolis,6990514
coriolis/6990514/profiles/R6990514_025.nc,20231112070120.0,15.534,63.837,I,834,IF,20250312084701,2023-11-12 07:01:20,coriolis,6990514
coriolis/6990514/profiles/R6990514_026.nc,20231113185723.0,15.479,63.831,I,834,IF,20250312084702,2023-11-13 18:57:23,coriolis,6990514
coriolis/6990514/profiles/R6990514_027.nc,20231123065921.0,15.302,63.811,I,834,IF,20250312084703,2023-11-23 06:59:21,coriolis,6990514
coriolis/6990514/profiles/R6990514_028.nc,20231202070122.0,15.318,63.742,I,834,IF,20250312084705,2023-12-02 07:01:22,coriolis,6990514
coriolis/6990514/profiles/R6990514_029.nc,20231211070721.0,15.36,63.763,I,834,IF,20250312084706,2023-12-11 07:07:21,coriolis,6990514
coriolis/6990514/profiles/R6990514_030.nc,20231220065521.0,15.402,63.901,I,834,IF,20250312084707,2023-12-20 06:55:21,coriolis,6990514
coriolis/6990514/profiles/R6990514_031.nc,20231229065921.0,15.736,64.103,I,834,IF,20250312084708,2023-12-29 06:59:21,coriolis,6990514
csio/2902680/profiles/D2902680_201.nc,20220105113545.0,8.826,86.033,I,846,HZ,20220425123415,2022-01-05 11:35:45,csio,2902680
csio/2902680/profiles/D2902680_202.nc,20220115053932.0,8.785,85.408,I,846,HZ,20220425123415,2022-01-15 05:39:32,csio,2902680
csio/2902680/profiles/D2902680_203.nc,20220125111126.0,8.839,84.726,I,846,HZ,20220425123415,2022-01-25 11:11:26,csio,2902680
csio/2902680/profiles/D2902680_204.nc,20220204052337.0,8.857,83.853,I,846,HZ,20220425123415,2022-02-04 05:23:37,csio,2902680
csio/2902680/profiles/D2902680_205.nc,20220214105118.0,8.99,82.657,I,846,HZ,20220425123415,2022-02-14 10:51:18,csio,2902680
csio/2902680/profiles/D2902680_206.nc,20220224045754.0,9.196,82.234,I,846,HZ,20220425123415,2022-02-24 04:57:54,csio,2902680
csio/2902680/profiles/D2902680_207.nc,20220306120005.0,10.104,82.083,I,846,HZ,20220425123415,2022-03-06 12:00:05,csio,2902680
csio/2902680/profiles/D2902680_208.nc,20220316045517.0,10.766,82.374,I,846,HZ,20220425123415,2022-03-16 04:55:17,csio,2902680
csio/2902680/profiles/D2902680_209.nc,20220326113631.0,10.939,83.099,I,846,HZ,20220425123415,2022-03-26 11:36:31,csio,2902680
csio/2902680/profiles/R2902680_210.nc,20220405112522.0,10.945,83.396,I,846,HZ,20221004121552,2022-04-05 11:25:22,csio,2902680
csio/2902680/profiles/R2902680_211.nc,20220415045739.0,10.636,83.324,I,846,HZ,20221004122035,2022-04-15 04:57:39,csio,2902680
csio/2902680/profiles/R2902680_212.nc,20220425061321.0,10.469,82.969,I,846,HZ,20221004122357,2022-04-25 06:13:21,csio,2902680
csio/2902680/profiles/R2902680_213.nc,20220505104957.0,10.136,82.118,I,846,HZ,20221004122719,2022-05-05 10:49:57,csio,2902680
csio/2902680/profiles/R2902680_214.nc,20220515104014.0,10.01,82.224,I,846,HZ,20221004123021,2022-05-15 10:40:14,csio,2902680
csio/2902680/profiles/R2902680_215.nc,20220525051407.0,10.396,82.425,I,846,HZ,20221004123333,2022-05-25 05:14:07,csio,2902680
csio/2902680/profiles/R2902680_216.nc,20220604114901.0,10.829,82.59,I,846,HZ,20221004123650,2022-06-04 11:49:01,csio,2902680
csio/2902680/profiles/R2902680_217.nc,20220614053312.0,11.073,82.422,I,846,HZ,20221004124005,2022-06-14 05:33:12,csio,2902680
csio/2902680/profiles/R2902680_218.nc,20220624112524.0,11.219,82.027,I,846,HZ,20221004124347,2022-06-24 11:25:24,csio,2902680
csio/2902680/profiles/R2902680_219.nc,20220704052129.0,11.193,82.018,I,846,HZ,20221004124709,2022-07-04 05:21:29,csio,2902680
csio/2902680/profiles/R2902680_220.nc,20220714105735.0,10.852,82.146,I,846,HZ,20221004125021,2022-07-14 10:57:35,csio,2902680
csio/2902680/profiles/R2902680_221.nc,20220724051217.0,9.215,82.661,I,846,HZ,20221004125326,2022-07-24 05:12:17,csio,2902680
csio/2902680/profiles/R2902680_222.nc,20220803104139.0,8.617,83.062,I,846,HZ,20221004125626,2022-08-03 10:41:39,csio,2902680
csio/2902680/profiles/R2902680_223.nc,20220813055651.0,8.933,82.905,I,846,HZ,20221004130011,2022-08-13 05:56:51,csio,2902680
csio/2902680/profiles/R2902680_224.nc,20220823110950.0,8.378,83.0,I,846,HZ,20221005020621,2022-08-23 11:09:50,csio,2902680
csio/2902680/profiles/R2902680_225.nc,20220902051806.0,7.471,82.669,I,846,HZ,20221005021102,2022-09-02 05:18:06,csio,2902680
csio/2902680/profiles/R2902680_226.nc,20220912112937.0,6.312,82.295,I,846,HZ,20221005021406,2022-09-12 11:29:37,csio,2902680
csio/2902680/profiles/R2902680_227.nc,20220922051513.0,6.326,82.184,I,846,HZ,20221005021747,2022-09-22 05:15:13,csio,2902680
csio/2902680/profiles/R2902680_228.nc,20221002110518.0,6.913,83.641,I,846,HZ,20221018061944,2022-10-02 11:05:18,csio,2902680
csio/2902680/profiles/R2902680_229.nc,20221012045754.0,7.164,84.553,I,846,HZ,20221031072957,2022-10-12 04:57:54,csio,2902680
csio/2902680/profiles/R2902680_230.nc,20221022104305.0,7.201,84.215,I,846,HZ,20221114094624,2022-10-22 10:43:05,csio,2902680
csio/2902680/profiles/R2902680_231.nc,20221101054210.0,6.374,84.193,I,846,HZ,20221114095202,2022-11-01 05:42:10,csio,2902680
csio/2902680/profiles/R2902680_232.nc,20221111111610.0,6.951,83.914,I,846,HZ,20221123085048,2022-11-11 11:16:10,csio,2902680
csio/2902680/profiles/R2902680_233.nc,20221121052955.0,7.297,83.434,I,846,HZ,20221123120649,2022-11-21 05:29:55,csio,2902680
csio/2902680/profiles/R2902680_234.nc,20221201113145.0,7.431,82.62,I,846,HZ,20221202120312,2022-12-01 11:31:45,csio,2902680
csio/2902680/profiles/R2902680_239.nc,20230120053430.0,6.102,81.922,I,846,HZ,20230121120315,2023-01-20 05:34:30,csio,2902680
csio/2902710/profiles/D2902710_088.nc,20220103043600.0,14.845,87.861,I,870,HZ,20220427020446,2022-01-03 04:36:00,csio,2902710
csio/2902710/profiles/D2902710_089.nc,20220108050900.0,14.917,87.842,I,870,HZ,20220427020446,2022-01-08 05:09:00,csio,2902710
csio/2902710/profiles/D2902710_090.nc,20220113051600.0,14.989,87.855,I,870,HZ,20220427020446,2022-01-13 05:16:00,csio,2902710
csio/2902710/profiles/D2902710_091.nc,20220118060100.0,15.091,87.916,I,870,HZ,20220427020446,2022-01-18 06:01:00,csio,2902710
csio/2902710/profiles/D2902710_092.nc,20220123055900.0,15.094,88.069,I,870,HZ,20220427020446,2022-01-23 05:59:00,csio,2902710
csio/2902710/profiles/D2902710_093.nc,20220128060200.0,15.102,88.271,I,870,HZ,20220427020446,2022-01-28 06:02:00,csio,2902710
csio/2902710/profiles/D2902710_094.nc,20220202054800.0,15.044,88.433,I,870,HZ,20220427020446,2022-02-02 05:48:00,csio,2902710
csio/2902710/profiles/D2902710_095.nc,20220207062100.0,14.962,88.517,I,870,HZ,20220427020446,2022-02-07 06:21:00,csio,2902710
csio/2902710/profiles/D2902710_096.nc,20220212064400.0,14.84,88.539,I,870,HZ,20220427020446,2022-02-12 06:44:00,csio,2902710
csio/2902710/profiles/D2902710_097.nc,20220217063000.0,14.707,88.522,I,870,HZ,20220427020446,2022-02-17 06:30:00,csio,2902710
csio/2902710/profiles/D2902710_098.nc,20220222062500.0,14.564,88.458,I,870,HZ,20220427020446,2022-02-22 06:25:00,csio,2902710
csio/2902710/profiles/D2902710_099.nc,20220227062600.0,14.432,88.375,I,870,HZ,20220427020446,2022-02-27 06:26:00,csio,2902710
csio/2902710/profiles/D2902710_100.nc,20220304063300.0,14.383,88.256,I,870,HZ,20220427020446,2022-03-04 06:33:00,csio,2902710
csio/2902710/profiles/D2902710_101.nc,20220309063400.0,14.324,88.118,I,870,HZ,20220427020446,2022-03-09 06:34:00,csio,2902710
csio/2902710/profiles/D2902710_102.nc,20220314063300.0,14.279,87.998,I,870,HZ,20220427020446,2022-03-14 06:33:00,csio,2902710
csio/2902710/profiles/D2902710_103.nc,20220319064300.0,14.276,87.865,I,870,HZ,20220427020446,2022-03-19 06:43:00,csio,2902710
csio/2902758/profiles/D2902758_064.nc,20220104091700.0,17.246,90.183,I,870,HZ,20260206031205,2022-01-04 09:17:00,csio,2902758
csio/2902758/profiles/D2902758_065.nc,20220109100500.0,17.419,90.099,I,870,HZ,20260206031205,2022-01-09 10:05:00,csio,2902758
csio/2902758/profiles/D2902758_066.nc,20220114110000.0,17.556,90.016,I,870,HZ,20260206031205,2022-01-14 11:00:00,csio,2902758
csio/2902758/profiles/D2902758_067.nc,20220119115500.0,17.588,89.975,I,870,HZ,20260206031205,2022-01-19 11:55:00,csio,2902758
csio/2902758/profiles/D2902758_068.nc,20220124125300.0,17.646,89.849,I,870,HZ,20260206031205,2022-01-24 12:53:00,csio,2902758
csio/2902758/profiles/D2902758_069.nc,20220129133000.0,17.629,89.742,I,870,HZ,20260206031205,2022-01-29 13:30:00,csio,2902758
csio/2902758/profiles/D2902758_070.nc,20220203140000.0,17.613,89.639,I,870,HZ,20260206031205,2022-02-03 14:00:00,csio,2902758
csio/2902758/profiles/D2902758_071.nc,20220208142800.0,17.593,89.521,I,870,HZ,20260206031205,2022-02-08 14:28:00,csio,2902758
csio/2902758/profiles/D2902758_072.nc,20220213151500.0,17.518,89.412,I,870,HZ,20260206031205,2022-02-13 15:15:00,csio,2902758
csio/2902758/profiles/D2902758_073.nc,20220218155400.0,17.44,89.293,I,870,HZ,20260206031205,2022-02-18 15:54:00,csio,2902758
csio/2902758/profiles/D2902758_074.nc,20220223155500.0,17.306,89.203,I,870,HZ,20260206031205,2022-02-23 15:55:00,csio,2902758
csio/2902758/profiles/D2902758_075.nc,20220228162900.0,17.166,89.112,I,870,HZ,20260206031205,2022-02-28 16:29:00,csio,2902758
csio/2902758/profiles/D2902758_076.nc,20220305163500.0,17.024,89.048,I,870,HZ,20260206031205,2022-03-05 16:35:00,csio,2902758
csio/2902758/profiles/D2902758_077.nc,20220310170900.0,16.831,89.016,I,870,HZ,20260206031205,2022-03-10 17:09:00,csio,2902758
csio/2902758/profiles/D2902758_078.nc,20220315171900.0,16.709,88.951,I,870,HZ,20260206031205,2022-03-15 17:19:00,csio,2902758
csio/2902758/profiles/D2902758_079.nc,20220320174100.0,16.504,88.917,I,870,HZ,20260206031205,2022-03-20 17:41:00,csio,2902758
csio/2902758/profiles/D2902758_080.nc,20220325182200.0,16.331,88.902,I,870,HZ,20260206031205,2022-03-25 18:22:00,csio,2902758
csio/2902758/profiles/D2902758_081.nc,20220330185700.0,16.191,88.964,I,870,HZ,20260206031205,2022-03-30 18:57:00,csio,2902758
csio/2902758/profiles/D2902758_082.nc,20220404193200.0,16.158,89.118,I,870,HZ,20260206031205,2022-04-04 19:32:00,csio,2902758
csio/2902758/profiles/D2902758_083.nc,20220409202000.0,16.276,89.195,I,870,HZ,20260206031205,2022-04-09 20:20:00,csio,2902758
csio/2902758/profiles/D2902758_084.nc,20220414213900.0,16.366,88.978,I,870,HZ,20260206031205,2022-04-14 21:39:00,csio,2902758
csio/2902758/profiles/D2902758_085.nc,20220419220000.0,16.214,88.785,I,870,HZ,20260206031205,2022-04-19 22:00:00,csio,2902758
csio/2902758/profiles/D2902758_086.nc,20220424222500.0,15.979,88.829,I,870,HZ,20260206031205,2022-04-24 22:25:00,csio,2902758
csio/2902758/profiles/D2902758_087.nc,20220429230700.0,15.902,89.03,I,870,HZ,20260206031205,2022-04-29 23:07:00,csio,2902758
csio/2902758/profiles/D2902758_088.nc,20220504235400.0,16.031,89.063,I,870,HZ,20260206031205,2022-05-04 23:54:00,csio,2902758
csio/2902758/profiles/D2902758_089.nc,20220510004800.0,16.239,88.95,I,870,HZ,20260206031205,2022-05-10 00:48:00,csio,2902758
csio/2902758/profiles/D2902758_090.nc,20220515005700.0,16.458,88.742,I,870,HZ,20260206031205,2022-05-15 00:57:00,csio,2902758
csio/2902758/profiles/D2902758_091.nc,20220520012500.0,16.476,88.452,I,870,HZ,20260206031205,2022-05-20 01:25:00,csio,2902758
csio/2902758/profiles/D2902758_092.nc,20220525015500.0,16.483,88.403,I,870,HZ,20260206031205,2022-05-25 01:55:00,csio,2902758
csio/2902758/profiles/D2902758_093.nc,20220530021200.0,16.672,88.536,I,870,HZ,20260206031205,2022-05-30 02:12:00,csio,2902758
csio/2902758/profiles/D2902758_094.nc,20220604023900.0,16.917,88.291,I,870,HZ,20260206031205,2022-06-04 02:39:00,csio,2902758
csio/2902758/profiles/D2902758_095.nc,20220609030100.0,16.918,88.123,I,870,HZ,20260206031205,2022-06-09 03:01:00,csio,2902758
csio/2902758/profiles/D2902758_096.nc,20220613231700.0,16.94,88.257,I,870,HZ,20260206031205,2022-06-13 23:17:00,csio,2902758
csio/2902758/profiles/D2902758_097.nc,20220618195900.0,17.293,88.247,I,870,HZ,20260206031205,2022-06-18 19:59:00,csio,2902758
csio/2902758/profiles/D2902758_098.nc,20220623161100.0,17.334,88.09,I,870,HZ,20260206031205,2022-06-23 16:11:00,csio,2902758
csio/2902758/profiles/D2902758_099.nc,20220628125300.0,17.413,88.282,I,870,HZ,20260206031205,2022-06-28 12:53:00,csio,2902758
csio/2902758/profiles/D2902758_100.nc,20220703093700.0,17.752,88.436,I,870,HZ,20260206031205,2022-07-03 09:37:00,csio,2902758
csio/2902758/profiles/D2902758_101.nc,20220708060200.0,17.818,88.34,I,870,HZ,20260206031205,2022-07-08 06:02:00,csio,2902758
csio/2902758/profiles/D2902758_102.nc,20220713021200.0,17.798,88.532,I,870,HZ,20260206031205,2022-07-13 02:12:00,csio,2902758
csio/2902758/profiles/D2902758_103.nc,20220717225600.0,17.872,89.036,I,870,HZ,20260206031205,2022-07-17 22:56:00,csio,2902758
csio/2902758/profiles/D2902758_104.nc,20220722191900.0,18.029,89.413,I,870,HZ,20260206031205,2022-07-22 19:19:00,csio,2902758
csio/2902758/profiles/D2902758_108.nc,20220811140800.0,18.5,89.733,I,870,HZ,20260206031205,2022-08-11 14:08:00,csio,2902758
csio/2902758/profiles/D2902758_109.nc,20220816104100.0,18.517,89.608,I,870,HZ,20260206031205,2022-08-16 10:41:00,csio,2902758
csio/2902758/profiles/D2902758_110.nc,20220821065000.0,18.446,89.694,I,870,HZ,20260206031205,2022-08-21 06:50:00,csio,2902758
csio/2902758/profiles/D2902758_117.nc,20220930113100.0,19.456,88.737,I,870,HZ,20260206031205,2022-09-30 11:31:00,csio,2902758
csio/2902758/profiles/D2902758_118.nc,20221005090800.0,19.561,88.559,I,870,HZ,20260206031205,2022-10-05 09:08:00,csio,2902758
csio/2902758/profiles/D2902758_119.nc,20221010060700.0,19.625,88.564,I,870,HZ,20260206031205,2022-10-10 06:07:00,csio,2902758
csio/2902758/profiles/D2902758_120.nc,20221015030100.0,19.665,88.459,I,870,HZ,20260206031205,2022-10-15 03:01:00,csio,2902758
csio/2902758/profiles/D2902758_121.nc,20221019235500.0,19.698,88.358,I,870,HZ,20260206031205,2022-10-19 23:55:00,csio,2902758
csio/2902758/profiles/D2902758_122.nc,20221024204900.0,19.726,88.405,I,870,HZ,20260206031205,2022-10-24 20:49:00,csio,2902758
csio/2902758/profiles/D2902758_123.nc,20221029171200.0,19.744,88.44,I,870,HZ,20260206031205,2022-10-29 17:12:00,csio,2902758
csio/2902758/profiles/D2902758_124.nc,20221103133600.0,19.782,88.437,I,870,HZ,20260206031205,2022-11-03 13:36:00,csio,2902758
csio/2902758/profiles/D2902758_125.nc,20221108093700.0,19.836,88.573,I,870,HZ,20260206031205,2022-11-08 09:37:00,csio,2902758
csio/2902758/profiles/D2902758_126.nc,20221113044700.0,19.836,88.63,I,870,HZ,20260206031205,2022-11-13 04:47:00,csio,2902758
csio/2902758/profiles/D2902758_127.nc,20221118010400.0,19.829,88.764,I,870,HZ,20260206031205,2022-11-18 01:04:00,csio,2902758
csio/2902758/profiles/D2902758_128.nc,20221122190300.0,19.763,88.794,I,870,HZ,20260206031205,2022-11-22 19:03:00,csio,2902758
csio/2902758/profiles/D2902758_129.nc,20221127130200.0,19.72,88.876,I,870,HZ,20260206031205,2022-11-27 13:02:00,csio,2902758
csio/2902758/profiles/D2902758_130.nc,20221202053000.0,19.674,88.85,I,870,HZ,20260206031205,2022-12-02 05:30:00,csio,2902758
csio/2902758/profiles/D2902758_131.nc,20221206220600.0,19.543,88.918,I,870,HZ,20260206031205,2022-12-06 22:06:00,csio,2902758
csio/2902758/profiles/D2902758_132.nc,20221211143400.0,19.467,88.871,I,870,HZ,20260206031205,2022-12-11 14:34:00,csio,2902758
csio/2902758/profiles/D2902758_133.nc,20221216071000.0,19.419,88.88,I,870,HZ,20260206031205,2022-12-16 07:10:00,csio,2902758
csio/2902758/profiles/D2902758_134.nc,20221220235100.0,19.354,88.87,I,870,HZ,20260206031205,2022-12-20 23:51:00,csio,2902758
csio/2902758/profiles/D2902758_135.nc,20221225164200.0,19.273,88.823,I,870,HZ,20260206031205,2022-12-25 16:42:00,csio,2902758
csio/2902758/profiles/D2902758_136.nc,20221230092200.0,19.198,88.714,I,870,HZ,20260206031205,2022-12-30 09:22:00,csio,2902758
csio/2902758/profiles/D2902758_137.nc,20230104015700.0,19.114,88.653,I,870,HZ,20260206031205,2023-01-04 01:57:00,csio,2902758
csio/2902758/profiles/D2902758_138.nc,20230108183800.0,18.989,88.551,I,870,HZ,20260206031205,2023-01-08 18:38:00,csio,2902758
csio/2902758/profiles/D2902758_139.nc,20230113111200.0,18.899,88.427,I,870,HZ,20260206031205,2023-01-13 11:12:00,csio,2902758
csio/2902758/profiles/D2902758_140.nc,20230118032300.0,18.804,88.309,I,870,HZ,20260206031205,2023-01-18 03:23:00,csio,2902758
csio/2902758/profiles/D2902758_141.nc,20230122202300.0,18.686,88.248,I,870,HZ,20260206031205,2023-01-22 20:23:00,csio,2902758
csio/2902758/profiles/D2902758_142.nc,20230127135400.0,18.447,88.159,I,870,HZ,20260206031205,2023-01-27 13:54:00,csio,2902758
csio/2902758/profiles/D2902758_143.nc,20230201103600.0,18.296,87.91,I,870,HZ,20260206031205,2023-02-01 10:36:00,csio,2902758
csio/2902758/profiles/D2902758_144.nc,20230206073000.0,18.28,87.505,I,870,HZ,20260206031205,2023-02-06 07:30:00,csio,2902758
csio/2902758/profiles/D2902758_145.nc,20230211041700.0,18.217,87.313,I,870,HZ,20260206031205,2023-02-11 04:17:00,csio,2902758
csio/2902758/profiles/D2902758_146.nc,20230216010400.0,18.195,87.196,I,870,HZ,20260206031205,2023-02-16 01:04:00,csio,2902758
csio/2902758/profiles/D2902758_147.nc,20230220221200.0,18.219,87.101,I,870,HZ,20260206031205,2023-02-20 22:12:00,csio,2902758
csio/2902758/profiles/D2902758_148.nc,20230225185100.0,18.206,87.141,I,870,HZ,20260206031205,2023-02-25 18:51:00,csio,2902758
csio/2902758/profiles/D2902758_149.nc,20230302152800.0,18.01,87.207,I,870,HZ,20260206031205,2023-03-02 15:28:00,csio,2902758
csio/2902758/profiles/D2902758_150.nc,20230307121800.0,17.71,87.164,I,870,HZ,20260206031205,2023-03-07 12:18:00,csio,2902758
csio/2902764/profiles/R2902764_133.nc,20230729034920.0,5.084,87.799,I,841,HZ,20230729040157,2023-07-29 03:49:20,csio,2902764
csio/2902764/profiles/R2902764_134.nc,20230808054719.0,5.091,88.229,I,841,HZ,20230808070212,2023-08-08 05:47:19,csio,2902764
csio/2902764/profiles/R2902764_136.nc,20230828094254.0,5.055,88.983,I,841,HZ,20230828100204,2023-08-28 09:42:54,csio,2902764
csio/2902764/profiles/R2902764_137.nc,20230907112925.0,5.667,89.154,I,841,HZ,20230907130154,2023-09-07 11:29:25,csio,2902764
csio/2902764/profiles/R2902764_138.nc,20230917135355.0,5.804,89.298,I,841,HZ,20230917160119,2023-09-17 13:53:55,csio,2902764
csio/2902764/profiles/R2902764_139.nc,20230927154601.0,5.229,89.16,I,841,HZ,20230927160120,2023-09-27 15:46:01,csio,2902764
csio/2902764/profiles/R2902764_145.nc,20231127034125.0,5.116,88.194,I,841,HZ,20231127040123,2023-11-27 03:41:25,csio,2902764
csio/2902764/profiles/R2902764_146.nc,20231207054625.0,5.134,88.145,I,841,HZ,20231207070159,2023-12-07 05:46:25,csio,2902764
csio/2902765/profiles/D2902765_071.nc,20220103053204.0,11.506,81.413,I,841,HZ,20260818030306,2022-01-03 05:32:04,csio,2902765
csio/2902765/profiles/D2902765_072.nc,20220113053455.0,11.954,80.751,I,841,HZ,20260818030306,2022-01-13 05:34:55,csio,2902765
csio/2902765/profiles/D2902765_073.nc,20220123052925.0,13.788,81.689,I,841,HZ,20260818030306,2022-01-23 05:29:25,csio,2902765
csio/2902765/profiles/D2902765_074.nc,20220202053925.0,12.763,82.249,I,841,HZ,20260818030306,2022-02-02 05:39:25,csio,2902765
csio/2902765/profiles/D2902765_075.nc,20220212052843.0,12.171,81.759,I,841,HZ,20260818030306,2022-02-12 05:28:43,csio,2902765
csio/2902765/profiles/D2902765_076.nc,20220222053021.0,12.152,82.019,I,841,HZ,20260818030306,2022-02-22 05:30:21,csio,2902765
csio/2902765/profiles/D2902765_077.nc,20220304052951.0,12.056,82.058,I,841,HZ,20260818030306,2022-03-04 05:29:51,csio,2902765
csio/2902765/profiles/D2902765_078.nc,20220314053525.0,11.463,82.113,I,841,HZ,20260818030306,2022-03-14 05:35:25,csio,2902765
csio/2902765/profiles/D2902765_079.nc,20220324052903.0,11.457,82.795,I,841,HZ,20260818030306,2022-03-24 05:29:03,csio,2902765
csio/2902765/profiles/D2902765_080.nc,20220403052354.0,11.817,83.25,I,841,HZ,20260818030306,2022-04-03 05:23:54,csio,2902765
csio/2902765/profiles/D2902765_081.nc,20220413053637.0,11.69,83.411,I,841,HZ,20260818030306,2022-04-13 05:36:37,csio,2902765
csio/2902765/profiles/D2902765_082.nc,20220423072925.0,11.422,83.314,I,841,HZ,20260818030306,2022-04-23 07:29:25,csio,2902765
csio/2902765/profiles/D2902765_083.nc,20220503093144.0,10.84,83.019,I,841,HZ,20260818030306,2022-05-03 09:31:44,csio,2902765
csio/2902765/profiles/D2902765_084.nc,20220513113101.0,10.731,82.889,I,841,HZ,20260818030306,2022-05-13 11:31:01,csio,2902765
csio/2902765/profiles/D2902765_085.nc,20220523132756.0,11.05,82.961,I,841,HZ,20260818030306,2022-05-23 13:27:56,csio,2902765
csio/2902765/profiles/D2902765_086.nc,20220602153101.0,11.664,83.169,I,841,HZ,20260818030306,2022-06-02 15:31:01,csio,2902765
csio/2902765/profiles/D2902765_087.nc,20220612174050.0,12.1,83.945,I,841,HZ,20260818030306,2022-06-12 17:40:50,csio,2902765
csio/2902765/profiles/D2902765_088.nc,20220622193332.0,11.991,84.671,I,841,HZ,20260818030306,2022-06-22 19:33:32,csio,2902765
csio/2902765/profiles/D2902765_089.nc,20220702213319.0,11.725,85.181,I,841,HZ,20260818030306,2022-07-02 21:33:19,csio,2902765
csio/2902765/profiles/D2902765_090.nc,20220712233024.0,11.995,85.583,I,841,HZ,20260818030306,2022-07-12 23:30:24,csio,2902765
csio/2902765/profiles/D2902765_091.nc,20220723012533.0,12.457,85.775,I,841,HZ,20260818030306,2022-07-23 01:25:33,csio,2902765
csio/2902765/profiles/D2902765_092.nc,20220802033703.0,12.689,86.127,I,841,HZ,20260818030306,2022-08-02 03:37:03,csio,2902765
csio/2902765/profiles/D2902765_093.nc,20220812052814.0,12.075,86.313,I,841,HZ,20260818030306,2022-08-12 05:28:14,csio,2902765
csio/2902765/profiles/D2902765_094.nc,20220822073121.0,11.751,86.399,I,841,HZ,20260818030306,2022-08-22 07:31:21,csio,2902765
csio/2902765/profiles/D2902765_095.nc,20220901093839.0,11.825,86.625,I,841,HZ,20260818030306,2022-09-01 09:38:39,csio,2902765
csio/2902765/profiles/D2902765_096.nc,20220911112849.0,11.637,86.965,I,841,HZ,20260818030306,2022-09-11 11:28:49,csio,2902765
csio/2902765/profiles/D2902765_097.nc,20220921134055.0,11.456,87.343,I,841,HZ,20260818030306,2022-09-21 13:40:55,csio,2902765
csio/2902765/profiles/D2902765_098.nc,20221001153354.0,11.487,87.671,I,841,HZ,20260818030306,2022-10-01 15:33:54,csio,2902765
csio/2902765/profiles/D2902765_099.nc,20221011173043.0,11.632,87.888,I,841,HZ,20260818030306,2022-10-11 17:30:43,csio,2902765
csio/2902765/profiles/D2902765_100.nc,20221021192156.0,11.864,87.931,I,841,HZ,20260818030306,2022-10-21 19:21:56,csio,2902765
csio/2902765/profiles/D2902765_101.nc,20221031213602.0,12.06,87.776,I,841,HZ,20260818030306,2022-10-31 21:36:02,csio,2902765
csio/2902765/profiles/D2902765_102.nc,20221110233640.0,12.247,87.542,I,841,HZ,20260818030306,2022-11-10 23:36:40,csio,2902765
csio/2902765/profiles/D2902765_103.nc,20221121013649.0,12.206,87.315,I,841,HZ,20260818030306,2022-11-21 01:36:49,csio,2902765
csio/2902765/profiles/D2902765_104.nc,20221201034233.0,12.213,87.146,I,841,HZ,20260818030306,2022-12-01 03:42:33,csio,2902765
csio/2902765/profiles/D2902765_105.nc,20221211053143.0,12.213,87.11,I,841,HZ,20260818030306,2022-12-11 05:31:43,csio,2902765
csio/2902765/profiles/D2902765_106.nc,20221221073513.0,12.161,87.22,I,841,HZ,20260818030306,2022-12-21 07:35:13,csio,2902765
csio/2902765/profiles/D2902765_107.nc,20221231092358.0,12.226,87.503,I,841,HZ,20260818030306,2022-12-31 09:23:58,csio,2902765
csio/2902765/profiles/D2902765_108.nc,20230110112726.0,12.257,87.648,I,841,HZ,20260818030306,2023-01-10 11:27:26,csio,2902765
csio/2902765/profiles/D2902765_109.nc,20230120132843.0,12.194,87.662,I,841,HZ,20260818030306,2023-01-20 13:28:43,csio,2902765
csio/2902765/profiles/D2902765_110.nc,20230130152222.0,12.018,87.338,I,841,HZ,20260818030306,2023-01-30 15:22:22,csio,2902765
csio/2902765/profiles/D2902765_111.nc,20230209172902.0,11.64,86.72,I,841,HZ,20260818030306,2023-02-09 17:29:02,csio,2902765
csio/2902765/profiles/D2902765_112.nc,20230219192649.0,11.329,86.054,I,841,HZ,20260818030306,2023-02-19 19:26:49,csio,2902765
csio/2902765/profiles/D2902765_113.nc,20230301213626.0,11.122,85.361,I,841,HZ,20260818030306,2023-03-01 21:36:26,csio,2902765
csio/2902765/profiles/D2902765_114.nc,20230311232704.0,10.949,84.496,I,841,HZ,20260818030306,2023-03-11 23:27:04,csio,2902765
csio/2902765/profiles/D2902765_115.nc,20230322012455.0,10.731,83.654,I,841,HZ,20260818030306,2023-03-22 01:24:55,csio,2902765
csio/2902765/profiles/D2902765_116.nc,20230401032531.0,10.39,82.953,I,841,HZ,20260818030306,2023-04-01 03:25:31,csio,2902765
csio/2902765/profiles/D2902765_117.nc,20230411052255.0,10.089,82.492,I,841,HZ,20260818030306,2023-04-11 05:22:55,csio,2902765
csio/2902765/profiles/D2902765_118.nc,20230421073851.0,9.829,82.337,I,841,HZ,20260818030306,2023-04-21 07:38:51,csio,2902765
csio/2902765/profiles/D2902765_119.nc,20230501092625.0,9.855,82.144,I,841,HZ,20260818030306,2023-05-01 09:26:25,csio,2902765
csio/2902765/profiles/D2902765_120.nc,20230511113249.0,9.716,81.655,I,841,HZ,20260818030306,2023-05-11 11:32:49,csio,2902765
csio/2902765/profiles/D2902765_121.nc,20230521132655.0,8.731,81.749,I,841,HZ,20260818030306,2023-05-21 13:26:55,csio,2902765
csio/2902765/profiles/D2902765_122.nc,20230531152709.0,8.102,82.503,I,841,HZ,20260818030306,2023-05-31 15:27:09,csio,2902765
csio/2902765/profiles/D2902765_123.nc,20230610172603.0,9.876,83.111,I,841,HZ,20260818030306,2023-06-10 17:26:03,csio,2902765
csio/2902765/profiles/D2902765_124.nc,20230620192725.0,11.025,83.291,I,841,HZ,20260818030306,2023-06-20 19:27:25,csio,2902765
csio/2902765/profiles/D2902765_125.nc,20230630213720.0,11.985,82.954,I,841,HZ,20260818030306,2023-06-30 21:37:20,csio,2902765
csio/2902765/profiles/D2902765_126.nc,20230710233641.0,12.444,82.876,I,841,HZ,20260818030306,2023-07-10 23:36:41,csio,2902765
csio/2902765/profiles/D2902765_127.nc,20230721012325.0,12.652,82.863,I,841,HZ,20260818030306,2023-07-21 01:23:25,csio,2902765
csio/2902765/profiles/D2902765_128.nc,20230731033329.0,12.583,83.082,I,841,HZ,20260818030306,2023-07-31 03:33:29,csio,2902765
csio/2902765/profiles/D2902765_129.nc,20230810053404.0,12.087,83.286,I,841,HZ,20260818030306,2023-08-10 05:34:04,csio,2902765
csio/2902765/profiles/D2902765_130.nc,20230820073826.0,11.552,83.3,I,841,HZ,20260818030306,2023-08-20 07:38:26,csio,2902765
csio/2902765/profiles/D2902765_131.nc,20230830094019.0,11.796,83.467,I,841,HZ,20260818030306,2023-08-30 09:40:19,csio,2902765
csio/2902765/profiles/D2902765_132.nc,20230909112625.0,12.406,83.19,I,841,HZ,20260818030306,2023-09-09 11:26:25,csio,2902765
csio/2902765/profiles/D2902765_133.nc,20230919132956.0,12.664,83.085,I,841,HZ,20260818030306,2023-09-19 13:29:56,csio,2902765
csio/2902765/profiles/D2902765_134.nc,20230929152355.0,12.778,83.327,I,841,HZ,20260818030306,2023-09-29 15:23:55,csio,2902765
csio/2902765/profiles/D2902765_135.nc,20231009173421.0,12.624,83.498,I,841,HZ,20260818030306,2023-10-09 17:34:21,csio,2902765
csio/2902765/profiles/D2902765_136.nc,20231019192449.0,11.845,83.555,I,841,HZ,20260818030306,2023-10-19 19:24:49,csio,2902765
csio/2902765/profiles/D2902765_137.nc,20231029212556.0,11.687,83.585,I,841,HZ,20260818030306,2023-10-29 21:25:56,csio,2902765
csio/2902765/profiles/D2902765_138.nc,20231108232255.0,11.924,83.76,I,841,HZ,20260818030306,2023-11-08 23:22:55,csio,2902765
csio/2902765/profiles/D2902765_139.nc,20231119012955.0,12.157,83.893,I,841,HZ,20260818030306,2023-11-19 01:29:55,csio,2902765
csio/2902765/profiles/D2902765_140.nc,20231129033334.0,12.039,83.803,I,841,HZ,20260818030306,2023-11-29 03:33:34,csio,2902765
csio/2902765/profiles/D2902765_141.nc,20231209052331.0,11.77,83.486,I,841,HZ,20260818030306,2023-12-09 05:23:31,csio,2902765
csio/2902765/profiles/D2902765_142.nc,20231219073749.0,11.465,83.412,I,841,HZ,20260818030306,2023-12-19 07:37:49,csio,2902765
csio/2902765/profiles/D2902765_143.nc,20231229092447.0,10.892,83.55,I,841,HZ,20260818030306,2023-12-29 09:24:47,csio,2902765
csio/2902766/profiles/D2902766_071.nc,20220107053532.0,13.793,90.099,I,841,HZ,20260818073833,2022-01-07 05:35:32,csio,2902766
csio/2902766/profiles/D2902766_072.nc,20220117052602.0,13.547,89.632,I,841,HZ,20260818073833,2022-01-17 05:26:02,csio,2902766
csio/2902766/profiles/D2902766_073.nc,20220127053225.0,13.32,89.205,I,841,HZ,20260818073833,2022-01-27 05:32:25,csio,2902766
csio/2902766/profiles/D2902766_074.nc,20220206054126.0,13.001,88.934,I,841,HZ,20260818073833,2022-02-06 05:41:26,csio,2902766
csio/2902766/profiles/D2902766_075.nc,20220216054134.0,12.79,88.762,I,841,HZ,20260818073833,2022-02-16 05:41:34,csio,2902766
csio/2902766/profiles/D2902766_076.nc,20220226053655.0,12.702,88.677,I,841,HZ,20260818073833,2022-02-26 05:36:55,csio,2902766
csio/2902766/profiles/D2902766_077.nc,20220308052932.0,12.801,88.727,I,841,HZ,20260818073833,2022-03-08 05:29:32,csio,2902766
csio/2902766/profiles/D2902766_078.nc,20220318053232.0,13.154,88.756,I,841,HZ,20260818073833,2022-03-18 05:32:32,csio,2902766
csio/2902766/profiles/D2902766_079.nc,20220328053958.0,13.583,88.746,I,841,HZ,20260818073833,2022-03-28 05:39:58,csio,2902766
csio/2902766/profiles/D2902766_080.nc,20220406193255.0,14.122,88.585,I,841,HZ,20260818073833,2022-04-06 19:32:55,csio,2902766
csio/2902766/profiles/D2902766_081.nc,20220416092600.0,14.593,88.508,I,841,HZ,20260818073833,2022-04-16 09:26:00,csio,2902766
csio/2902766/profiles/D2902766_082.nc,20220425233043.0,14.843,88.624,I,841,HZ,20260818073833,2022-04-25 23:30:43,csio,2902766
csio/2902766/profiles/D2902766_083.nc,20220505132352.0,14.974,88.912,I,841,HZ,20260818073833,2022-05-05 13:23:52,csio,2902766
csio/2902766/profiles/D2902766_084.nc,20220515033459.0,15.003,89.222,I,841,HZ,20260818073833,2022-05-15 03:34:59,csio,2902766
csio/2902766/profiles/D2902766_085.nc,20220524173403.0,15.054,89.388,I,841,HZ,20260818073833,2022-05-24 17:34:03,csio,2902766
csio/2902766/profiles/D2902766_086.nc,20220603073956.0,15.171,89.453,I,841,HZ,20260818073833,2022-06-03 07:39:56,csio,2902766
csio/2902766/profiles/D2902766_087.nc,20220612212854.0,15.42,89.409,I,841,HZ,20260818073833,2022-06-12 21:28:54,csio,2902766
csio/2902766/profiles/D2902766_088.nc,20220622113552.0,15.686,89.238,I,841,HZ,20260818073833,2022-06-22 11:35:52,csio,2902766
csio/2902766/profiles/D2902766_089.nc,20220702012819.0,15.907,88.99,I,841,HZ,20260818073833,2022-07-02 01:28:19,csio,2902766
csio/2902766/profiles/D2902766_090.nc,20220711153310.0,16.111,88.858,I,841,HZ,20260818073833,2022-07-11 15:33:10,csio,2902766
csio/2902766/profiles/D2902766_091.nc,20220721053052.0,16.301,88.807,I,841,HZ,20260818073833,2022-07-21 05:30:52,csio,2902766
csio/2902766/profiles/D2902766_092.nc,20220730193144.0,16.386,88.816,I,841,HZ,20260818073833,2022-07-30 19:31:44,csio,2902766
csio/2902766/profiles/D2902766_093.nc,20220809093055.0,16.108,88.818,I,841,HZ,20260818073833,2022-08-09 09:30:55,csio,2902766
csio/2902766/profiles/D2902766_094.nc,20220818233355.0,15.628,88.511,I,841,HZ,20260818073833,2022-08-18 23:33:55,csio,2902766
csio/2902766/profiles/D2902766_095.nc,20220828133431.0,15.233,88.127,I,841,HZ,20260818073833,2022-08-28 13:34:31,csio,2902766
csio/2902766/profiles/D2902766_096.nc,20220907033600.0,15.077,87.71,I,841,HZ,20260818073833,2022-09-07 03:36:00,csio,2902766
csio/2902766/profiles/D2902766_097.nc,20220916172913.0,14.881,87.407,I,841,HZ,20260818073833,2022-09-16 17:29:13,csio,2902766
csio/2902766/profiles/D2902766_098.nc,20220926073155.0,14.726,87.225,I,841,HZ,20260818073833,2022-09-26 07:31:55,csio,2902766
csio/2902766/profiles/D2902766_099.nc,20221005212757.0,14.669,87.184,I,841,HZ,20260818073833,2022-10-05 21:27:57,csio,2902766
csio/2902766/profiles/D2902766_100.nc,20221015113159.0,14.776,87.133,I,841,HZ,20260818073833,2022-10-15 11:31:59,csio,2902766
csio/2902766/profiles/D2902766_101.nc,20221025013001.0,14.848,87.232,I,841,HZ,20260818073833,2022-10-25 01:30:01,csio,2902766
csio/2902766/profiles/D2902766_102.nc,20221103153257.0,14.763,87.57,I,841,HZ,20260818073833,2022-11-03 15:32:57,csio,2902766
csio/2902766/profiles/D2902766_103.nc,20221113053652.0,14.655,87.953,I,841,HZ,20260818073833,2022-11-13 05:36:52,csio,2902766
csio/2902766/profiles/D2902766_104.nc,20221122193425.0,14.538,88.113,I,841,HZ,20260818073833,2022-11-22 19:34:25,csio,2902766
csio/2902766/profiles/D2902766_105.nc,20221202093340.0,14.442,88.264,I,841,HZ,20260818073833,2022-12-02 09:33:40,csio,2902766
csio/2902766/profiles/D2902766_106.nc,20221211233004.0,14.466,88.259,I,841,HZ,20260818073833,2022-12-11 23:30:04,csio,2902766
csio/2902766/profiles/D2902766_107.nc,20221221132919.0,14.608,88.177,I,841,HZ,20260818073833,2022-12-21 13:29:19,csio,2902766
csio/2902766/profiles/D2902766_108.nc,20221231033204.0,14.808,87.955,I,841,HZ,20260818073833,2022-12-31 03:32:04,csio,2902766
csio/2902766/profiles/D2902766_109.nc,20230109173155.0,14.957,87.62,I,841,HZ,20260818073833,2023-01-09 17:31:55,csio,2902766
csio/2902766/profiles/D2902766_110.nc,20230119073824.0,15.12,87.351,I,841,HZ,20260818073833,2023-01-19 07:38:24,csio,2902766
csio/2902766/profiles/D2902766_111.nc,20230128214155.0,15.324,87.002,I,841,HZ,20260818073833,2023-01-28 21:41:55,csio,2902766
csio/2902766/profiles/D2902766_112.nc,20230207113226.0,15.364,86.712,I,841,HZ,20260818073833,2023-02-07 11:32:26,csio,2902766
csio/2902766/profiles/D2902766_113.nc,20230217013355.0,15.274,86.435,I,841,HZ,20260818073833,2023-02-17 01:33:55,csio,2902766
csio/2902766/profiles/D2902766_114.nc,20230226153217.0,15.159,86.279,I,841,HZ,20260818073833,2023-02-26 15:32:17,csio,2902766
csio/2902766/profiles/D2902766_115.nc,20230308054001.0,15.1,86.182,I,841,HZ,20260818073833,2023-03-08 05:40:01,csio,2902766
csio/2902766/profiles/D2902766_116.nc,20230317193525.0,15.234,86.168,I,841,HZ,20260818073833,2023-03-17 19:35:25,csio,2902766
csio/2902766/profiles/D2902766_117.nc,20230327093534.0,15.281,86.387,I,841,HZ,20260818073833,2023-03-27 09:35:34,csio,2902766
csio/2902766/profiles/D2902766_118.nc,20230405233434.0,15.489,86.705,I,841,HZ,20260818073833,2023-04-05 23:34:34,csio,2902766
csio/2902766/profiles/D2902766_119.nc,20230415133247.0,15.669,87.042,I,841,HZ,20260818073833,2023-04-15 13:32:47,csio,2902766
csio/2902766/profiles/D2902766_120.nc,20230425032555.0,15.592,87.388,I,841,HZ,20260818073833,2023-04-25 03:25:55,csio,2902766
csio/2902766/profiles/D2902766_121.nc,20230504173925.0,15.456,87.65,I,841,HZ,20260818073833,2023-05-04 17:39:25,csio,2902766
csio/2902766/profiles/D2902766_122.nc,20230514073850.0,15.652,87.637,I,841,HZ,20260818073833,2023-05-14 07:38:50,csio,2902766
csio/2902766/profiles/D2902766_123.nc,20230523213351.0,15.876,87.45,I,841,HZ,20260818073833,2023-05-23 21:33:51,csio,2902766
csio/2902766/profiles/D2902766_124.nc,20230602113150.0,16.062,87.385,I,841,HZ,20260818073833,2023-06-02 11:31:50,csio,2902766
csio/2902766/profiles/D2902766_125.nc,20230612012850.0,16.12,87.492,I,841,HZ,20260818073833,2023-06-12 01:28:50,csio,2902766
csio/2902766/profiles/D2902766_126.nc,20230621153350.0,16.125,87.731,I,841,HZ,20260818073833,2023-06-21 15:33:50,csio,2902766
csio/2902766/profiles/D2902766_127.nc,20230701053626.0,15.98,88.213,I,841,HZ,20260818073833,2023-07-01 05:36:26,csio,2902766
csio/2902766/profiles/D2902766_128.nc,20230710193025.0,16.029,88.555,I,841,HZ,20260818073833,2023-07-10 19:30:25,csio,2902766
csio/2902766/profiles/D2902766_129.nc,20230720093027.0,16.121,88.878,I,841,HZ,20260818073833,2023-07-20 09:30:27,csio,2902766
csio/2902766/profiles/D2902766_130.nc,20230729232954.0,16.076,89.052,I,841,HZ,20260818073833,2023-07-29 23:29:54,csio,2902766
csio/2902766/profiles/D2902766_131.nc,20230808133628.0,15.874,88.986,I,841,HZ,20260818073833,2023-08-08 13:36:28,csio,2902766
csio/2902766/profiles/D2902766_132.nc,20230818033534.0,15.464,88.797,I,841,HZ,20260818073833,2023-08-18 03:35:34,csio,2902766
csio/2902766/profiles/D2902766_133.nc,20230827173858.0,15.206,88.42,I,841,HZ,20260818073833,2023-08-27 17:38:58,csio,2902766
csio/2902766/profiles/D2902766_134.nc,20230906073003.0,15.148,88.096,I,841,HZ,20260818073833,2023-09-06 07:30:03,csio,2902766
csio/2902766/profiles/D2902766_135.nc,20230915213252.0,15.105,87.882,I,841,HZ,20260818073833,2023-09-15 21:32:52,csio,2902766
csio/2902766/profiles/D2902766_136.nc,20230925113313.0,15.059,87.679,I,841,HZ,20260818073833,2023-09-25 11:33:13,csio,2902766
csio/2902766/profiles/D2902766_137.nc,20231005013050.0,15.118,87.533,I,841,HZ,20260818073833,2023-10-05 01:30:50,csio,2902766
csio/2902766/profiles/D2902766_138.nc,20231014153728.0,15.219,87.591,I,841,HZ,20260818073833,2023-10-14 15:37:28,csio,2902766
csio/2902766/profiles/D2902766_139.nc,20231024053415.0,15.449,87.787,I,841,HZ,20260818073833,2023-10-24 05:34:15,csio,2902766
csio/2902766/profiles/D2902766_140.nc,20231102192655.0,15.614,88.233,I,841,HZ,20260818073833,2023-11-02 19:26:55,csio,2902766
csio/2902766/profiles/D2902766_141.nc,20231112093239.0,15.523,88.829,I,841,HZ,20260818073833,2023-11-12 09:32:39,csio,2902766
csio/2902766/profiles/D2902766_142.nc,20231121233220.0,15.292,89.117,I,841,HZ,20260818073833,2023-11-21 23:32:20,csio,2902766
csio/2902766/profiles/D2902766_143.nc,20231201133856.0,14.925,89.083,I,841,HZ,20260818073833,2023-12-01 13:38:56,csio,2902766
csio/2902766/profiles/D2902766_144.nc,20231211033956.0,14.504,88.798,I,841,HZ,20260818073833,2023-12-11 03:39:56,csio,2902766
csio/2902766/profiles/D2902766_145.nc,20231220173525.0,14.209,88.331,I,841,HZ,20260818073833,2023-12-20 17:35:25,csio,2902766
csio/2902766/profiles/D2902766_146.nc,20231230073358.0,13.801,87.89,I,841,HZ,20260818073833,2023-12-30 07:33:58,csio,2902766
csio/2902768/profiles/D2902768_071.nc,20220109053255.0,15.071,89.041,I,841,HZ,20260819020233,2022-01-09 05:32:55,csio,2902768
csio/2902768/profiles/D2902768_072.nc,20220119053603.0,15.023,89.386,I,841,HZ,20260819020233,2022-01-19 05:36:03,csio,2902768
csio/2902768/profiles/D2902768_073.nc,20220129053819.0,14.702,89.547,I,841,HZ,20260819020233,2022-01-29 05:38:19,csio,2902768
csio/2902768/profiles/D2902768_074.nc,20220208054149.0,14.365,89.379,I,841,HZ,20260819020233,2022-02-08 05:41:49,csio,2902768
csio/2902768/profiles/D2902768_075.nc,20220218053230.0,14.109,89.116,I,841,HZ,20260819020233,2022-02-18 05:32:30,csio,2902768
csio/2902768/profiles/D2902768_076.nc,20220228053327.0,13.946,88.846,I,841,HZ,20260819020233,2022-02-28 05:33:27,csio,2902768
csio/2902768/profiles/D2902768_077.nc,20220310054213.0,13.858,88.635,I,841,HZ,20260819020233,2022-03-10 05:42:13,csio,2902768
csio/2902768/profiles/D2902768_078.nc,20220320053149.0,13.893,88.54,I,841,HZ,20260819020233,2022-03-20 05:31:49,csio,2902768
csio/2902768/profiles/D2902768_079.nc,20220330053642.0,14.107,88.493,I,841,HZ,20260819020233,2022-03-30 05:36:42,csio,2902768
csio/2902768/profiles/D2902768_080.nc,20220408192632.0,14.595,88.419,I,841,HZ,20260819020233,2022-04-08 19:26:32,csio,2902768
csio/2902768/profiles/D2902768_081.nc,20220418214455.0,14.92,88.584,I,841,HZ,20260819020233,2022-04-18 21:44:55,csio,2902768
csio/2902768/profiles/D2902768_082.nc,20220428233825.0,15.021,88.882,I,841,HZ,20260819020233,2022-04-28 23:38:25,csio,2902768
csio/2902768/profiles/D2902768_083.nc,20220509013930.0,15.088,89.31,I,841,HZ,20260819020233,2022-05-09 01:39:30,csio,2902768
csio/2902768/profiles/D2902768_084.nc,20220519033226.0,15.084,89.585,I,841,HZ,20260819020233,2022-05-19 03:32:26,csio,2902768
csio/2902768/profiles/D2902768_085.nc,20220529053226.0,15.304,89.643,I,841,HZ,20260819020233,2022-05-29 05:32:26,csio,2902768
csio/2902768/profiles/D2902768_086.nc,20220608073702.0,15.611,89.603,I,841,HZ,20260819020233,2022-06-08 07:37:02,csio,2902768
csio/2902768/profiles/D2902768_087.nc,20220618093409.0,15.872,89.479,I,841,HZ,20260819020233,2022-06-18 09:34:09,csio,2902768
csio/2902768/profiles/D2902768_088.nc,20220628113002.0,16.042,89.327,I,841,HZ,20260819020233,2022-06-28 11:30:02,csio,2902768
csio/2902768/profiles/D2902768_089.nc,20220708133210.0,16.066,89.097,I,841,HZ,20260819020233,2022-07-08 13:32:10,csio,2902768
csio/2902768/profiles/D2902768_090.nc,20220718153559.0,16.057,88.808,I,841,HZ,20260819020233,2022-07-18 15:35:59,csio,2902768
csio/2902768/profiles/D2902768_091.nc,20220728173155.0,16.047,88.528,I,841,HZ,20260819020233,2022-07-28 17:31:55,csio,2902768
csio/2902768/profiles/D2902768_092.nc,20220807193858.0,16.055,88.26,I,841,HZ,20260819020233,2022-08-07 19:38:58,csio,2902768
csio/2902768/profiles/D2902768_093.nc,20220817213105.0,15.851,88.085,I,841,HZ,20260819020233,2022-08-17 21:31:05,csio,2902768
csio/2902768/profiles/D2902768_094.nc,20220827233151.0,15.577,87.739,I,841,HZ,20260819020233,2022-08-27 23:31:51,csio,2902768
csio/2902768/profiles/D2902768_095.nc,20220907013625.0,15.393,87.222,I,841,HZ,20260819020233,2022-09-07 01:36:25,csio,2902768
csio/2902768/profiles/D2902768_096.nc,20220917034021.0,15.265,86.743,I,841,HZ,20260819020233,2022-09-17 03:40:21,csio,2902768
csio/2902768/profiles/D2902768_097.nc,20220927053555.0,15.172,86.305,I,841,HZ,20260819020233,2022-09-27 05:35:55,csio,2902768
csio/2902768/profiles/D2902768_098.nc,20221007073944.0,15.019,85.957,I,841,HZ,20260819020233,2022-10-07 07:39:44,csio,2902768
csio/2902768/profiles/D2902768_099.nc,20221017094248.0,14.794,85.591,I,841,HZ,20260819020233,2022-10-17 09:42:48,csio,2902768
csio/2902768/profiles/D2902768_100.nc,20221027113227.0,14.532,85.31,I,841,HZ,20260819020233,2022-10-27 11:32:27,csio,2902768
csio/2902768/profiles/D2902768_101.nc,20221106133239.0,14.247,85.179,I,841,HZ,20260819020233,2022-11-06 13:32:39,csio,2902768
csio/2902768/profiles/D2902768_102.nc,20221116152628.0,14.194,85.157,I,841,HZ,20260819020233,2022-11-16 15:26:28,csio,2902768
csio/2902768/profiles/D2902768_103.nc,20221126173133.0,14.386,85.052,I,841,HZ,20260819020233,2022-11-26 17:31:33,csio,2902768
csio/2902768/profiles/D2902768_104.nc,20221206193427.0,14.443,84.977,I,841,HZ,20260819020233,2022-12-06 19:34:27,csio,2902768
csio/2902768/profiles/D2902768_105.nc,20221216213925.0,14.643,84.931,I,841,HZ,20260819020233,2022-12-16 21:39:25,csio,2902768
csio/2902768/profiles/D2902768_106.nc,20221226232510.0,14.617,84.943,I,841,HZ,20260819020233,2022-12-26 23:25:10,csio,2902768
csio/2902768/profiles/D2902768_107.nc,20230106014027.0,14.443,84.833,I,841,HZ,20260819020233,2023-01-06 01:40:27,csio,2902768
csio/2902768/profiles/D2902768_108.nc,20230116033001.0,14.233,84.489,I,841,HZ,20260819020233,2023-01-16 03:30:01,csio,2902768
csio/2902768/profiles/D2902768_109.nc,20230126053319.0,13.932,84.041,I,841,HZ,20260819020233,2023-01-26 05:33:19,csio,2902768
csio/2902768/profiles/D2902768_110.nc,20230205073302.0,13.699,83.578,I,841,HZ,20260819020233,2023-02-05 07:33:02,csio,2902768
csio/2902768/profiles/D2902768_111.nc,20230215092427.0,13.723,83.296,I,841,HZ,20260819020233,2023-02-15 09:24:27,csio,2902768
csio/2902768/profiles/D2902768_112.nc,20230225113630.0,13.718,83.212,I,841,HZ,20260819020233,2023-02-25 11:36:30,csio,2902768
csio/2902768/profiles/D2902768_113.nc,20230307133620.0,13.658,83.32,I,841,HZ,20260819020233,2023-03-07 13:36:20,csio,2902768
csio/2902768/profiles/D2902768_114.nc,20230317153213.0,13.58,83.527,I,841,HZ,20260819020233,2023-03-17 15:32:13,csio,2902768
csio/2902768/profiles/D2902768_115.nc,20230327174401.0,13.57,83.849,I,841,HZ,20260819020233,2023-03-27 17:44:01,csio,2902768
csio/2902768/profiles/D2902768_116.nc,20230406193220.0,13.456,84.028,I,841,HZ,20260819020233,2023-04-06 19:32:20,csio,2902768
csio/2902768/profiles/D2902768_117.nc,20230416212630.0,13.404,84.042,I,841,HZ,20260819020233,2023-04-16 21:26:30,csio,2902768
csio/2902768/profiles/D2902768_118.nc,20230426232626.0,13.412,83.999,I,841,HZ,20260819020233,2023-04-26 23:26:26,csio,2902768
csio/2902768/profiles/D2902768_119.nc,20230507013052.0,13.524,83.796,I,841,HZ,20260819020233,2023-05-07 01:30:52,csio,2902768
csio/2902768/profiles/D2902768_120.nc,20230517033625.0,13.874,83.701,I,841,HZ,20260819020233,2023-05-17 03:36:25,csio,2902768
csio/2902768/profiles/D2902768_121.nc,20230527053423.0,14.029,84.02,I,841,HZ,20260819020233,2023-05-27 05:34:23,csio,2902768
csio/2902768/profiles/D2902768_122.nc,20230606074555.0,13.857,84.295,I,841,HZ,20260819020233,2023-06-06 07:45:55,csio,2902768
csio/2902768/profiles/D2902768_123.nc,20230616093600.0,13.899,84.572,I,841,HZ,20260819020233,2023-06-16 09:36:00,csio,2902768
csio/2902768/profiles/D2902768_124.nc,20230626114203.0,13.728,84.841,I,841,HZ,20260819020233,2023-06-26 11:42:03,csio,2902768
csio/2902768/profiles/D2902768_125.nc,20230706133531.0,13.746,85.06,I,841,HZ,20260819020233,2023-07-06 13:35:31,csio,2902768
csio/2902768/profiles/D2902768_126.nc,20230716153644.0,14.074,85.125,I,841,HZ,20260819020233,2023-07-16 15:36:44,csio,2902768
csio/2902768/profiles/D2902768_127.nc,20230726173610.0,14.111,85.175,I,841,HZ,20260819020233,2023-07-26 17:36:10,csio,2902768
csio/2902768/profiles/D2902768_128.nc,20230805192834.0,14.358,85.289,I,841,HZ,20260819020233,2023-08-05 19:28:34,csio,2902768
csio/2902768/profiles/D2902768_129.nc,20230815213602.0,14.352,85.126,I,841,HZ,20260819020233,2023-08-15 21:36:02,csio,2902768
csio/2902768/profiles/D2902768_130.nc,20230825233234.0,14.022,84.895,I,841,HZ,20260819020233,2023-08-25 23:32:34,csio,2902768
csio/2902768/profiles/D2902768_131.nc,20230905013326.0,13.488,84.658,I,841,HZ,20260819020233,2023-09-05 01:33:26,csio,2902768
csio/2902768/profiles/D2902768_132.nc,20230915033249.0,13.056,84.552,I,841,HZ,20260819020233,2023-09-15 03:32:49,csio,2902768
csio/2902768/profiles/D2902768_133.nc,20230925054036.0,12.89,84.666,I,841,HZ,20260819020233,2023-09-25 05:40:36,csio,2902768
csio/2902768/profiles/D2902768_134.nc,20231005072416.0,12.625,85.105,I,841,HZ,20260819020233,2023-10-05 07:24:16,csio,2902768
csio/2902768/profiles/D2902768_135.nc,20231015093502.0,12.286,85.78,I,841,HZ,20260819020233,2023-10-15 09:35:02,csio,2902768
csio/2902768/profiles/D2902768_136.nc,20231025112603.0,12.063,86.173,I,841,HZ,20260819020233,2023-10-25 11:26:03,csio,2902768
csio/2902768/profiles/D2902768_137.nc,20231104133402.0,11.734,86.168,I,841,HZ,20260819020233,2023-11-04 13:34:02,csio,2902768
csio/2902768/profiles/D2902768_138.nc,20231114153751.0,11.714,85.973,I,841,HZ,20260819020233,2023-11-14 15:37:51,csio,2902768
csio/2902768/profiles/D2902768_139.nc,20231124173643.0,11.724,85.858,I,841,HZ,20260819020233,2023-11-24 17:36:43,csio,2902768
csio/2902768/profiles/D2902768_140.nc,20231204192856.0,11.869,85.847,I,841,HZ,20260819020233,2023-12-04 19:28:56,csio,2902768
csio/2902768/profiles/D2902768_141.nc,20231214213235.0,12.081,85.766,I,841,HZ,20260819020233,2023-12-14 21:32:35,csio,2902768
csio/2902768/profiles/D2902768_142.nc,20231224233735.0,12.387,85.413,I,841,HZ,20260819020233,2023-12-24 23:37:35,csio,2902768
csio/2902769/profiles/D2902769_071.nc,20220108052748.0,12.25,83.124,I,841,HZ,20260819021445,2022-01-08 05:27:48,csio,2902769
csio/2902769/profiles/D2902769_072.nc,20220118052114.0,11.896,82.244,I,841,HZ,20260819021445,2022-01-18 05:21:14,csio,2902769
csio/2902769/profiles/D2902769_073.nc,20220128053203.0,11.723,81.443,I,841,HZ,20260819021445,2022-01-28 05:32:03,csio,2902769
csio/2902769/profiles/D2902769_074.nc,20220207052132.0,11.595,80.996,I,841,HZ,20260819021445,2022-02-07 05:21:32,csio,2902769
csio/2902769/profiles/D2902769_075.nc,20220217052933.0,11.114,80.875,I,841,HZ,20260819021445,2022-02-17 05:29:33,csio,2902769
csio/2902769/profiles/D2902769_076.nc,20220227052225.0,10.24,81.051,I,841,HZ,20260819021445,2022-02-27 05:22:25,csio,2902769
csio/2902769/profiles/D2902769_077.nc,20220309053033.0,8.767,81.654,I,841,HZ,20260819021445,2022-03-09 05:30:33,csio,2902769
csio/2902769/profiles/D2902769_078.nc,20220319052809.0,7.602,82.276,I,841,HZ,20260819021445,2022-03-19 05:28:09,csio,2902769
csio/2902769/profiles/D2902769_079.nc,20220329051949.0,5.806,82.105,I,841,HZ,20260819021445,2022-03-29 05:19:49,csio,2902769
csio/2902769/profiles/D2902769_080.nc,20220407193229.0,6.104,82.241,I,841,HZ,20260819021445,2022-04-07 19:32:29,csio,2902769
csio/2902769/profiles/D2902769_081.nc,20220417093202.0,5.744,82.834,I,841,HZ,20260819021445,2022-04-17 09:32:02,csio,2902769
csio/2902769/profiles/D2902769_082.nc,20220426233525.0,6.032,83.08,I,841,HZ,20260819021445,2022-04-26 23:35:25,csio,2902769
csio/2902769/profiles/D2902769_083.nc,20220506131955.0,5.424,82.129,I,841,HZ,20260819021445,2022-05-06 13:19:55,csio,2902769
csio/2902769/profiles/D2902769_084.nc,20220516032601.0,5.195,82.211,I,841,HZ,20260819021445,2022-05-16 03:26:01,csio,2902769
csio/2902769/profiles/D2902769_085.nc,20220525173300.0,5.012,82.135,I,841,HZ,20260819021445,2022-05-25 17:33:00,csio,2902769
csio/2902769/profiles/D2902769_086.nc,20220604073630.0,5.232,82.461,I,841,HZ,20260819021445,2022-06-04 07:36:30,csio,2902769
csio/2902769/profiles/D2902769_087.nc,20220613210843.0,5.472,83.448,I,841,HZ,20260819021445,2022-06-13 21:08:43,csio,2902769
csio/2902769/profiles/D2902769_092.nc,20220731192107.0,5.139,83.824,I,841,HZ,20260819021445,2022-07-31 19:21:07,csio,2902769
csio/2902769/profiles/D2902769_093.nc,20220810091227.0,5.46,83.832,I,841,HZ,20260819021445,2022-08-10 09:12:27,csio,2902769
csio/2902769/profiles/D2902769_094.nc,20220819232821.0,5.569,83.687,I,841,HZ,20260819021445,2022-08-19 23:28:21,csio,2902769
csio/2902769/profiles/D2902769_095.nc,20220829133201.0,5.857,83.579,I,841,HZ,20260819021445,2022-08-29 13:32:01,csio,2902769
csio/2902769/profiles/D2902769_096.nc,20220908032251.0,6.442,83.637,I,841,HZ,20260819021445,2022-09-08 03:22:51,csio,2902769
csio/2902769/profiles/D2902769_097.nc,20220917171317.0,6.717,84.202,I,841,HZ,20260819021445,2022-09-17 17:13:17,csio,2902769
csio/2902769/profiles/D2902769_098.nc,20220927072451.0,6.434,84.745,I,841,HZ,20260819021445,2022-09-27 07:24:51,csio,2902769
csio/2902769/profiles/D2902769_099.nc,20221006210204.0,5.962,84.685,I,841,HZ,20260819021445,2022-10-06 21:02:04,csio,2902769
csio/2902769/profiles/D2902769_100.nc,20221016110703.0,5.521,84.558,I,841,HZ,20260819021445,2022-10-16 11:07:03,csio,2902769
csio/2902769/profiles/D2902769_101.nc,20221026012703.0,5.444,84.876,I,841,HZ,20260819021445,2022-10-26 01:27:03,csio,2902769
csio/2902769/profiles/D2902769_102.nc,20221104151625.0,5.827,85.201,I,841,HZ,20260819021445,2022-11-04 15:16:25,csio,2902769
csio/2902769/profiles/D2902769_103.nc,20221114053335.0,6.162,85.282,I,841,HZ,20260819021445,2022-11-14 05:33:35,csio,2902769
csio/2902769/profiles/D2902769_104.nc,20221123192954.0,6.267,85.49,I,841,HZ,20260819021445,2022-11-23 19:29:54,csio,2902769
csio/2902769/profiles/D2902769_105.nc,20221203093234.0,6.281,85.761,I,841,HZ,20260819021445,2022-12-03 09:32:34,csio,2902769
csio/2902769/profiles/D2902769_106.nc,20221212232731.0,6.441,85.939,I,841,HZ,20260819021445,2022-12-12 23:27:31,csio,2902769
csio/2902769/profiles/D2902769_107.nc,20221222133321.0,6.143,85.94,I,841,HZ,20260819021445,2022-12-22 13:33:21,csio,2902769
csio/2902769/profiles/D2902769_108.nc,20230101032336.0,5.806,85.954,I,841,HZ,20260819021445,2023-01-01 03:23:36,csio,2902769
csio/2902769/profiles/D2902769_109.nc,20230110172825.0,5.925,86.19,I,841,HZ,20260819021445,2023-01-10 17:28:25,csio,2902769
csio/2902769/profiles/D2902769_110.nc,20230120073126.0,6.48,86.381,I,841,HZ,20260819021445,2023-01-20 07:31:26,csio,2902769
csio/2902769/profiles/D2902769_111.nc,20230129212457.0,6.865,86.398,I,841,HZ,20260819021445,2023-01-29 21:24:57,csio,2902769
csio/2902769/profiles/D2902769_112.nc,20230208113028.0,6.998,86.231,I,841,HZ,20260819021445,2023-02-08 11:30:28,csio,2902769
csio/2902769/profiles/D2902769_113.nc,20230218012426.0,6.98,86.045,I,841,HZ,20260819021445,2023-02-18 01:24:26,csio,2902769
csio/2902769/profiles/D2902769_114.nc,20230227152801.0,6.875,85.863,I,841,HZ,20260819021445,2023-02-27 15:28:01,csio,2902769
csio/2902769/profiles/D2902769_115.nc,20230309052751.0,6.738,85.618,I,841,HZ,20260819021445,2023-03-09 05:27:51,csio,2902769
csio/2902769/profiles/D2902769_116.nc,20230318192314.0,6.581,85.382,I,841,HZ,20260819021445,2023-03-18 19:23:14,csio,2902769
csio/2902769/profiles/D2902769_117.nc,20230328092525.0,6.518,85.134,I,841,HZ,20260819021445,2023-03-28 09:25:25,csio,2902769
csio/2902769/profiles/D2902769_118.nc,20230406232903.0,6.516,84.999,I,841,HZ,20260819021445,2023-04-06 23:29:03,csio,2902769
csio/2902769/profiles/D2902769_119.nc,20230416132831.0,6.325,85.489,I,841,HZ,20260819021445,2023-04-16 13:28:31,csio,2902769
csio/2902769/profiles/D2902769_120.nc,20230426032005.0,5.961,86.271,I,841,HZ,20260819021445,2023-04-26 03:20:05,csio,2902769
csio/2902769/profiles/D2902769_121.nc,20230505171658.0,5.37,86.741,I,841,HZ,20260819021445,2023-05-05 17:16:58,csio,2902769
csio/2902769/profiles/D2902769_122.nc,20230515072055.0,5.367,87.139,I,841,HZ,20260819021445,2023-05-15 07:20:55,csio,2902769
csio/2902769/profiles/D2902769_123.nc,20230524210202.0,5.547,87.381,I,841,HZ,20260819021445,2023-05-24 21:02:02,csio,2902769
csio/2902769/profiles/D2902769_124.nc,20230603110932.0,5.604,87.459,I,841,HZ,20260819021445,2023-06-03 11:09:32,csio,2902769
csio/2902769/profiles/D2902769_125.nc,20230613012634.0,5.473,87.313,I,841,HZ,20260819021445,2023-06-13 01:26:34,csio,2902769
csio/2902769/profiles/D2902769_126.nc,20230622151858.0,5.7,87.053,I,841,HZ,20260819021445,2023-06-22 15:18:58,csio,2902769
csio/2902769/profiles/D2902769_127.nc,20230702053144.0,6.091,86.658,I,841,HZ,20260819021445,2023-07-02 05:31:44,csio,2902769
csio/2902769/profiles/D2902769_128.nc,20230711193115.0,6.076,86.464,I,841,HZ,20260819021445,2023-07-11 19:31:15,csio,2902769
csio/2902769/profiles/D2902769_129.nc,20230721093455.0,5.569,86.229,I,841,HZ,20260819021445,2023-07-21 09:34:55,csio,2902769
csio/2902769/profiles/D2902769_130.nc,20230730232221.0,5.129,86.045,I,841,HZ,20260819021445,2023-07-30 23:22:21,csio,2902769
csio/2902769/profiles/D2902769_131.nc,20230809132602.0,5.094,86.007,I,841,HZ,20260819021445,2023-08-09 13:26:02,csio,2902769
csio/2902769/profiles/D2902769_132.nc,20230819032343.0,5.046,86.113,I,841,HZ,20260819021445,2023-08-19 03:23:43,csio,2902769
csio/2902769/profiles/D2902769_136.nc,20230926112852.0,5.143,86.519,I,841,HZ,20260819021445,2023-09-26 11:28:52,csio,2902769
csio/2902769/profiles/D2902769_137.nc,20231006013159.0,5.686,86.764,I,841,HZ,20260819021445,2023-10-06 01:31:59,csio,2902769
csio/2902769/profiles/D2902769_138.nc,20231015153125.0,5.877,87.195,I,841,HZ,20260819021445,2023-10-15 15:31:25,csio,2902769
csio/2902769/profiles/D2902769_139.nc,20231025053041.0,5.498,87.267,I,841,HZ,20260819021445,2023-10-25 05:30:41,csio,2902769
csio/2902769/profiles/D2902769_143.nc,20231202132132.0,5.338,87.377,I,841,HZ,20260819021445,2023-12-02 13:21:32,csio,2902769
csio/2902769/profiles/D2902769_144.nc,20231212032416.0,5.516,87.366,I,841,HZ,20260819021445,2023-12-12 03:24:16,csio,2902769
csio/2902769/profiles/D2902769_145.nc,20231221173309.0,5.335,87.439,I,841,HZ,20260819021445,2023-12-21 17:33:09,csio,2902769
csio/2902770/profiles/D2902770_070.nc,20220109052855.0,13.929,89.015,I,841,HZ,20260819023041,2022-01-09 05:28:55,csio,2902770
csio/2902770/profiles/D2902770_071.nc,20220119052503.0,13.641,88.595,I,841,HZ,20260819023041,2022-01-19 05:25:03,csio,2902770
csio/2902770/profiles/D2902770_072.nc,20220129052157.0,13.5,87.984,I,841,HZ,20260819023041,2022-01-29 05:21:57,csio,2902770
csio/2902770/profiles/D2902770_073.nc,20220208052400.0,13.534,87.618,I,841,HZ,20260819023041,2022-02-08 05:24:00,csio,2902770
csio/2902770/profiles/D2902770_074.nc,20220218053357.0,13.644,87.408,I,841,HZ,20260819023041,2022-02-18 05:33:57,csio,2902770
csio/2902770/profiles/D2902770_075.nc,20220228053527.0,13.607,87.311,I,841,HZ,20260819023041,2022-02-28 05:35:27,csio,2902770
csio/2902770/profiles/D2902770_076.nc,20220310053251.0,13.291,87.254,I,841,HZ,20260819023041,2022-03-10 05:32:51,csio,2902770
csio/2902770/profiles/D2902770_077.nc,20220320053125.0,13.0,87.16,I,841,HZ,20260819023041,2022-03-20 05:31:25,csio,2902770
csio/2902770/profiles/D2902770_078.nc,20220330052717.0,12.769,87.047,I,841,HZ,20260819023041,2022-03-30 05:27:17,csio,2902770
csio/2902770/profiles/D2902770_079.nc,20220408192340.0,12.556,86.938,I,841,HZ,20260819023041,2022-04-08 19:23:40,csio,2902770
csio/2902770/profiles/D2902770_080.nc,20220418212342.0,12.501,86.853,I,841,HZ,20260819023041,2022-04-18 21:23:42,csio,2902770
csio/2902770/profiles/D2902770_081.nc,20220428233158.0,12.667,86.918,I,841,HZ,20260819023041,2022-04-28 23:31:58,csio,2902770
csio/2902770/profiles/D2902770_082.nc,20220509012712.0,12.843,87.043,I,841,HZ,20260819023041,2022-05-09 01:27:12,csio,2902770
csio/2902770/profiles/D2902770_083.nc,20220519032856.0,13.086,87.087,I,841,HZ,20260819023041,2022-05-19 03:28:56,csio,2902770
csio/2902770/profiles/D2902770_084.nc,20220529052257.0,13.229,87.187,I,841,HZ,20260819023041,2022-05-29 05:22:57,csio,2902770
csio/2902770/profiles/D2902770_085.nc,20220608073202.0,13.287,87.395,I,841,HZ,20260819023041,2022-06-08 07:32:02,csio,2902770
csio/2902770/profiles/D2902770_086.nc,20220618092235.0,13.3,87.645,I,841,HZ,20260819023041,2022-06-18 09:22:35,csio,2902770
csio/2902770/profiles/D2902770_087.nc,20220628113105.0,13.263,87.866,I,841,HZ,20260819023041,2022-06-28 11:31:05,csio,2902770
csio/2902770/profiles/D2902770_088.nc,20220708132431.0,13.166,87.824,I,841,HZ,20260819023041,2022-07-08 13:24:31,csio,2902770
csio/2902770/profiles/D2902770_089.nc,20220718153050.0,13.108,87.717,I,841,HZ,20260819023041,2022-07-18 15:30:50,csio,2902770
csio/2902770/profiles/D2902770_090.nc,20220728172755.0,12.861,87.642,I,841,HZ,20260819023041,2022-07-28 17:27:55,csio,2902770
csio/2902770/profiles/D2902770_091.nc,20220807192928.0,12.649,87.601,I,841,HZ,20260819023041,2022-08-07 19:29:28,csio,2902770
csio/2902770/profiles/D2902770_092.nc,20220817212443.0,12.618,87.64,I,841,HZ,20260819023041,2022-08-17 21:24:43,csio,2902770
csio/2902770/profiles/D2902770_093.nc,20220827231727.0,12.442,87.735,I,841,HZ,20260819023041,2022-08-27 23:17:27,csio,2902770
csio/2902770/profiles/D2902770_094.nc,20220907012145.0,12.246,87.803,I,841,HZ,20260819023041,2022-09-07 01:21:45,csio,2902770
csio/2902770/profiles/D2902770_095.nc,20220917031928.0,12.304,87.769,I,841,HZ,20260819023041,2022-09-17 03:19:28,csio,2902770
csio/2902770/profiles/D2902770_096.nc,20220927053205.0,12.47,87.751,I,841,HZ,20260819023041,2022-09-27 05:32:05,csio,2902770
csio/2902770/profiles/D2902770_097.nc,20221007072226.0,12.644,87.7,I,841,HZ,20260819023041,2022-10-07 07:22:26,csio,2902770
csio/2902770/profiles/D2902770_098.nc,20221017093019.0,12.963,87.48,I,841,HZ,20260819023041,2022-10-17 09:30:19,csio,2902770
csio/2902770/profiles/D2902770_099.nc,20221027112537.0,13.255,87.199,I,841,HZ,20260819023041,2022-10-27 11:25:37,csio,2902770
csio/2902770/profiles/D2902770_100.nc,20221106132138.0,13.517,86.975,I,841,HZ,20260819023041,2022-11-06 13:21:38,csio,2902770
csio/2902770/profiles/D2902770_101.nc,20221116152940.0,13.643,86.932,I,841,HZ,20260819023041,2022-11-16 15:29:40,csio,2902770
csio/2902770/profiles/D2902770_102.nc,20221126172000.0,13.58,86.826,I,841,HZ,20260819023041,2022-11-26 17:20:00,csio,2902770
csio/2902770/profiles/D2902770_103.nc,20221206192315.0,13.27,86.66,I,841,HZ,20260819023041,2022-12-06 19:23:15,csio,2902770
csio/2902770/profiles/D2902770_104.nc,20221216212557.0,12.997,86.312,I,841,HZ,20260819023041,2022-12-16 21:25:57,csio,2902770
csio/2902770/profiles/D2902770_105.nc,20221226233252.0,12.719,86.08,I,841,HZ,20260819023041,2022-12-26 23:32:52,csio,2902770
csio/2902770/profiles/D2902770_106.nc,20230106013320.0,12.603,86.188,I,841,HZ,20260819023041,2023-01-06 01:33:20,csio,2902770
csio/2902770/profiles/D2902770_107.nc,20230116032455.0,12.81,86.402,I,841,HZ,20260819023041,2023-01-16 03:24:55,csio,2902770
csio/2902770/profiles/D2902770_108.nc,20230126052420.0,13.144,86.748,I,841,HZ,20260819023041,2023-01-26 05:24:20,csio,2902770
csio/2902770/profiles/D2902770_109.nc,20230205072853.0,13.341,87.395,I,841,HZ,20260819023041,2023-02-05 07:28:53,csio,2902770
csio/2902770/profiles/D2902770_110.nc,20230215092722.0,13.232,87.942,I,841,HZ,20260819023041,2023-02-15 09:27:22,csio,2902770
csio/2902770/profiles/D2902770_111.nc,20230225113600.0,12.986,88.113,I,841,HZ,20260819023041,2023-02-25 11:36:00,csio,2902770
csio/2902770/profiles/D2902770_112.nc,20230307132557.0,12.84,88.049,I,841,HZ,20260819023041,2023-03-07 13:25:57,csio,2902770
csio/2902770/profiles/D2902770_113.nc,20230317152817.0,12.7,87.886,I,841,HZ,20260819023041,2023-03-17 15:28:17,csio,2902770
csio/2902770/profiles/D2902770_114.nc,20230327171828.0,12.474,87.684,I,841,HZ,20260819023041,2023-03-27 17:18:28,csio,2902770
csio/2902770/profiles/D2902770_115.nc,20230406192220.0,12.374,87.532,I,841,HZ,20260819023041,2023-04-06 19:22:20,csio,2902770
csio/2902770/profiles/D2902770_116.nc,20230416212403.0,12.452,87.407,I,841,HZ,20260819023041,2023-04-16 21:24:03,csio,2902770
csio/2902770/profiles/D2902770_117.nc,20230426233233.0,12.496,87.406,I,841,HZ,20260819023041,2023-04-26 23:32:33,csio,2902770
csio/2902770/profiles/D2902770_118.nc,20230507013055.0,12.455,87.485,I,841,HZ,20260819023041,2023-05-07 01:30:55,csio,2902770
csio/2902770/profiles/D2902770_119.nc,20230517032829.0,12.619,87.77,I,841,HZ,20260819023041,2023-05-17 03:28:29,csio,2902770
csio/2902770/profiles/D2902770_120.nc,20230527052904.0,12.795,88.163,I,841,HZ,20260819023041,2023-05-27 05:29:04,csio,2902770
csio/2902770/profiles/D2902770_121.nc,20230606073111.0,12.75,88.438,I,841,HZ,20260819023041,2023-06-06 07:31:11,csio,2902770
csio/2902770/profiles/D2902770_122.nc,20230616092656.0,12.492,88.664,I,841,HZ,20260819023041,2023-06-16 09:26:56,csio,2902770
csio/2902770/profiles/D2902770_123.nc,20230626113421.0,12.08,88.81,I,841,HZ,20260819023041,2023-06-26 11:34:21,csio,2902770
csio/2902770/profiles/D2902770_124.nc,20230706133233.0,12.192,88.843,I,841,HZ,20260819023041,2023-07-06 13:32:33,csio,2902770
csio/2902770/profiles/D2902770_125.nc,20230716153026.0,12.751,88.688,I,841,HZ,20260819023041,2023-07-16 15:30:26,csio,2902770
csio/2902770/profiles/D2902770_126.nc,20230726174059.0,13.203,88.535,I,841,HZ,20260819023041,2023-07-26 17:40:59,csio,2902770
csio/2902770/profiles/D2902770_127.nc,20230805192954.0,13.176,88.819,I,841,HZ,20260819023041,2023-08-05 19:29:54,csio,2902770
csio/2902770/profiles/D2902770_128.nc,20230815213233.0,12.729,89.427,I,841,HZ,20260819023041,2023-08-15 21:32:33,csio,2902770
csio/2902770/profiles/D2902770_129.nc,20230825233136.0,12.216,89.829,I,841,HZ,20260819023041,2023-08-25 23:31:36,csio,2902770
csio/2902770/profiles/D2902770_130.nc,20230905013425.0,11.965,89.896,I,841,HZ,20260819023041,2023-09-05 01:34:25,csio,2902770
csio/2902770/profiles/D2902770_131.nc,20230915033129.0,11.965,89.792,I,841,HZ,20260819023041,2023-09-15 03:31:29,csio,2902770
csio/2902770/profiles/D2902770_132.nc,20230925052650.0,11.976,89.633,I,841,HZ,20260819023041,2023-09-25 05:26:50,csio,2902770
csio/2902770/profiles/D2902770_133.nc,20231005073734.0,11.937,89.381,I,841,HZ,20260819023041,2023-10-05 07:37:34,csio,2902770
csio/2902770/profiles/D2902770_134.nc,20231015093025.0,11.916,89.074,I,841,HZ,20260819023041,2023-10-15 09:30:25,csio,2902770
csio/2902770/profiles/D2902770_135.nc,20231025112703.0,11.998,88.835,I,841,HZ,20260819023041,2023-10-25 11:27:03,csio,2902770
csio/2902770/profiles/D2902770_136.nc,20231104133003.0,12.172,88.669,I,841,HZ,20260819023041,2023-11-04 13:30:03,csio,2902770
csio/2902770/profiles/D2902770_137.nc,20231114152935.0,12.104,88.852,I,841,HZ,20260819023041,2023-11-14 15:29:35,csio,2902770
csio/2902770/profiles/D2902770_138.nc,20231124172754.0,12.219,89.135,I,841,HZ,20260819023041,2023-11-24 17:27:54,csio,2902770
csio/2902770/profiles/D2902770_139.nc,20231204193039.0,12.566,89.342,I,841,HZ,20260819023041,2023-12-04 19:30:39,csio,2902770
csio/2902770/profiles/D2902770_140.nc,20231214213255.0,13.146,89.555,I,841,HZ,20260819023041,2023-12-14 21:32:55,csio,2902770
csio/2902770/profiles/D2902770_141.nc,20231224233333.0,13.712,89.785,I,841,HZ,20260819023041,2023-12-24 23:33:33,csio,2902770
csio/2902771/profiles/D2902771_088.nc,20220115051856.0,5.273,84.536,I,841,HZ,20260819025123,2022-01-15 05:18:56,csio,2902771
csio/2902771/profiles/D2902771_091.nc,20220214052958.0,5.33,86.692,I,841,HZ,20260819025123,2022-02-14 05:29:58,csio,2902771
csio/2902771/profiles/D2902771_092.nc,20220224051922.0,5.677,86.864,I,841,HZ,20260819025123,2022-02-24 05:19:22,csio,2902771
csio/2902771/profiles/D2902771_093.nc,20220306052801.0,5.854,86.892,I,841,HZ,20260819025123,2022-03-06 05:28:01,csio,2902771
csio/2902771/profiles/D2902771_094.nc,20220316052434.0,5.769,86.91,I,841,HZ,20260819025123,2022-03-16 05:24:34,csio,2902771
csio/2902771/profiles/D2902771_095.nc,20220326053255.0,5.622,86.902,I,841,HZ,20260819025123,2022-03-26 05:32:55,csio,2902771
csio/2902771/profiles/D2902771_096.nc,20220405052427.0,5.553,86.918,I,841,HZ,20260819025123,2022-04-05 05:24:27,csio,2902771
csio/2902771/profiles/D2902771_097.nc,20220415053255.0,5.119,87.136,I,841,HZ,20260819025123,2022-04-15 05:32:55,csio,2902771
csio/2902771/profiles/D2902771_101.nc,20220525052031.0,5.093,87.14,I,841,HZ,20260819025123,2022-05-25 05:20:31,csio,2902771
csio/2902771/profiles/D2902771_105.nc,20220704053155.0,5.305,85.135,I,841,HZ,20260819025123,2022-07-04 05:31:55,csio,2902771
csio/2902771/profiles/D2902771_106.nc,20220714052949.0,5.948,85.435,I,841,HZ,20260819025123,2022-07-14 05:29:49,csio,2902771
csio/2902771/profiles/D2902771_107.nc,20220724050724.0,5.949,85.785,I,841,HZ,20260819025123,2022-07-24 05:07:24,csio,2902771
csio/2902771/profiles/D2902771_108.nc,20220803053802.0,5.663,85.632,I,841,HZ,20260819025123,2022-08-03 05:38:02,csio,2902771
csio/2902771/profiles/D2902771_109.nc,20220813051958.0,5.32,85.183,I,841,HZ,20260819025123,2022-08-13 05:19:58,csio,2902771
csio/2902771/profiles/D2902771_110.nc,20220823053043.0,5.121,84.684,I,841,HZ,20260819025123,2022-08-23 05:30:43,csio,2902771
csio/2902771/profiles/D2902771_111.nc,20220902052333.0,5.106,84.093,I,841,HZ,20260819025123,2022-09-02 05:23:33,csio,2902771
csio/2902771/profiles/D2902771_112.nc,20220912051600.0,5.229,83.477,I,841,HZ,20260819025123,2022-09-12 05:16:00,csio,2902771
csio/2902771/profiles/D2902771_113.nc,20220922051815.0,5.717,82.839,I,841,HZ,20260819025123,2022-09-22 05:18:15,csio,2902771
csio/2902771/profiles/D2902771_114.nc,20221002052833.0,6.297,82.65,I,841,HZ,20260819025123,2022-10-02 05:28:33,csio,2902771
csio/2902771/profiles/D2902771_115.nc,20221012052815.0,6.608,82.864,I,841,HZ,20260819025123,2022-10-12 05:28:15,csio,2902771
csio/2902771/profiles/D2902771_116.nc,20221022052931.0,6.614,83.15,I,841,HZ,20260819025123,2022-10-22 05:29:31,csio,2902771
csio/2902771/profiles/D2902771_117.nc,20221101051731.0,6.093,83.365,I,841,HZ,20260819025123,2022-11-01 05:17:31,csio,2902771
csio/2902771/profiles/D2902771_118.nc,20221111053333.0,5.297,83.573,I,841,HZ,20260819025123,2022-11-11 05:33:33,csio,2902771
csio/2902771/profiles/D2902771_119.nc,20221121052044.0,5.454,83.987,I,841,HZ,20260819025123,2022-11-21 05:20:44,csio,2902771
csio/2902771/profiles/D2902771_120.nc,20221201052856.0,6.309,83.874,I,841,HZ,20260819025123,2022-12-01 05:28:56,csio,2902771
csio/2902771/profiles/D2902771_121.nc,20221211052627.0,6.707,84.17,I,841,HZ,20260819025123,2022-12-11 05:26:27,csio,2902771
csio/2902771/profiles/D2902771_122.nc,20221221052513.0,6.478,84.68,I,841,HZ,20260819025123,2022-12-21 05:25:13,csio,2902771
csio/2902771/profiles/D2902771_123.nc,20221231052055.0,5.908,84.813,I,841,HZ,20260819025123,2022-12-31 05:20:55,csio,2902771
csio/2902771/profiles/D2902771_124.nc,20230110052217.0,5.211,84.725,I,841,HZ,20260819025123,2023-01-10 05:22:17,csio,2902771
csio/2902771/profiles/D2902771_125.nc,20230120052330.0,5.221,84.763,I,841,HZ,20260819025123,2023-01-20 05:23:30,csio,2902771
csio/2902771/profiles/D2902771_126.nc,20230130052721.0,5.663,84.963,I,841,HZ,20260819025123,2023-01-30 05:27:21,csio,2902771
csio/2902771/profiles/D2902771_127.nc,20230209053119.0,5.897,85.131,I,841,HZ,20260819025123,2023-02-09 05:31:19,csio,2902771
csio/2902771/profiles/D2902771_128.nc,20230219053256.0,5.478,85.094,I,841,HZ,20260819025123,2023-02-19 05:32:56,csio,2902771
csio/2902771/profiles/D2902771_129.nc,20230301053633.0,5.008,84.98,I,841,HZ,20260819025123,2023-03-01 05:36:33,csio,2902771
csio/2902771/profiles/D2902771_132.nc,20230331052452.0,5.325,84.998,I,841,HZ,20260819025123,2023-03-31 05:24:52,csio,2902771
csio/2902771/profiles/D2902771_133.nc,20230410052955.0,5.687,85.145,I,841,HZ,20260819025123,2023-04-10 05:29:55,csio,2902771
csio/2902771/profiles/D2902771_134.nc,20230420052702.0,5.596,85.563,I,841,HZ,20260819025123,2023-04-20 05:27:02,csio,2902771
csio/2902771/profiles/D2902771_135.nc,20230430052830.0,5.329,85.862,I,841,HZ,20260819025123,2023-04-30 05:28:30,csio,2902771
csio/2902772/profiles/D2902772_070.nc,20220109052443.0,13.64,88.492,I,841,HZ,20260819074857,2022-01-09 05:24:43,csio,2902772
csio/2902772/profiles/D2902772_071.nc,20220119052858.0,13.762,88.132,I,841,HZ,20260819074857,2022-01-19 05:28:58,csio,2902772
csio/2902772/profiles/D2902772_072.nc,20220129053320.0,13.802,87.793,I,841,HZ,20260819074857,2022-01-29 05:33:20,csio,2902772
csio/2902772/profiles/D2902772_073.nc,20220208052626.0,13.887,87.537,I,841,HZ,20260819074857,2022-02-08 05:26:26,csio,2902772
csio/2902772/profiles/D2902772_074.nc,20220218053903.0,14.049,87.444,I,841,HZ,20260819074857,2022-02-18 05:39:03,csio,2902772
csio/2902772/profiles/D2902772_075.nc,20220228053624.0,13.853,87.509,I,841,HZ,20260819074857,2022-02-28 05:36:24,csio,2902772
csio/2902772/profiles/D2902772_076.nc,20220310052828.0,13.431,87.499,I,841,HZ,20260819074857,2022-03-10 05:28:28,csio,2902772
csio/2902772/profiles/D2902772_077.nc,20220320052741.0,13.04,87.392,I,841,HZ,20260819074857,2022-03-20 05:27:41,csio,2902772
csio/2902772/profiles/D2902772_078.nc,20220330053650.0,12.765,87.249,I,841,HZ,20260819074857,2022-03-30 05:36:50,csio,2902772
csio/2902772/profiles/D2902772_079.nc,20220408193052.0,12.574,87.134,I,841,HZ,20260819074857,2022-04-08 19:30:52,csio,2902772
csio/2902772/profiles/D2902772_080.nc,20220418212855.0,12.583,87.118,I,841,HZ,20260819074857,2022-04-18 21:28:55,csio,2902772
csio/2902772/profiles/D2902772_081.nc,20220428233202.0,12.813,87.258,I,841,HZ,20260819074857,2022-04-28 23:32:02,csio,2902772
csio/2902772/profiles/D2902772_082.nc,20220509012813.0,13.031,87.435,I,841,HZ,20260819074857,2022-05-09 01:28:13,csio,2902772
csio/2902772/profiles/D2902772_083.nc,20220519033324.0,13.293,87.511,I,841,HZ,20260819074857,2022-05-19 03:33:24,csio,2902772
csio/2902772/profiles/D2902772_084.nc,20220529053303.0,13.547,87.644,I,841,HZ,20260819074857,2022-05-29 05:33:03,csio,2902772
csio/2902772/profiles/D2902772_085.nc,20220608072704.0,13.715,87.803,I,841,HZ,20260819074857,2022-06-08 07:27:04,csio,2902772
csio/2902772/profiles/D2902772_086.nc,20220618092320.0,13.903,87.972,I,841,HZ,20260819074857,2022-06-18 09:23:20,csio,2902772
csio/2902772/profiles/D2902772_087.nc,20220628113151.0,14.23,88.03,I,841,HZ,20260819074857,2022-06-28 11:31:51,csio,2902772
csio/2902772/profiles/D2902772_088.nc,20220708133352.0,14.559,87.97,I,841,HZ,20260819074857,2022-07-08 13:33:52,csio,2902772
csio/2902772/profiles/D2902772_089.nc,20220718153155.0,14.718,87.912,I,841,HZ,20260819074857,2022-07-18 15:31:55,csio,2902772
csio/2902772/profiles/D2902772_090.nc,20220728173716.0,14.508,87.822,I,841,HZ,20260819074857,2022-07-28 17:37:16,csio,2902772
csio/2902772/profiles/D2902772_091.nc,20220807193723.0,14.36,87.54,I,841,HZ,20260819074857,2022-08-07 19:37:23,csio,2902772
csio/2902772/profiles/D2902772_092.nc,20220817213451.0,14.169,87.353,I,841,HZ,20260819074857,2022-08-17 21:34:51,csio,2902772
csio/2902772/profiles/D2902772_093.nc,20220827233105.0,13.901,87.297,I,841,HZ,20260819074857,2022-08-27 23:31:05,csio,2902772
csio/2902772/profiles/D2902772_094.nc,20220907014057.0,13.644,87.324,I,841,HZ,20260819074857,2022-09-07 01:40:57,csio,2902772
csio/2902772/profiles/D2902772_095.nc,20220917033144.0,13.634,87.348,I,841,HZ,20260819074857,2022-09-17 03:31:44,csio,2902772
csio/2902772/profiles/D2902772_096.nc,20220927052702.0,13.673,87.454,I,841,HZ,20260819074857,2022-09-27 05:27:02,csio,2902772
csio/2902772/profiles/D2902772_097.nc,20221007073533.0,13.729,87.595,I,841,HZ,20260819074857,2022-10-07 07:35:33,csio,2902772
csio/2902772/profiles/D2902772_098.nc,20221017093750.0,13.954,87.703,I,841,HZ,20260819074857,2022-10-17 09:37:50,csio,2902772
csio/2902772/profiles/D2902772_099.nc,20221027113337.0,14.037,87.883,I,841,HZ,20260819074857,2022-10-27 11:33:37,csio,2902772
csio/2902772/profiles/D2902772_100.nc,20221106132650.0,13.961,88.049,I,841,HZ,20260819074857,2022-11-06 13:26:50,csio,2902772
csio/2902772/profiles/D2902772_101.nc,20221116153102.0,13.686,88.122,I,841,HZ,20260819074857,2022-11-16 15:31:02,csio,2902772
csio/2902772/profiles/D2902772_102.nc,20221126173015.0,13.505,88.008,I,841,HZ,20260819074857,2022-11-26 17:30:15,csio,2902772
csio/2902772/profiles/D2902772_103.nc,20221206193103.0,13.353,88.029,I,841,HZ,20260819074857,2022-12-06 19:31:03,csio,2902772
csio/2902772/profiles/D2902772_104.nc,20221216212726.0,13.322,88.133,I,841,HZ,20260819074857,2022-12-16 21:27:26,csio,2902772
csio/2902772/profiles/D2902772_105.nc,20221226233307.0,13.43,88.36,I,841,HZ,20260819074857,2022-12-26 23:33:07,csio,2902772
csio/2902772/profiles/D2902772_106.nc,20230106014133.0,13.567,88.585,I,841,HZ,20260819074857,2023-01-06 01:41:33,csio,2902772
csio/2902772/profiles/D2902772_107.nc,20230116032457.0,13.923,88.738,I,841,HZ,20260819074857,2023-01-16 03:24:57,csio,2902772
csio/2902772/profiles/D2902772_108.nc,20230126053634.0,14.065,88.856,I,841,HZ,20260819074857,2023-01-26 05:36:34,csio,2902772
csio/2902772/profiles/D2902772_109.nc,20230205073423.0,13.982,88.951,I,841,HZ,20260819074857,2023-02-05 07:34:23,csio,2902772
csio/2902772/profiles/D2902772_110.nc,20230215093220.0,13.967,88.665,I,841,HZ,20260819074857,2023-02-15 09:32:20,csio,2902772
csio/2902772/profiles/D2902772_111.nc,20230225112843.0,14.141,88.319,I,841,HZ,20260819074857,2023-02-25 11:28:43,csio,2902772
csio/2902772/profiles/D2902772_112.nc,20230307133550.0,14.701,88.024,I,841,HZ,20260819074857,2023-03-07 13:35:50,csio,2902772
csio/2902772/profiles/D2902772_113.nc,20230317152704.0,14.97,88.242,I,841,HZ,20260819074857,2023-03-17 15:27:04,csio,2902772
csio/2902772/profiles/D2902772_114.nc,20230327173356.0,14.662,88.235,I,841,HZ,20260819074857,2023-03-27 17:33:56,csio,2902772
csio/2902772/profiles/D2902772_115.nc,20230406193825.0,14.316,87.918,I,841,HZ,20260819074857,2023-04-06 19:38:25,csio,2902772
csio/2902772/profiles/D2902772_116.nc,20230416213330.0,14.167,87.538,I,841,HZ,20260819074857,2023-04-16 21:33:30,csio,2902772
csio/2902772/profiles/D2902772_117.nc,20230426234325.0,14.051,87.306,I,841,HZ,20260819074857,2023-04-26 23:43:25,csio,2902772
csio/2902772/profiles/D2902772_118.nc,20230507014203.0,13.847,87.094,I,841,HZ,20260819074857,2023-05-07 01:42:03,csio,2902772
csio/2902772/profiles/D2902772_119.nc,20230517033950.0,13.618,86.863,I,841,HZ,20260819074857,2023-05-17 03:39:50,csio,2902772
csio/2902772/profiles/D2902772_120.nc,20230527052554.0,13.595,86.804,I,841,HZ,20260819074857,2023-05-27 05:25:54,csio,2902772
csio/2902772/profiles/D2902772_121.nc,20230606073510.0,13.898,86.735,I,841,HZ,20260819074857,2023-06-06 07:35:10,csio,2902772
csio/2902772/profiles/D2902772_122.nc,20230616091426.0,14.345,86.707,I,841,HZ,20260819074857,2023-06-16 09:14:26,csio,2902772
csio/2902772/profiles/D2902772_123.nc,20230626113451.0,14.995,86.764,I,841,HZ,20260819074857,2023-06-26 11:34:51,csio,2902772
csio/2902772/profiles/D2902772_124.nc,20230706134350.0,15.334,86.436,I,841,HZ,20260819074857,2023-07-06 13:43:50,csio,2902772
csio/2902772/profiles/D2902772_125.nc,20230716152752.0,15.655,86.24,I,841,HZ,20260819074857,2023-07-16 15:27:52,csio,2902772
csio/2902772/profiles/D2902772_126.nc,20230726172739.0,15.99,86.332,I,841,HZ,20260819074857,2023-07-26 17:27:39,csio,2902772
csio/2902772/profiles/D2902772_127.nc,20230805192901.0,16.12,86.85,I,841,HZ,20260819074857,2023-08-05 19:29:01,csio,2902772
csio/2902772/profiles/D2902772_128.nc,20230815213441.0,16.083,87.222,I,841,HZ,20260819074857,2023-08-15 21:34:41,csio,2902772
csio/2902772/profiles/D2902772_129.nc,20230825233652.0,16.023,87.565,I,841,HZ,20260819074857,2023-08-25 23:36:52,csio,2902772
csio/2902772/profiles/D2902772_130.nc,20230905013418.0,15.727,87.537,I,841,HZ,20260819074857,2023-09-05 01:34:18,csio,2902772
csio/2902772/profiles/D2902772_131.nc,20230915034318.0,15.62,87.361,I,841,HZ,20260819074857,2023-09-15 03:43:18,csio,2902772
csio/2902772/profiles/D2902772_132.nc,20230925053457.0,15.564,87.12,I,841,HZ,20260819074857,2023-09-25 05:34:57,csio,2902772
csio/2902772/profiles/D2902772_133.nc,20231005073528.0,15.514,86.894,I,841,HZ,20260819074857,2023-10-05 07:35:28,csio,2902772
csio/2902772/profiles/D2902772_134.nc,20231015093403.0,15.325,86.891,I,841,HZ,20260819074857,2023-10-15 09:34:03,csio,2902772
csio/2902772/profiles/D2902772_135.nc,20231025113105.0,15.406,86.89,I,841,HZ,20260819074857,2023-10-25 11:31:05,csio,2902772
csio/2902772/profiles/D2902772_136.nc,20231104132326.0,15.675,86.883,I,841,HZ,20260819074857,2023-11-04 13:23:26,csio,2902772
csio/2902772/profiles/D2902772_137.nc,20231114153435.0,15.715,87.103,I,841,HZ,20260819074857,2023-11-14 15:34:35,csio,2902772
csio/2902772/profiles/D2902772_138.nc,20231124172456.0,15.903,87.532,I,841,HZ,20260819074857,2023-11-24 17:24:56,csio,2902772
csio/2902772/profiles/D2902772_139.nc,20231204194040.0,15.635,88.306,I,841,HZ,20260819074857,2023-12-04 19:40:40,csio,2902772
csio/2902772/profiles/D2902772_140.nc,20231214212405.0,15.305,88.815,I,841,HZ,20260819074857,2023-12-14 21:24:05,csio,2902772
csio/2902772/profiles/D2902772_141.nc,20231224233659.0,15.112,89.018,I,841,HZ,20260819074857,2023-12-24 23:36:59,csio,2902772
csio/2902775/profiles/D2902775_121.nc,20220414052049.0,5.201,79.942,I,841,HZ,20260820082713,2022-04-14 05:20:49,csio,2902775
csio/2902775/profiles/D2902775_122.nc,20220424052836.0,5.498,80.561,I,841,HZ,20260820082713,2022-04-24 05:28:36,csio,2902775
csio/2902775/profiles/D2902775_123.nc,20220504052119.0,5.756,81.418,I,841,HZ,20260820082713,2022-05-04 05:21:19,csio,2902775
csio/2902775/profiles/D2902775_124.nc,20220514053628.0,6.455,81.957,I,841,HZ,20260820082713,2022-05-14 05:36:28,csio,2902775
csio/2902775/profiles/D2902775_125.nc,20220524053056.0,6.942,82.163,I,841,HZ,20260820082713,2022-05-24 05:30:56,csio,2902775
csio/2902775/profiles/D2902775_126.nc,20220603052249.0,9.451,82.319,I,841,HZ,20260820082713,2022-06-03 05:22:49,csio,2902775
csio/2902775/profiles/D2902775_127.nc,20220613053420.0,9.838,82.978,I,841,HZ,20260820082713,2022-06-13 05:34:20,csio,2902775
csio/2902775/profiles/D2902775_128.nc,20220623053757.0,9.97,83.404,I,841,HZ,20260820082713,2022-06-23 05:37:57,csio,2902775
csio/2902775/profiles/D2902775_129.nc,20220703052656.0,10.165,83.75,I,841,HZ,20260820082713,2022-07-03 05:26:56,csio,2902775
csio/2902775/profiles/D2902775_130.nc,20220713054559.0,10.437,83.17,I,841,HZ,20260820082713,2022-07-13 05:45:59,csio,2902775
csio/2902775/profiles/D2902775_131.nc,20220723053558.0,10.891,82.769,I,841,HZ,20260820082713,2022-07-23 05:35:58,csio,2902775
csio/2902775/profiles/D2902775_132.nc,20220802053214.0,11.459,82.772,I,841,HZ,20260820082713,2022-08-02 05:32:14,csio,2902775
csio/2902775/profiles/D2902775_133.nc,20220812051103.0,10.439,82.737,I,841,HZ,20260820082713,2022-08-12 05:11:03,csio,2902775
csio/2902775/profiles/D2902775_134.nc,20220822053749.0,11.019,83.53,I,841,HZ,20260820082713,2022-08-22 05:37:49,csio,2902775
csio/2902775/profiles/D2902775_135.nc,20220901053227.0,11.442,83.712,I,841,HZ,20260820082713,2022-09-01 05:32:27,csio,2902775
csio/2902775/profiles/D2902775_136.nc,20220911053144.0,10.991,83.82,I,841,HZ,20260820082713,2022-09-11 05:31:44,csio,2902775
csio/2902775/profiles/D2902775_137.nc,20220921051900.0,10.166,83.51,I,841,HZ,20260820082713,2022-09-21 05:19:00,csio,2902775
csio/2902775/profiles/D2902775_138.nc,20221001052256.0,9.379,82.856,I,841,HZ,20260820082713,2022-10-01 05:22:56,csio,2902775
csio/2902775/profiles/D2902775_139.nc,20221011052801.0,9.036,82.192,I,841,HZ,20260820082713,2022-10-11 05:28:01,csio,2902775
csio/2902775/profiles/D2902775_140.nc,20221021053327.0,8.663,81.92,I,841,HZ,20260820082713,2022-10-21 05:33:27,csio,2902775
csio/2902775/profiles/D2902775_141.nc,20221031052511.0,7.623,82.349,I,841,HZ,20260820082713,2022-10-31 05:25:11,csio,2902775
csio/2902775/profiles/D2902775_142.nc,20221110052830.0,8.321,82.928,I,841,HZ,20260820082713,2022-11-10 05:28:30,csio,2902775
csio/2902775/profiles/D2902775_143.nc,20221120053041.0,8.598,83.9,I,841,HZ,20260820082713,2022-11-20 05:30:41,csio,2902775
csio/2902775/profiles/D2902775_144.nc,20221130052727.0,7.826,83.511,I,841,HZ,20260820082713,2022-11-30 05:27:27,csio,2902775
csio/2902775/profiles/D2902775_145.nc,20221210052832.0,8.297,82.611,I,841,HZ,20260820082713,2022-12-10 05:28:32,csio,2902775
csio/2902775/profiles/D2902775_146.nc,20221220054035.0,8.623,83.673,I,841,HZ,20260820082713,2022-12-20 05:40:35,csio,2902775
csio/2902775/profiles/D2902775_147.nc,20221230052854.0,7.864,84.072,I,841,HZ,20260820082713,2022-12-30 05:28:54,csio,2902775
csio/2902775/profiles/D2902775_148.nc,20230109052220.0,7.104,83.531,I,841,HZ,20260820082713,2023-01-09 05:22:20,csio,2902775
csio/2902775/profiles/D2902775_149.nc,20230119054017.0,6.333,83.328,I,841,HZ,20260820082713,2023-01-19 05:40:17,csio,2902775
csio/2902775/profiles/D2902775_150.nc,20230129053046.0,5.785,83.64,I,841,HZ,20260820082713,2023-01-29 05:30:46,csio,2902775
csio/2902775/profiles/D2902775_151.nc,20230208053233.0,6.417,84.483,I,841,HZ,20260820082713,2023-02-08 05:32:33,csio,2902775
csio/2902775/profiles/D2902775_152.nc,20230218052920.0,7.083,85.121,I,841,HZ,20260820082713,2023-02-18 05:29:20,csio,2902775
csio/2902775/profiles/D2902775_153.nc,20230228053130.0,7.479,85.44,I,841,HZ,20260820082713,2023-02-28 05:31:30,csio,2902775
csio/2902775/profiles/D2902775_154.nc,20230310052638.0,7.698,85.694,I,841,HZ,20260820082713,2023-03-10 05:26:38,csio,2902775
csio/2902775/profiles/D2902775_155.nc,20230320052553.0,7.742,85.794,I,841,HZ,20260820082713,2023-03-20 05:25:53,csio,2902775
csio/2902775/profiles/D2902775_156.nc,20230330052400.0,7.74,85.733,I,841,HZ,20260820082713,2023-03-30 05:24:00,csio,2902775
csio/2902775/profiles/D2902775_157.nc,20230409053030.0,7.71,85.6,I,841,HZ,20260820082713,2023-04-09 05:30:30,csio,2902775
csio/2902775/profiles/D2902775_158.nc,20230419053409.0,7.696,85.489,I,841,HZ,20260820082713,2023-04-19 05:34:09,csio,2902775
csio/2902775/profiles/D2902775_159.nc,20230429054252.0,7.685,85.483,I,841,HZ,20260820082713,2023-04-29 05:42:52,csio,2902775
csio/2902775/profiles/D2902775_160.nc,20230509051901.0,7.631,85.542,I,841,HZ,20260820082713,2023-05-09 05:19:01,csio,2902775
csio/2902775/profiles/D2902775_161.nc,20230519053126.0,7.682,85.609,I,841,HZ,20260820082713,2023-05-19 05:31:26,csio,2902775
csio/2902775/profiles/D2902775_162.nc,20230529052219.0,7.975,85.756,I,841,HZ,20260820082713,2023-05-29 05:22:19,csio,2902775
csio/2902775/profiles/D2902775_163.nc,20230608053030.0,8.578,85.891,I,841,HZ,20260820082713,2023-06-08 05:30:30,csio,2902775
csio/2902775/profiles/D2902775_164.nc,20230618052518.0,8.835,85.87,I,841,HZ,20260820082713,2023-06-18 05:25:18,csio,2902775
csio/2902775/profiles/D2902775_165.nc,20230628052820.0,8.564,85.562,I,841,HZ,20260820082713,2023-06-28 05:28:20,csio,2902775
csio/2902775/profiles/D2902775_166.nc,20230708052752.0,8.168,85.114,I,841,HZ,20260820082713,2023-07-08 05:27:52,csio,2902775
csio/2902775/profiles/D2902775_167.nc,20230718053427.0,8.019,84.779,I,841,HZ,20260820082713,2023-07-18 05:34:27,csio,2902775
csio/2902775/profiles/D2902775_168.nc,20230728052945.0,7.871,84.544,I,841,HZ,20260820082713,2023-07-28 05:29:45,csio,2902775
csio/2902775/profiles/D2902775_169.nc,20230807051951.0,7.58,84.22,I,841,HZ,20260820082713,2023-08-07 05:19:51,csio,2902775
csio/2902775/profiles/D2902775_170.nc,20230817052155.0,7.162,84.011,I,841,HZ,20260820082713,2023-08-17 05:21:55,csio,2902775
csio/2902775/profiles/D2902775_171.nc,20230827052907.0,6.884,83.932,I,841,HZ,20260820082713,2023-08-27 05:29:07,csio,2902775
csio/2902775/profiles/D2902775_172.nc,20230906053243.0,7.065,84.162,I,841,HZ,20260820082713,2023-09-06 05:32:43,csio,2902775
csio/2902775/profiles/D2902775_173.nc,20230916052234.0,7.319,84.681,I,841,HZ,20260820082713,2023-09-16 05:22:34,csio,2902775
csio/2902775/profiles/D2902775_174.nc,20230926053608.0,7.444,85.07,I,841,HZ,20260820082713,2023-09-26 05:36:08,csio,2902775
csio/2902775/profiles/D2902775_175.nc,20231006051728.0,7.406,85.382,I,841,HZ,20260820082713,2023-10-06 05:17:28,csio,2902775
csio/2902775/profiles/D2902775_176.nc,20231016052534.0,7.501,85.798,I,841,HZ,20260820082713,2023-10-16 05:25:34,csio,2902775
csio/2902775/profiles/D2902775_177.nc,20231026052331.0,7.798,86.053,I,841,HZ,20260820082713,2023-10-26 05:23:31,csio,2902775
csio/2902775/profiles/D2902775_178.nc,20231105052315.0,7.888,86.391,I,841,HZ,20260820082713,2023-11-05 05:23:15,csio,2902775
csio/2902775/profiles/D2902775_179.nc,20231115052233.0,7.705,86.44,I,841,HZ,20260820082713,2023-11-15 05:22:33,csio,2902775
csio/2902775/profiles/D2902775_180.nc,20231125053552.0,7.618,86.324,I,841,HZ,20260820082713,2023-11-25 05:35:52,csio,2902775
csio/2902775/profiles/D2902775_181.nc,20231205052758.0,7.721,86.332,I,841,HZ,20260820082713,2023-12-05 05:27:58,csio,2902775
csio/2902775/profiles/D2902775_182.nc,20231215052723.0,7.877,86.318,I,841,HZ,20260820082713,2023-12-15 05:27:23,csio,2902775
csio/2902775/profiles/D2902775_183.nc,20231225053520.0,8.059,86.222,I,841,HZ,20260820082713,2023-12-25 05:35:20,csio,2902775
csio/2902837/profiles/R2902837_001.nc,20220419164100.0,11.475,86.033,I,870,HZ,20220420020006,2022-04-19 16:41:00,csio,2902837
csio/2902837/profiles/R2902837_002.nc,20220419182500.0,11.475,86.039,I,870,HZ,20220420020008,2022-04-19 18:25:00,csio,2902837
csio/2902837/profiles/R2902837_003.nc,20220419201100.0,11.468,86.043,I,870,HZ,20220420020009,2022-04-19 20:11:00,csio,2902837
csio/2902837/profiles/R2902837_004.nc,20220419215900.0,11.465,86.044,I,870,HZ,20220420020011,2022-04-19 21:59:00,csio,2902837
csio/2902837/profiles/R2902837_005.nc,20220419234400.0,11.464,86.047,I,870,HZ,20220420020012,2022-04-19 23:44:00,csio,2902837
csio/2902837/profiles/R2902837_006.nc,20220420051500.0,11.47,86.059,I,870,HZ,20220420070008,2022-04-20 05:15:00,csio,2902837
csio/2902837/profiles/R2902837_007.nc,20220420211300.0,11.474,86.088,I,870,HZ,20220420230006,2022-04-20 21:13:00,csio,2902837
csio/2902837/profiles/R2902837_008.nc,20220421133400.0,11.489,86.111,I,870,HZ,20220421150007,2022-04-21 13:34:00,csio,2902837
csio/2902837/profiles/R2902837_009.nc,20220426051100.0,11.661,86.312,I,870,HZ,20220501030006,2022-04-26 05:11:00,csio,2902837
csio/2902837/profiles/R2902837_010.nc,20220501005200.0,11.795,86.537,I,870,HZ,20220501020009,2022-05-01 00:52:00,csio,2902837
csio/2902837/profiles/R2902837_011.nc,20220505205400.0,11.929,86.757,I,870,HZ,20220505230007,2022-05-05 20:54:00,csio,2902837
csio/2902837/profiles/R2902837_012.nc,20220510162600.0,12.085,86.948,I,870,HZ,20220510190008,2022-05-10 16:26:00,csio,2902837
csio/2902837/profiles/R2902837_013.nc,20220515123600.0,12.285,87.099,I,870,HZ,20220520110007,2022-05-15 12:36:00,csio,2902837
csio/2902837/profiles/R2902837_014.nc,20220520081700.0,12.373,87.266,I,870,HZ,20220520100014,2022-05-20 08:17:00,csio,2902837
csio/2902837/profiles/R2902837_015.nc,20220525041100.0,12.446,87.461,I,870,HZ,20220525060007,2022-05-25 04:11:00,csio,2902837
csio/2902837/profiles/R2902837_016.nc,20220529233400.0,12.493,87.592,I,870,HZ,20220608170008,2022-05-29 23:34:00,csio,2902837
csio/2902837/profiles/R2902837_017.nc,20220603193300.0,12.454,87.681,I,870,HZ,20220603220014,2022-06-03 19:33:00,csio,2902837
csio/2902837/profiles/R2902837_018.nc,20220608144900.0,12.413,87.679,I,870,HZ,20220608170012,2022-06-08 14:49:00,csio,2902837
csio/2902837/profiles/R2902837_019.nc,20220618052900.0,12.349,87.574,I,870,HZ,20220618080011,2022-06-18 05:29:00,csio,2902837
csio/2902837/profiles/R2902837_020.nc,20220623013700.0,12.334,87.557,I,870,HZ,20220623040016,2022-06-23 01:37:00,csio,2902837
csio/2902837/profiles/R2902837_021.nc,20220627210300.0,12.231,87.54,I,870,HZ,20220702190010,2022-06-27 21:03:00,csio,2902837
csio/2902837/profiles/R2902837_022.nc,20220702165000.0,12.104,87.491,I,870,HZ,20220702190013,2022-07-02 16:50:00,csio,2902837
csio/2902837/profiles/R2902837_023.nc,20220707123200.0,11.941,87.393,I,870,HZ,20220707150007,2022-07-07 12:32:00,csio,2902837
csio/2902837/profiles/R2902837_024.nc,20220712080300.0,11.744,87.269,I,870,HZ,20220712100010,2022-07-12 08:03:00,csio,2902837
csio/2902837/profiles/R2902837_025.nc,20220717032600.0,11.586,87.087,I,870,HZ,20220717060007,2022-07-17 03:26:00,csio,2902837
csio/2902837/profiles/R2902837_026.nc,20220721225600.0,11.438,86.851,I,870,HZ,20220722010009,2022-07-21 22:56:00,csio,2902837
csio/2902837/profiles/R2902837_027.nc,20220726182000.0,11.33,86.63,I,870,HZ,20220731170009,2022-07-26 18:20:00,csio,2902837
csio/2902837/profiles/R2902837_028.nc,20220731141200.0,11.188,86.409,I,870,HZ,20220731160021,2022-07-31 14:12:00,csio,2902837
csio/2902837/profiles/R2902837_029.nc,20220805095600.0,11.009,86.197,I,870,HZ,20220805120011,2022-08-05 09:56:00,csio,2902837
csio/2902837/profiles/R2902837_030.nc,20220810051500.0,10.86,85.996,I,870,HZ,20220810080013,2022-08-10 05:15:00,csio,2902837
csio/2902837/profiles/R2902837_031.nc,20220815005800.0,10.642,85.815,I,870,HZ,20220815030007,2022-08-15 00:58:00,csio,2902837
csio/2902837/profiles/R2902837_032.nc,20220819200600.0,10.406,85.634,I,870,HZ,20220819220057,2022-08-19 20:06:00,csio,2902837
csio/2902837/profiles/R2902837_033.nc,20220824152500.0,10.244,85.491,I,870,HZ,20220824180009,2022-08-24 15:25:00,csio,2902837
csio/2902837/profiles/R2902837_034.nc,20220829111700.0,10.089,85.368,I,870,HZ,20220829140008,2022-08-29 11:17:00,csio,2902837
csio/2902837/profiles/R2902837_035.nc,20220903065100.0,9.898,85.286,I,870,HZ,20220903090007,2022-09-03 06:51:00,csio,2902837
csio/2902837/profiles/R2902837_036.nc,20220908021900.0,9.77,85.244,I,870,HZ,20220913010009,2022-09-08 02:19:00,csio,2902837
csio/2902837/profiles/R2902837_037.nc,20220912221900.0,9.732,85.273,I,870,HZ,20220913000014,2022-09-12 22:19:00,csio,2902837
csio/2902837/profiles/R2902837_038.nc,20220917174600.0,9.783,85.273,I,870,HZ,20220917200011,2022-09-17 17:46:00,csio,2902837
csio/2902837/profiles/R2902837_039.nc,20220922123900.0,9.886,85.276,I,870,HZ,20220927110007,2022-09-22 12:39:00,csio,2902837
csio/2902837/profiles/R2902837_040.nc,20220927081500.0,10.112,85.214,I,870,HZ,20220927110011,2022-09-27 08:15:00,csio,2902837
csio/2902837/profiles/R2902837_041.nc,20221002042400.0,10.356,85.096,I,870,HZ,20221002070009,2022-10-02 04:24:00,csio,2902837
csio/2902837/profiles/R2902837_042.nc,20221011191400.0,10.679,84.928,I,870,HZ,20221011220011,2022-10-11 19:14:00,csio,2902837
csio/2902837/profiles/R2902837_043.nc,20221016144200.0,10.789,84.889,I,870,HZ,20221016170011,2022-10-16 14:42:00,csio,2902837
csio/2902837/profiles/R2902837_044.nc,20221021100600.0,10.915,84.894,I,870,HZ,20221026090008,2022-10-21 10:06:00,csio,2902837
csio/2902837/profiles/R2902837_045.nc,20221026054700.0,11.055,84.89,I,870,HZ,20221026080017,2022-10-26 05:47:00,csio,2902837
csio/2902837/profiles/R2902837_046.nc,20221031015700.0,11.172,84.883,I,870,HZ,20221031040014,2022-10-31 01:57:00,csio,2902837
csio/2902837/profiles/R2902837_047.nc,20221104211800.0,11.181,84.848,I,870,HZ,20221105000010,2022-11-04 21:18:00,csio,2902837
csio/2902837/profiles/R2902837_048.nc,20221109163500.0,11.181,84.814,I,870,HZ,20221114150008,2022-11-09 16:35:00,csio,2902837
csio/2902837/profiles/R2902837_049.nc,20221114122300.0,11.155,84.806,I,870,HZ,20221114140014,2022-11-14 12:23:00,csio,2902837
csio/2902837/profiles/R2902837_050.nc,20221119081800.0,11.118,84.862,I,870,HZ,20221119110008,2022-11-19 08:18:00,csio,2902837
csio/2902837/profiles/R2902837_051.nc,20221124033800.0,11.09,84.975,I,870,HZ,20221124060010,2022-11-24 03:38:00,csio,2902837
csio/2902837/profiles/R2902837_052.nc,20221128225900.0,11.072,85.094,I,870,HZ,20221129010010,2022-11-28 22:59:00,csio,2902837
csio/2902837/profiles/R2902837_053.nc,20221203184200.0,10.995,85.223,I,870,HZ,20221203210009,2022-12-03 18:42:00,csio,2902837
csio/2902837/profiles/R2902837_054.nc,20221208140700.0,10.952,85.338,I,870,HZ,20221208160013,2022-12-08 14:07:00,csio,2902837
csio/2902837/profiles/R2902837_055.nc,20221213090900.0,10.996,85.398,I,870,HZ,20221213120011,2022-12-13 09:09:00,csio,2902837
csio/2902837/profiles/R2902837_056.nc,20221218044100.0,11.047,85.372,I,870,HZ,20221223030008,2022-12-18 04:41:00,csio,2902837
csio/2902837/profiles/R2902837_057.nc,20221223002300.0,11.033,85.393,I,870,HZ,20221223030012,2022-12-23 00:23:00,csio,2902837
csio/2902837/profiles/R2902837_058.nc,20221227200400.0,11.052,85.554,I,870,HZ,20221227230008,2022-12-27 20:04:00,csio,2902837
csio/2902837/profiles/R2902837_059.nc,20230101155400.0,11.004,85.762,I,870,HZ,20230101180009,2023-01-01 15:54:00,csio,2902837
csio/2902837/profiles/R2902837_060.nc,20230106115400.0,10.877,85.925,I,870,HZ,20230106140009,2023-01-06 11:54:00,csio,2902837
csio/2902837/profiles/R2902837_061.nc,20230111070500.0,10.873,86.008,I,870,HZ,20230111100011,2023-01-11 07:05:00,csio,2902837
csio/2902837/profiles/R2902837_062.nc,20230116023300.0,10.891,86.049,I,870,HZ,20230116050012,2023-01-16 02:33:00,csio,2902837
csio/2902837/profiles/R2902837_063.nc,20230120214300.0,10.867,86.035,I,870,HZ,20230121000013,2023-01-20 21:43:00,csio,2902837
csio/2902837/profiles/R2902837_064.nc,20230125171400.0,10.918,85.944,I,870,HZ,20230125200012,2023-01-25 17:14:00,csio,2902837
csio/2902837/profiles/R2902837_065.nc,20230130124300.0,10.973,85.795,I,870,HZ,20230130150011,2023-01-30 12:43:00,csio,2902837
csio/2902837/profiles/R2902837_066.nc,20230204084000.0,11.049,85.594,I,870,HZ,20230204110009,2023-02-04 08:40:00,csio,2902837
csio/2902837/profiles/R2902837_067.nc,20230209042400.0,11.035,85.346,I,870,HZ,20230209070013,2023-02-09 04:24:00,csio,2902837
csio/2902837/profiles/R2902837_068.nc,20230213235600.0,10.99,85.084,I,870,HZ,20230214020012,2023-02-13 23:56:00,csio,2902837
csio/2902837/profiles/R2902837_069.nc,20230218193100.0,10.924,84.813,I,870,HZ,20230218220017,2023-02-18 19:31:00,csio,2902837
csio/2902837/profiles/R2902837_070.nc,20230223153800.0,10.816,84.561,I,870,HZ,20230228150009,2023-02-23 15:38:00,csio,2902837
csio/2902837/profiles/R2902837_071.nc,20230228112700.0,10.752,84.304,I,870,HZ,20230228140015,2023-02-28 11:27:00,csio,2902837
csio/2902837/profiles/R2902837_072.nc,20230305074800.0,10.712,84.011,I,870,HZ,20230305100018,2023-03-05 07:48:00,csio,2902837
csio/2902837/profiles/R2902837_073.nc,20230310032700.0,10.661,83.715,I,870,HZ,20230310060012,2023-03-10 03:27:00,csio,2902837
csio/2902837/profiles/R2902837_074.nc,20230314231500.0,10.557,83.383,I,870,HZ,20230324180012,2023-03-14 23:15:00,csio,2902837
csio/2902837/profiles/R2902837_075.nc,20230319191400.0,10.481,83.049,I,870,HZ,20230319210017,2023-03-19 19:14:00,csio,2902837
csio/2902837/profiles/R2902837_076.nc,20230324155200.0,10.41,82.729,I,870,HZ,20230324180018,2023-03-24 15:52:00,csio,2902837
csio/2902837/profiles/R2902837_077.nc,20230329115800.0,10.283,82.459,I,870,HZ,20230329140012,2023-03-29 11:58:00,csio,2902837
csio/2902837/profiles/R2902837_078.nc,20230403073500.0,10.059,82.234,I,870,HZ,20230403100017,2023-04-03 07:35:00,csio,2902837
csio/2902837/profiles/R2902837_079.nc,20230408031700.0,9.823,82.115,I,870,HZ,20230408050010,2023-04-08 03:17:00,csio,2902837
csio/2902837/profiles/R2902837_080.nc,20230412230200.0,9.564,82.122,I,870,HZ,20230417220016,2023-04-12 23:02:00,csio,2902837
csio/2902837/profiles/R2902837_081.nc,20230417192400.0,9.354,82.194,I,870,HZ,20230417220026,2023-04-17 19:24:00,csio,2902837
csio/2902837/profiles/R2902837_082.nc,20230422160800.0,9.257,82.334,I,870,HZ,20230422180012,2023-04-22 16:08:00,csio,2902837
csio/2902837/profiles/R2902837_083.nc,20230427115700.0,9.261,82.465,I,870,HZ,20230427140011,2023-04-27 11:57:00,csio,2902837
csio/2902837/profiles/R2902837_084.nc,20230502074100.0,9.357,82.519,I,870,HZ,20230507070015,2023-05-02 07:41:00,csio,2902837
csio/2902837/profiles/R2902837_085.nc,20230512003400.0,9.541,82.301,I,870,HZ,20230512020012,2023-05-12 00:34:00,csio,2902837
csio/2902837/profiles/R2902837_086.nc,20230516201900.0,9.405,82.229,I,870,HZ,20230526150010,2023-05-16 20:19:00,csio,2902837
csio/2902837/profiles/R2902837_087.nc,20230521161100.0,9.339,82.159,I,870,HZ,20230526150016,2023-05-21 16:11:00,csio,2902837
csio/2902837/profiles/R2902837_088.nc,20230526120500.0,9.345,82.053,I,870,HZ,20230526140017,2023-05-26 12:05:00,csio,2902837
csio/2902837/profiles/R2902837_089.nc,20230531085600.0,9.302,81.931,I,870,HZ,20230615000014,2023-05-31 08:56:00,csio,2902837
csio/2902837/profiles/R2902837_090.nc,20230605050000.0,9.174,81.829,I,870,HZ,20230614230010,2023-06-05 05:00:00,csio,2902837
csio/2902837/profiles/R2902837_091.nc,20230610005000.0,9.178,81.831,I,870,HZ,20230611020200,2023-06-10 00:50:00,csio,2902837
csio/2902837/profiles/R2902837_092.nc,20230614212100.0,9.315,81.946,I,870,HZ,20230614220017,2023-06-14 21:21:00,csio,2902837
csio/2902837/profiles/R2902837_093.nc,20230619181700.0,9.52,82.147,I,870,HZ,20230629120015,2023-06-19 18:17:00,csio,2902837
csio/2902837/profiles/R2902837_094.nc,20230624140000.0,9.9,82.673,I,870,HZ,20230629110012,2023-06-24 14:00:00,csio,2902837
csio/2902837/profiles/R2902837_095.nc,20230629093700.0,10.229,83.327,I,870,HZ,20230629110019,2023-06-29 09:37:00,csio,2902837
csio/2902837/profiles/R2902837_096.nc,20230704054500.0,10.057,83.761,I,870,HZ,20230704080013,2023-07-04 05:45:00,csio,2902837
csio/2902837/profiles/R2902837_097.nc,20230709015200.0,9.629,83.968,I,870,HZ,20230709040023,2023-07-09 01:52:00,csio,2902837
csio/2902837/profiles/R2902837_098.nc,20230713213600.0,9.118,84.095,I,870,HZ,20230802100022,2023-07-13 21:36:00,csio,2902837
csio/2902837/profiles/R2902837_099.nc,20230718172400.0,9.033,84.229,I,870,HZ,20230807060011,2023-07-18 17:24:00,csio,2902837
csio/2902837/profiles/R2902837_100.nc,20230723131100.0,9.207,84.276,I,870,HZ,20230802080027,2023-07-23 13:11:00,csio,2902837
csio/2902837/profiles/R2902837_101.nc,20230728090600.0,9.508,84.231,I,870,HZ,20230728110017,2023-07-28 09:06:00,csio,2902837
csio/2902837/profiles/R2902837_102.nc,20230802055600.0,9.882,84.103,I,870,HZ,20230802070020,2023-08-02 05:56:00,csio,2902837
csio/2902837/profiles/R2902837_103.nc,20230807042500.0,10.278,83.933,I,870,HZ,20230807070020,2023-08-07 04:25:00,csio,2902837
csio/2902837/profiles/R2902837_104.nc,20230812005300.0,10.58,83.901,I,870,HZ,20230812030010,2023-08-12 00:53:00,csio,2902837
csio/2902837/profiles/R2902837_105.nc,20230816204300.0,10.875,83.948,I,870,HZ,20230821180014,2023-08-16 20:43:00,csio,2902837
csio/2902837/profiles/R2902837_106.nc,20230821164500.0,11.153,84.021,I,870,HZ,20230831100022,2023-08-21 16:45:00,csio,2902837
csio/2902837/profiles/R2902837_107.nc,20230831083700.0,11.753,84.185,I,870,HZ,20230831100034,2023-08-31 08:37:00,csio,2902837
csio/2902837/profiles/R2902837_108.nc,20230905050000.0,11.969,84.243,I,870,HZ,20230905060014,2023-09-05 05:00:00,csio,2902837
csio/2902837/profiles/R2902837_109.nc,20230910010500.0,12.05,84.455,I,870,HZ,20230910020015,2023-09-10 01:05:00,csio,2902837
csio/2902837/profiles/R2902837_110.nc,20230914211300.0,11.995,84.704,I,870,HZ,20230919180015,2023-09-14 21:13:00,csio,2902837
csio/2902837/profiles/R2902837_111.nc,20230919170100.0,11.94,84.965,I,870,HZ,20230919180022,2023-09-19 17:01:00,csio,2902837
csio/2902837/profiles/R2902837_112.nc,20231018194700.0,11.274,85.56,I,870,HZ,20231023170016,2023-10-18 19:47:00,csio,2902837
csio/2902837/profiles/R2902837_113.nc,20231023154000.0,11.194,85.371,I,870,HZ,20231028130021,2023-10-23 15:40:00,csio,2902837
csio/2902837/profiles/R2902837_114.nc,20231028114200.0,11.072,85.109,I,870,HZ,20231028130030,2023-10-28 11:42:00,csio,2902837
csio/2902852/profiles/D2902852_090.nc,20220105062800.0,8.624,86.87,I,870,HZ,20230530090256,2022-01-05 06:28:00,csio,2902852
csio/2902852/profiles/D2902852_091.nc,20220110053900.0,8.624,86.751,I,870,HZ,20230530090256,2022-01-10 05:39:00,csio,2902852
csio/2902852/profiles/D2902852_092.nc,20220115041300.0,8.609,86.651,I,870,HZ,20230530090256,2022-01-15 04:13:00,csio,2902852
csio/2902852/profiles/D2902852_093.nc,20220120043900.0,8.489,86.549,I,870,HZ,20230530090256,2022-01-20 04:39:00,csio,2902852
csio/2902852/profiles/D2902852_094.nc,20220125052300.0,8.387,86.399,I,870,HZ,20230530090256,2022-01-25 05:23:00,csio,2902852
csio/2902852/profiles/D2902852_095.nc,20220130061500.0,8.368,86.226,I,870,HZ,20230530090256,2022-01-30 06:15:00,csio,2902852
csio/2902852/profiles/D2902852_096.nc,20220204073900.0,8.361,85.992,I,870,HZ,20230530090256,2022-02-04 07:39:00,csio,2902852
csio/2902852/profiles/D2902852_097.nc,20220209083400.0,8.44,85.776,I,870,HZ,20230530090256,2022-02-09 08:34:00,csio,2902852
csio/2902852/profiles/D2902852_098.nc,20220219103600.0,8.444,85.281,I,870,HZ,20230530090256,2022-02-19 10:36:00,csio,2902852
csio/2902852/profiles/D2902852_099.nc,20220224115000.0,8.422,85.2,I,870,HZ,20230530090256,2022-02-24 11:50:00,csio,2902852
csio/2902852/profiles/D2902852_100.nc,20220301111200.0,8.414,85.237,I,870,HZ,20230530090256,2022-03-01 11:12:00,csio,2902852
csio/2902852/profiles/D2902852_101.nc,20220306123900.0,8.425,85.37,I,870,HZ,20230530090256,2022-03-06 12:39:00,csio,2902852
csio/2902852/profiles/D2902852_102.nc,20220311135900.0,8.544,85.582,I,870,HZ,20230530090256,2022-03-11 13:59:00,csio,2902852
csio/2902852/profiles/D2902852_103.nc,20220316131800.0,8.636,85.809,I,870,HZ,20230530090256,2022-03-16 13:18:00,csio,2902852
csio/2902852/profiles/D2902852_104.nc,20220321134500.0,8.787,85.953,I,870,HZ,20230530090256,2022-03-21 13:45:00,csio,2902852
csio/2902852/profiles/D2902852_105.nc,20220326135800.0,8.973,86.025,I,870,HZ,20230530090256,2022-03-26 13:58:00,csio,2902852
csio/2902852/profiles/D2902852_106.nc,20220331134100.0,9.209,86.086,I,870,HZ,20230530090256,2022-03-31 13:41:00,csio,2902852
csio/2902852/profiles/D2902852_107.nc,20220405131900.0,9.429,86.147,I,870,HZ,20230530090256,2022-04-05 13:19:00,csio,2902852
csio/2902852/profiles/D2902852_108.nc,20220415130700.0,9.866,86.207,I,870,HZ,20230530090256,2022-04-15 13:07:00,csio,2902852
csio/2902852/profiles/D2902852_109.nc,20220420132400.0,9.999,86.241,I,870,HZ,20230530090256,2022-04-20 13:24:00,csio,2902852
csio/2902852/profiles/D2902852_110.nc,20220425133400.0,10.104,86.28,I,870,HZ,20230530090256,2022-04-25 13:34:00,csio,2902852
csio/2902852/profiles/D2902852_111.nc,20220430134500.0,10.178,86.285,I,870,HZ,20230530090256,2022-04-30 13:45:00,csio,2902852
csio/2902852/profiles/D2902852_112.nc,20220504055800.0,9.874,85.791,I,870,HZ,20230530090256,2022-05-04 05:58:00,csio,2902852
csio/2902852/profiles/D2902852_113.nc,20220504205200.0,9.874,85.766,I,870,HZ,20230530090256,2022-05-04 20:52:00,csio,2902852
csio/2902852/profiles/D2902852_114.nc,20220505110900.0,9.879,85.745,I,870,HZ,20230530090256,2022-05-05 11:09:00,csio,2902852
csio/2902852/profiles/D2902852_115.nc,20220510112000.0,10.021,85.755,I,870,HZ,20230530090256,2022-05-10 11:20:00,csio,2902852
csio/2902852/profiles/D2902852_116.nc,20220515104900.0,10.094,85.774,I,870,HZ,20230530090256,2022-05-15 10:49:00,csio,2902852
csio/2902852/profiles/D2902852_117.nc,20220520104600.0,10.099,85.794,I,870,HZ,20230530090256,2022-05-20 10:46:00,csio,2902852
csio/2902852/profiles/D2902852_118.nc,20220525102400.0,10.046,85.908,I,870,HZ,20230530090256,2022-05-25 10:24:00,csio,2902852
csio/2902852/profiles/D2902852_119.nc,20220530095800.0,9.935,86.069,I,870,HZ,20230530090256,2022-05-30 09:58:00,csio,2902852
csio/2902852/profiles/D2902852_120.nc,20220604093700.0,9.652,86.226,I,870,HZ,20230530090256,2022-06-04 09:37:00,csio,2902852
csio/2902852/profiles/D2902852_121.nc,20220609091200.0,9.331,86.266,I,870,HZ,20230530090256,2022-06-09 09:12:00,csio,2902852
csio/2902852/profiles/D2902852_122.nc,20220614085400.0,8.982,86.247,I,870,HZ,20230530090256,2022-06-14 08:54:00,csio,2902852
csio/2902852/profiles/D2902852_123.nc,20220619081600.0,8.664,86.193,I,870,HZ,20230530090256,2022-06-19 08:16:00,csio,2902852
csio/2902852/profiles/D2902852_124.nc,20220624080100.0,8.481,86.066,I,870,HZ,20230530090256,2022-06-24 08:01:00,csio,2902852
csio/2902852/profiles/D2902852_125.nc,20220629074800.0,8.366,85.897,I,870,HZ,20230530090256,2022-06-29 07:48:00,csio,2902852
csio/2902853/profiles/D2902853_096.nc,20220120211400.0,5.03,84.195,I,870,HZ,20230531025033,2022-01-20 21:14:00,csio,2902853
csiro/1901739/profiles/D1901739_156.nc,20220103005723.0,9.062,52.475,I,846,CS,20241126004933,2022-01-03 00:57:23,csiro,1901739
csiro/1901739/profiles/D1901739_157.nc,20220112203101.0,9.577,53.072,I,846,CS,20241126004933,2022-01-12 20:31:01,csiro,1901739
csiro/1901739/profiles/D1901739_158.nc,20220122151150.0,9.833,53.464,I,846,CS,20241126004933,2022-01-22 15:11:50,csiro,1901739
csiro/1901739/profiles/D1901739_159.nc,20220201110620.0,10.369,54.224,I,846,CS,20241126004933,2022-02-01 11:06:20,csiro,1901739
csiro/1901739/profiles/D1901739_160.nc,20220211053050.0,10.609,55.175,I,846,CS,20241126004933,2022-02-11 05:30:50,csiro,1901739
csiro/1901739/profiles/D1901739_161.nc,20220221011006.0,10.324,55.917,I,846,CS,20241126004933,2022-02-21 01:10:06,csiro,1901739
csiro/1901739/profiles/D1901739_162.nc,20220302193009.0,10.945,56.217,I,846,CS,20241126004933,2022-03-02 19:30:09,csiro,1901739
csiro/1901739/profiles/D1901739_163.nc,20220312150854.0,12.398,56.724,I,846,CS,20241126004933,2022-03-12 15:08:54,csiro,1901739
csiro/1901739/profiles/D1901739_164.nc,20220322090701.0,12.209,57.913,I,846,CS,20241126004933,2022-03-22 09:07:01,csiro,1901739
csiro/1901739/profiles/D1901739_165.nc,20220401042754.0,11.354,58.888,I,846,CS,20241126004933,2022-04-01 04:27:54,csiro,1901739
csiro/1901739/profiles/D1901739_166.nc,20220410235350.0,12.43,59.447,I,846,CS,20241126004933,2022-04-10 23:53:50,csiro,1901739
csiro/1901739/profiles/D1901739_167.nc,20220420183442.0,13.027,59.881,I,846,CS,20241126004933,2022-04-20 18:34:42,csiro,1901739
csiro/1901739/profiles/D1901739_168.nc,20220430141143.0,12.243,60.295,I,846,CS,20241126004933,2022-04-30 14:11:43,csiro,1901739
csiro/1901739/profiles/D1901739_169.nc,20220510090816.0,11.207,60.641,I,846,CS,20241126004933,2022-05-10 09:08:16,csiro,1901739
csiro/1901739/profiles/D1901739_170.nc,20220520045219.0,11.259,60.957,I,846,CS,20241126004933,2022-05-20 04:52:19,csiro,1901739
csiro/1901739/profiles/D1901739_171.nc,20220530003854.0,11.22,61.202,I,846,CS,20241126004933,2022-05-30 00:38:54,csiro,1901739
csiro/1901739/profiles/D1901739_172.nc,20220608214025.0,11.95,60.989,I,846,CS,20241126004933,2022-06-08 21:40:25,csiro,1901739
csiro/1901739/profiles/D1901739_173.nc,20220618171311.0,12.173,60.524,I,846,CS,20241126004933,2022-06-18 17:13:11,csiro,1901739
csiro/1901739/profiles/D1901739_174.nc,20220628132925.0,12.237,60.119,I,846,CS,20241126004933,2022-06-28 13:29:25,csiro,1901739
csiro/1901739/profiles/D1901739_175.nc,20220708084009.0,12.382,59.712,I,846,CS,20241126004933,2022-07-08 08:40:09,csiro,1901739
csiro/1901739/profiles/D1901739_176.nc,20220718064427.0,12.429,59.139,I,846,CS,20241126004933,2022-07-18 06:44:27,csiro,1901739
csiro/1901739/profiles/D1901739_177.nc,20220728014433.0,12.347,58.508,I,846,CS,20241126004933,2022-07-28 01:44:33,csiro,1901739
csiro/1901739/profiles/D1901739_178.nc,20220806232812.0,12.196,57.839,I,846,CS,20241126004933,2022-08-06 23:28:12,csiro,1901739
csiro/1901739/profiles/D1901739_179.nc,20220816190113.0,12.219,57.129,I,846,CS,20241126004933,2022-08-16 19:01:13,csiro,1901739
csiro/1901739/profiles/D1901739_180.nc,20220826144113.0,12.16,56.467,I,846,CS,20241126004933,2022-08-26 14:41:13,csiro,1901739
csiro/1901739/profiles/D1901739_181.nc,20220905114316.0,11.627,55.793,I,846,CS,20241126004933,2022-09-05 11:43:16,csiro,1901739
csiro/1901739/profiles/D1901739_182.nc,20220915064154.0,10.907,54.313,I,846,CS,20241126004933,2022-09-15 06:41:54,csiro,1901739
csiro/1901739/profiles/D1901739_183.nc,20220925021556.0,9.055,54.373,I,846,CS,20241126004933,2022-09-25 02:15:56,csiro,1901739
csiro/1901739/profiles/D1901739_184.nc,20221004204540.0,8.855,54.463,I,846,CS,20241126004933,2022-10-04 20:45:40,csiro,1901739
csiro/1901739/profiles/D1901739_185.nc,20221014162600.0,9.338,53.139,I,846,CS,20241126004933,2022-10-14 16:26:00,csiro,1901739
csiro/1901739/profiles/D1901739_186.nc,20221024104751.0,8.913,52.154,I,846,CS,20241126004933,2022-10-24 10:47:51,csiro,1901739
csiro/1901739/profiles/D1901739_187.nc,20221103063946.0,8.226,51.783,I,846,CS,20241126004933,2022-11-03 06:39:46,csiro,1901739
csiro/1901739/profiles/D1901739_188.nc,20221113010204.0,8.109,52.09,I,846,CS,20241126004933,2022-11-13 01:02:04,csiro,1901739
csiro/1901739/profiles/D1901739_189.nc,20221122192152.0,8.573,52.542,I,846,CS,20241126004933,2022-11-22 19:21:52,csiro,1901739
csiro/1901739/profiles/D1901739_190.nc,20221202150326.0,8.205,51.497,I,846,CS,20241126004933,2022-12-02 15:03:26,csiro,1901739
csiro/1901739/profiles/D1901739_191.nc,20221212111900.0,6.356,50.388,I,846,CS,20241126004933,2022-12-12 11:19:00,csiro,1901739
csiro/1901739/profiles/D1901739_192.nc,20221222061930.0,6.968,50.783,I,846,CS,20241126004933,2022-12-22 06:19:30,csiro,1901739
csiro/1901739/profiles/D1901739_193.nc,20230101003921.0,5.48,49.325,I,846,CS,20241126004933,2023-01-01 00:39:21,csiro,1901739
csiro/1901739/profiles/D1901739_197.nc,20230209051442.0,5.765,49.946,I,846,CS,20241126004933,2023-02-09 05:14:42,csiro,1901739
csiro/1901739/profiles/D1901739_198.nc,20230219010101.0,7.201,51.571,I,846,CS,20241126004933,2023-02-19 01:01:01,csiro,1901739
csiro/1901739/profiles/D1901739_199.nc,20230228204610.0,6.63,52.886,I,846,CS,20241126004933,2023-02-28 20:46:10,csiro,1901739
csiro/1901739/profiles/D1901739_221.nc,20231001233130.0,5.005,51.949,I,846,CS,20241126004933,2023-10-01 23:31:30,csiro,1901739
csiro/1901739/profiles/D1901739_223.nc,20231021121217.0,5.715,54.306,I,846,CS,20241126004933,2023-10-21 12:12:17,csiro,1901739
csiro/1901739/profiles/D1901739_224.nc,20231031070507.0,6.317,55.681,I,846,CS,20241126004933,2023-10-31 07:05:07,csiro,1901739
csiro/1901739/profiles/D1901739_225.nc,20231110012640.0,5.663,56.067,I,846,CS,20241126004933,2023-11-10 01:26:40,csiro,1901739
csiro/1901739/profiles/D1901739_226.nc,20231119204536.0,5.985,56.434,I,846,CS,20241126004933,2023-11-19 20:45:36,csiro,1901739
csiro/1901739/profiles/D1901739_227.nc,20231129170611.0,7.205,56.573,I,846,CS,20241126004933,2023-11-29 17:06:11,csiro,1901739
csiro/1901739/profiles/D1901739_228.nc,20231209134016.0,8.384,56.617,I,846,CS,20241126004933,2023-12-09 13:40:16,csiro,1901739
csiro/1901739/profiles/D1901739_229.nc,20231219082031.0,8.123,56.496,I,846,CS,20241126004933,2023-12-19 08:20:31,csiro,1901739
csiro/1901739/profiles/D1901739_230.nc,20231229041116.0,8.167,55.886,I,846,CS,20241126004933,2023-12-29 04:11:16,csiro,1901739
incois/1902669/profiles/D1902669_001.nc,20230919214220.0,13.433,87.733,I,844,IN,20250526131535,2023-09-19 21:42:20,incois,1902669
incois/1902669/profiles/D1902669_002.nc,20230929140814.0,13.35,88.05,I,844,IN,20250526131536,2023-09-29 14:08:14,incois,1902669
incois/1902669/profiles/D1902669_003.nc,20231009140847.0,13.533,88.217,I,844,IN,20250526131536,2023-10-09 14:08:47,incois,1902669
incois/1902669/profiles/D1902669_004.nc,20231019142120.0,13.833,88.15,I,844,IN,20250526131536,2023-10-19 14:21:20,incois,1902669
incois/1902669/profiles/D1902669_005.nc,20231029140355.0,14.417,87.917,I,844,IN,20250526131537,2023-10-29 14:03:55,incois,1902669
incois/1902669/profiles/D1902669_006.nc,20231108141432.0,14.917,87.883,I,844,IN,20250526131537,2023-11-08 14:14:32,incois,1902669
incois/1902669/profiles/D1902669_007.nc,20231118141349.0,15.133,88.2,I,844,IN,20250526131537,2023-11-18 14:13:49,incois,1902669
incois/1902669/profiles/D1902669_008.nc,20231128141626.0,14.95,88.35,I,844,IN,20250526131538,2023-11-28 14:16:26,incois,1902669
incois/1902669/profiles/D1902669_009.nc,20231208140902.0,14.4,88.2,I,844,IN,20250526131538,2023-12-08 14:09:02,incois,1902669
incois/1902669/profiles/D1902669_010.nc,20231218140738.0,14.0,87.75,I,844,IN,20250526131539,2023-12-18 14:07:38,incois,1902669
incois/1902669/profiles/D1902669_011.nc,20231228141951.0,13.583,87.2,I,844,IN,20250526131539,2023-12-28 14:19:51,incois,1902669
incois/1902670/profiles/D1902670_001.nc,20230926142043.0,6.267,88.6,I,844,IN,20250531170158,2023-09-26 14:20:43,incois,1902670
incois/1902670/profiles/D1902670_002.nc,20231006135234.0,6.033,88.533,I,844,IN,20250531170158,2023-10-06 13:52:34,incois,1902670
incois/1902670/profiles/D1902670_003.nc,20231016135529.0,5.733,88.567,I,844,IN,20250531170159,2023-10-16 13:55:29,incois,1902670
incois/1902670/profiles/D1902670_004.nc,20231026133703.0,5.567,88.75,I,844,IN,20250531170159,2023-10-26 13:37:03,incois,1902670
incois/1902670/profiles/D1902670_005.nc,20231105135600.0,5.817,89.083,I,844,IN,20250531170159,2023-11-05 13:56:00,incois,1902670
incois/1902670/profiles/D1902670_006.nc,20231115140155.0,6.35,89.517,I,844,IN,20250531170200,2023-11-15 14:01:55,incois,1902670
incois/1902670/profiles/D1902670_007.nc,20231125141029.0,6.167,89.75,I,844,IN,20250531170200,2023-11-25 14:10:29,incois,1902670
incois/1902670/profiles/D1902670_008.nc,20231205134955.0,5.5,89.733,I,844,IN,20250531170200,2023-12-05 13:49:55,incois,1902670
incois/1902670/profiles/D1902670_009.nc,20231215140516.0,5.1,89.65,I,844,IN,20250531170201,2023-12-15 14:05:16,incois,1902670
incois/1902670/profiles/D1902670_010.nc,20231225135304.0,5.017,89.4,I,844,IN,20250531170201,2023-12-25 13:53:04,incois,1902670
incois/1902671/profiles/D1902671_001.nc,20231009174149.0,17.433,69.3,I,844,IN,20250526145902,2023-10-09 17:41:49,incois,1902671
incois/1902671/profiles/D1902671_002.nc,20231019135755.0,17.733,68.9,I,844,IN,20250526145903,2023-10-19 13:57:55,incois,1902671
incois/1902671/profiles/D1902671_003.nc,20231029140535.0,18.017,68.667,I,844,IN,20250526145903,2023-10-29 14:05:35,incois,1902671
incois/1902671/profiles/D1902671_004.nc,20231108140156.0,18.083,68.783,I,844,IN,20250526145903,2023-11-08 14:01:56,incois,1902671
incois/1902671/profiles/D1902671_005.nc,20231118140153.0,17.883,68.983,I,844,IN,20250526145904,2023-11-18 14:01:53,incois,1902671
incois/1902671/profiles/D1902671_006.nc,20231128141251.0,17.633,69.117,I,844,IN,20250526145904,2023-11-28 14:12:51,incois,1902671
incois/1902671/profiles/D1902671_007.nc,20231208140425.0,17.367,69.217,I,844,IN,20250526145905,2023-12-08 14:04:25,incois,1902671
incois/1902671/profiles/D1902671_008.nc,20231218141514.0,17.083,69.417,I,844,IN,20250526145905,2023-12-18 14:15:14,incois,1902671
incois/1902671/profiles/D1902671_009.nc,20231228135555.0,16.867,69.85,I,844,IN,20250526145906,2023-12-28 13:55:55,incois,1902671
incois/1902672/profiles/D1902672_001.nc,20231010140922.0,18.15,68.367,I,844,IN,20250526150730,2023-10-10 14:09:22,incois,1902672
incois/1902672/profiles/D1902672_002.nc,20231020140703.0,18.383,68.367,I,844,IN,20250526150730,2023-10-20 14:07:03,incois,1902672
incois/1902672/profiles/D1902672_003.nc,20231030140113.0,18.45,68.533,I,844,IN,20250526150731,2023-10-30 14:01:13,incois,1902672
incois/1902672/profiles/D1902672_004.nc,20231109135521.0,18.383,68.733,I,844,IN,20250526150731,2023-11-09 13:55:21,incois,1902672
incois/1902672/profiles/D1902672_005.nc,20231119140818.0,18.233,68.95,I,844,IN,20250526150731,2023-11-19 14:08:18,incois,1902672
incois/1902672/profiles/D1902672_006.nc,20231129140351.0,18.133,69.15,I,844,IN,20250526150732,2023-11-29 14:03:51,incois,1902672
incois/1902672/profiles/D1902672_007.nc,20231209140255.0,18.067,69.283,I,844,IN,20250526150732,2023-12-09 14:02:55,incois,1902672
incois/1902672/profiles/D1902672_008.nc,20231219140121.0,18.017,69.333,I,844,IN,20250526150733,2023-12-19 14:01:21,incois,1902672
incois/1902672/profiles/D1902672_009.nc,20231229140055.0,17.917,69.333,I,844,IN,20250526150733,2023-12-29 14:00:55,incois,1902672
incois/1902673/profiles/D1902673_001.nc,20231026141725.0,13.6,68.367,I,844,IN,20250526151502,2023-10-26 14:17:25,incois,1902673
incois/1902673/profiles/D1902673_002.nc,20231105140125.0,13.733,68.433,I,844,IN,20250526151502,2023-11-05 14:01:25,incois,1902673
incois/1902673/profiles/D1902673_003.nc,20231115135913.0,14.133,68.517,I,844,IN,20250526151503,2023-11-15 13:59:13,incois,1902673
incois/1902673/profiles/D1902673_004.nc,20231125135827.0,13.85,68.483,I,844,IN,20250526151503,2023-11-25 13:58:27,incois,1902673
incois/1902673/profiles/D1902673_005.nc,20231205135832.0,14.3,68.5,I,844,IN,20250526151504,2023-12-05 13:58:32,incois,1902673
incois/1902673/profiles/D1902673_006.nc,20231215135756.0,14.467,68.083,I,844,IN,20250526151504,2023-12-15 13:57:56,incois,1902673
incois/1902673/profiles/D1902673_007.nc,20231225140149.0,14.3,68.433,I,844,IN,20250526151505,2023-12-25 14:01:49,incois,1902673
incois/2902182/profiles/R2902182_262.nc,20221020175438.0,5.385,75.395,I,846,IN,20221021101055,2022-10-20 17:54:38,incois,2902182
incois/2902182/profiles/R2902182_263.nc,20221030123943.0,6.141,75.268,I,846,IN,20221101033014,2022-10-30 12:39:43,incois,2902182
incois/2902182/profiles/R2902182_264.nc,20221109081918.0,6.421,74.626,I,846,IN,20221111033521,2022-11-09 08:19:18,incois,2902182
incois/2902182/profiles/R2902182_265.nc,20221119022635.0,6.729,73.961,I,846,IN,20221119034516,2022-11-19 02:26:35,incois,2902182
incois/2902182/profiles/R2902182_267.nc,20221208175549.0,7.735,73.662,I,846,IN,20221209044217,2022-12-08 17:55:49,incois,2902182
incois/2902182/profiles/R2902182_268.nc,20221218134614.0,7.641,74.109,I,846,IN,20221219060326,2022-12-18 13:46:14,incois,2902182
incois/2902182/profiles/R2902182_269.nc,20221228095313.0,7.176,74.165,I,846,IN,20221230042125,2022-12-28 09:53:13,incois,2902182
incois/2902182/profiles/R2902182_270.nc,20230107065233.0,6.732,73.962,I,846,IN,20230109092056,2023-01-07 06:52:33,incois,2902182
incois/2902182/profiles/R2902182_271.nc,20230117024328.0,6.83,73.468,I,846,IN,20230117032332,2023-01-17 02:43:28,incois,2902182
incois/2902182/profiles/R2902182_272.nc,20230126204340.0,7.274,73.365,I,846,IN,20230127045919,2023-01-26 20:43:40,incois,2902182
incois/2902182/profiles/R2902182_274.nc,20230215115045.0,7.906,72.856,I,846,IN,20230215153430,2023-02-15 11:50:45,incois,2902182
incois/2902182/profiles/R2902182_275.nc,20230225070039.0,8.2,72.886,I,846,IN,20230225093126,2023-02-25 07:00:39,incois,2902182
incois/2902182/profiles/R2902182_276.nc,20230307012042.0,8.498,72.929,I,846,IN,20230307023143,2023-03-07 01:20:42,incois,2902182
incois/2902182/profiles/R2902182_277.nc,20230316194712.0,8.668,73.082,I,846,IN,20230316223108,2023-03-16 19:47:12,incois,2902182
incois/2902182/profiles/R2902182_278.nc,20230326150652.0,8.4,73.432,I,846,IN,20230326193110,2023-03-26 15:06:52,incois,2902182
incois/2902182/profiles/R2902182_279.nc,20230405095006.0,7.582,73.641,I,846,IN,20230405123137,2023-04-05 09:50:06,incois,2902182
incois/2902182/profiles/R2902182_280.nc,20230415054708.0,6.835,73.92,I,846,IN,20231130082350,2023-04-15 05:47:08,incois,2902182
incois/2902182/profiles/R2902182_281.nc,20230425002255.0,6.713,73.981,I,846,IN,20230425023131,2023-04-25 00:22:55,incois,2902182
incois/2902182/profiles/R2902182_282.nc,20230504201720.0,7.165,74.045,I,846,IN,20231130080907,2023-05-04 20:17:20,incois,2902182
incois/2902182/profiles/R2902182_283.nc,20230514150020.0,7.488,74.141,I,846,IN,20231128015331,2023-05-14 15:00:20,incois,2902182
incois/2902182/profiles/R2902182_284.nc,20230524105942.0,7.849,74.042,I,846,IN,20231128020632,2023-05-24 10:59:42,incois,2902182
incois/2902182/profiles/R2902182_285.nc,20230603063146.0,8.032,73.923,I,846,IN,20231128015726,2023-06-03 06:31:46,incois,2902182
incois/2902182/profiles/R2902182_286.nc,20230613022015.0,7.787,73.877,I,846,IN,20231128010431,2023-06-13 02:20:15,incois,2902182
incois/2902182/profiles/R2902182_287.nc,20230622205804.0,7.631,73.835,I,846,IN,20230622223111,2023-06-22 20:58:04,incois,2902182
incois/2902182/profiles/R2902182_288.nc,20230702165835.0,7.776,73.427,I,846,IN,20230702193745,2023-07-02 16:58:35,incois,2902182
incois/2902182/profiles/R2902182_289.nc,20230712132946.0,7.973,73.209,I,846,IN,20230712153809,2023-07-12 13:29:46,incois,2902182
incois/2902182/profiles/R2902182_290.nc,20230722074549.0,8.201,73.245,I,846,IN,20230722093441,2023-07-22 07:45:49,incois,2902182
incois/2902182/profiles/R2902182_291.nc,20230801020622.0,8.241,73.162,I,846,IN,20230801043110,2023-08-01 02:06:22,incois,2902182
incois/2902182/profiles/R2902182_292.nc,20230810212014.0,8.307,73.225,I,846,IN,20230811071645,2023-08-10 21:20:14,incois,2902182
incois/2902182/profiles/R2902182_293.nc,20230820180355.0,7.99,73.268,I,846,IN,20230820193540,2023-08-20 18:03:55,incois,2902182
incois/2902182/profiles/R2902182_294.nc,20230830131740.0,7.926,73.357,I,846,IN,20231128001539,2023-08-30 13:17:40,incois,2902182
incois/2902182/profiles/R2902182_295.nc,20230909085111.0,7.896,73.318,I,846,IN,20230909123116,2023-09-09 08:51:11,incois,2902182
incois/2902182/profiles/R2902182_296.nc,20230919033747.0,7.797,73.698,I,846,IN,20230919043413,2023-09-19 03:37:47,incois,2902182
incois/2902182/profiles/R2902182_297.nc,20230928233810.0,8.047,74.041,I,846,IN,20231208063234,2023-09-28 23:38:10,incois,2902182
incois/2902198/profiles/D2902198_214.nc,20220104011721.0,7.326,64.553,I,846,IN,20250519101853,2022-01-04 01:17:21,incois,2902198
incois/2902198/profiles/D2902198_215.nc,20220114010441.0,6.811,64.049,I,846,IN,20250519101853,2022-01-14 01:04:41,incois,2902198
incois/2902198/profiles/D2902198_216.nc,20220124005834.0,6.376,63.284,I,846,IN,20250519101854,2022-01-24 00:58:34,incois,2902198
incois/2902198/profiles/D2902198_217.nc,20220203002555.0,6.239,62.53,I,846,IN,20250519101854,2022-02-03 00:25:55,incois,2902198
incois/2902198/profiles/D2902198_218.nc,20220213003613.0,6.34,61.794,I,846,IN,20250519101855,2022-02-13 00:36:13,incois,2902198
incois/2902198/profiles/D2902198_219.nc,20220223002204.0,6.479,61.279,I,846,IN,20250519101855,2022-02-23 00:22:04,incois,2902198
incois/2902198/profiles/D2902198_220.nc,20220305000934.0,6.456,60.939,I,846,IN,20250519101856,2022-03-05 00:09:34,incois,2902198
incois/2902198/profiles/D2902198_221.nc,20220315011123.0,6.697,60.625,I,846,IN,20250519101856,2022-03-15 01:11:23,incois,2902198
incois/2902198/profiles/D2902198_222.nc,20220325011830.0,6.803,60.22,I,846,IN,20250519101857,2022-03-25 01:18:30,incois,2902198
incois/2902198/profiles/D2902198_223.nc,20220404004429.0,6.587,59.945,I,846,IN,20250519101857,2022-04-04 00:44:29,incois,2902198
incois/2902198/profiles/D2902198_224.nc,20220414010147.0,6.281,59.964,I,846,IN,20250519101858,2022-04-14 01:01:47,incois,2902198
incois/2902198/profiles/D2902198_225.nc,20220424004635.0,6.304,60.087,I,846,IN,20250519101858,2022-04-24 00:46:35,incois,2902198
incois/2902198/profiles/D2902198_226.nc,20220504003527.0,6.256,60.438,I,846,IN,20250519101859,2022-05-04 00:35:27,incois,2902198
incois/2902198/profiles/D2902198_227.nc,20220514002545.0,6.071,61.012,I,846,IN,20250519101859,2022-05-14 00:25:45,incois,2902198
incois/2902198/profiles/D2902198_228.nc,20220524001052.0,6.078,61.74,I,846,IN,20250519101900,2022-05-24 00:10:52,incois,2902198
incois/2902198/profiles/D2902198_229.nc,20220602235847.0,6.063,62.005,I,846,IN,20250519101900,2022-06-02 23:58:47,incois,2902198
incois/2902198/profiles/D2902198_230.nc,20220613011126.0,5.749,61.915,I,846,IN,20250519101901,2022-06-13 01:11:26,incois,2902198
incois/2902198/profiles/D2902198_231.nc,20220623010837.0,5.031,61.519,I,846,IN,20250519101901,2022-06-23 01:08:37,incois,2902198
incois/2902198/profiles/D2902198_235.nc,20220802002246.0,5.148,62.695,I,846,IN,20250519101903,2022-08-02 00:22:46,incois,2902198
incois/2902198/profiles/D2902198_236.nc,20220812001253.0,5.964,62.726,I,846,IN,20250519101903,2022-08-12 00:12:53,incois,2902198
incois/2902198/profiles/D2902198_237.nc,20220822000034.0,6.326,63.289,I,846,IN,20250519101904,2022-08-22 00:00:34,incois,2902198
incois/2902198/profiles/D2902198_238.nc,20220901000715.0,6.008,63.668,I,846,IN,20250519101904,2022-09-01 00:07:15,incois,2902198
incois/2902198/profiles/D2902198_239.nc,20220911003316.0,5.946,63.8,I,846,IN,20250519101905,2022-09-11 00:33:16,incois,2902198
incois/2902198/profiles/D2902198_240.nc,20220921005612.0,5.603,64.008,I,846,IN,20250519101905,2022-09-21 00:56:12,incois,2902198
incois/2902198/profiles/D2902198_241.nc,20221001005232.0,5.06,64.151,I,846,IN,20250519101906,2022-10-01 00:52:32,incois,2902198
incois/2902198/profiles/D2902198_242.nc,20221011003706.0,5.334,64.363,I,846,IN,20250519101906,2022-10-11 00:37:06,incois,2902198
incois/2902198/profiles/D2902198_243.nc,20221021002555.0,5.448,64.292,I,846,IN,20250519101906,2022-10-21 00:25:55,incois,2902198
incois/2902198/profiles/D2902198_244.nc,20221031001741.0,5.0,63.754,I,846,IN,20250519101907,2022-10-31 00:17:41,incois,2902198
incois/2902198/profiles/D2902198_257.nc,20230310004958.0,5.324,61.41,I,846,IN,20250519101912,2023-03-10 00:49:58,incois,2902198
incois/2902198/profiles/D2902198_258.nc,20230320003947.0,5.567,61.053,I,846,IN,20250519101913,2023-03-20 00:39:47,incois,2902198
incois/2902198/profiles/D2902198_259.nc,20230330002337.0,5.396,61.008,I,846,IN,20250519101913,2023-03-30 00:23:37,incois,2902198
incois/2902198/profiles/D2902198_260.nc,20230409001016.0,5.498,61.157,I,846,IN,20250519101913,2023-04-09 00:10:16,incois,2902198
incois/2902198/profiles/D2902198_261.nc,20230419012932.0,5.798,61.238,I,846,IN,20250519101914,2023-04-19 01:29:32,incois,2902198
incois/2902198/profiles/D2902198_262.nc,20230429012522.0,5.825,61.357,I,846,IN,20250519101914,2023-04-29 01:25:22,incois,2902198
incois/2902198/profiles/D2902198_263.nc,20230509010402.0,5.734,61.546,I,846,IN,20250519101915,2023-05-09 01:04:02,incois,2902198
incois/2902198/profiles/D2902198_264.nc,20230519005845.0,5.784,61.657,I,846,IN,20250519101915,2023-05-19 00:58:45,incois,2902198
incois/2902198/profiles/D2902198_265.nc,20230529004402.0,5.7,61.602,I,846,IN,20250519101916,2023-05-29 00:44:02,incois,2902198
incois/2902198/profiles/D2902198_266.nc,20230608002736.0,5.077,61.755,I,846,IN,20250519101916,2023-06-08 00:27:36,incois,2902198
incois/2902198/profiles/D2902198_268.nc,20230628012756.0,5.348,62.945,I,846,IN,20250519101917,2023-06-28 01:27:56,incois,2902198
incois/2902198/profiles/D2902198_269.nc,20230708012404.0,5.096,63.655,I,846,IN,20250519101917,2023-07-08 01:24:04,incois,2902198
incois/2902198/profiles/D2902198_276.nc,20230916002353.0,5.134,64.33,I,846,IN,20250519101920,2023-09-16 00:23:53,incois,2902198
incois/2902198/profiles/D2902198_279.nc,20231016001342.0,5.338,64.133,I,846,IN,20250519101922,2023-10-16 00:13:42,incois,2902198
incois/2902198/profiles/D2902198_280.nc,20231025235801.0,5.836,64.178,I,846,IN,20250519101922,2023-10-25 23:58:01,incois,2902198
incois/2902198/profiles/D2902198_281.nc,20231105001334.0,5.409,64.208,I,846,IN,20250519101922,2023-11-05 00:13:34,incois,2902198
incois/2902200/profiles/D2902200_215.nc,20220115004042.0,12.016,66.856,I,846,IN,20250527094215,2022-01-15 00:40:42,incois,2902200
incois/2902200/profiles/D2902200_216.nc,20220125002803.0,11.898,67.084,I,846,IN,20250527094216,2022-01-25 00:28:03,incois,2902200
incois/2902200/profiles/D2902200_220.nc,20220306002222.0,12.119,68.193,I,846,IN,20250527094217,2022-03-06 00:22:22,incois,2902200
incois/2902200/profiles/D2902200_221.nc,20220316005639.0,11.994,68.036,I,846,IN,20250527094218,2022-03-16 00:56:39,incois,2902200
incois/2902200/profiles/D2902200_222.nc,20220325235639.0,11.698,68.056,I,846,IN,20250527094218,2022-03-25 23:56:39,incois,2902200
incois/2902200/profiles/D2902200_227.nc,20220514235344.0,10.778,66.818,I,846,IN,20250527094220,2022-05-14 23:53:44,incois,2902200
incois/2902200/profiles/D2902200_259.nc,20230330235400.0,9.255,64.553,I,846,IN,20250527094232,2023-03-30 23:54:00,incois,2902200
incois/2902200/profiles/D2902200_260.nc,20230410011843.0,9.036,64.419,I,846,IN,20250527094233,2023-04-10 01:18:43,incois,2902200
incois/2902200/profiles/D2902200_261.nc,20230420005959.0,8.879,64.192,I,846,IN,20250527094233,2023-04-20 00:59:59,incois,2902200
incois/2902200/profiles/D2902200_262.nc,20230430005004.0,8.847,64.108,I,846,IN,20250527094234,2023-04-30 00:50:04,incois,2902200
incois/2902200/profiles/D2902200_264.nc,20230520002525.0,8.936,64.5,I,846,IN,20250527094234,2023-05-20 00:25:25,incois,2902200
incois/2902200/profiles/D2902200_265.nc,20230530001247.0,8.937,64.934,I,846,IN,20250527094235,2023-05-30 00:12:47,incois,2902200
incois/2902200/profiles/D2902200_266.nc,20230608235733.0,8.886,65.487,I,846,IN,20250527094235,2023-06-08 23:57:33,incois,2902200
incois/2902200/profiles/D2902200_267.nc,20230619011714.0,8.559,65.924,I,846,IN,20250527094236,2023-06-19 01:17:14,incois,2902200
incois/2902200/profiles/D2902200_268.nc,20230629010242.0,8.404,66.257,I,846,IN,20250527094236,2023-06-29 01:02:42,incois,2902200
incois/2902200/profiles/D2902200_269.nc,20230709005407.0,8.509,66.853,I,846,IN,20250527094236,2023-07-09 00:54:07,incois,2902200
incois/2902200/profiles/D2902200_270.nc,20230718232220.0,8.823,67.725,I,846,IN,20250527094237,2023-07-18 23:22:20,incois,2902200
incois/2902200/profiles/D2902200_272.nc,20230808000806.0,8.471,68.46,I,846,IN,20250527094238,2023-08-08 00:08:06,incois,2902200
incois/2902200/profiles/D2902200_273.nc,20230817235308.0,8.104,68.68,I,846,IN,20250527094238,2023-08-17 23:53:08,incois,2902200
incois/2902200/profiles/D2902200_274.nc,20230827234201.0,7.981,68.961,I,846,IN,20250527094238,2023-08-27 23:42:01,incois,2902200
incois/2902200/profiles/D2902200_275.nc,20230907001522.0,8.11,69.118,I,846,IN,20250527094239,2023-09-07 00:15:22,incois,2902200
incois/2902200/profiles/D2902200_276.nc,20230916235839.0,8.208,69.286,I,846,IN,20250527094239,2023-09-16 23:58:39,incois,2902200
incois/2902200/profiles/D2902200_277.nc,20230926234835.0,8.149,69.397,I,846,IN,20250527094240,2023-09-26 23:48:35,incois,2902200
incois/2902200/profiles/D2902200_278.nc,20231006233811.0,7.975,69.525,I,846,IN,20250527094240,2023-10-06 23:38:11,incois,2902200
incois/2902200/profiles/D2902200_280.nc,20231026231644.0,8.248,69.409,I,846,IN,20250527094241,2023-10-26 23:16:44,incois,2902200
incois/2902200/profiles/D2902200_281.nc,20231105234409.0,8.618,69.145,I,846,IN,20250527094241,2023-11-05 23:44:09,incois,2902200
incois/2902200/profiles/R2902200_214.nc,20220105005245.0,12.301,66.788,I,846,IN,20220118045336,2022-01-05 00:52:45,incois,2902200
incois/2902200/profiles/R2902200_217.nc,20220204001154.0,11.951,67.414,I,846,IN,20220207003012,2022-02-04 00:11:54,incois,2902200
incois/2902200/profiles/R2902200_218.nc,20220214000348.0,12.098,67.922,I,846,IN,20220217003011,2022-02-14 00:03:48,incois,2902200
incois/2902200/profiles/R2902200_219.nc,20220223234826.0,12.21,68.219,I,846,IN,20220227003012,2022-02-23 23:48:26,incois,2902200
incois/2902200/profiles/R2902200_223.nc,20220405002933.0,11.458,67.978,I,846,IN,20220408033310,2022-04-05 00:29:33,incois,2902200
incois/2902200/profiles/R2902200_224.nc,20220415002835.0,11.193,67.648,I,846,IN,20220418033015,2022-04-15 00:28:35,incois,2902200
incois/2902200/profiles/R2902200_225.nc,20220425001635.0,10.961,67.248,I,846,IN,20220428033015,2022-04-25 00:16:35,incois,2902200
incois/2902200/profiles/R2902200_226.nc,20220505000919.0,10.834,66.991,I,846,IN,20220505213309,2022-05-05 00:09:19,incois,2902200
incois/2902200/profiles/R2902200_228.nc,20220524234109.0,10.809,66.88,I,846,IN,20220607084057,2022-05-24 23:41:09,incois,2902200
incois/2902200/profiles/R2902200_229.nc,20220604002738.0,10.961,67.176,I,846,IN,20220607033017,2022-06-04 00:27:38,incois,2902200
incois/2902200/profiles/R2902200_230.nc,20220614005222.0,11.183,67.035,I,846,IN,20220617033018,2022-06-14 00:52:22,incois,2902200
incois/2902200/profiles/R2902200_231.nc,20220623235112.0,11.507,66.89,I,846,IN,20220627003018,2022-06-23 23:51:12,incois,2902200
incois/2902200/profiles/R2902200_232.nc,20220704002018.0,11.718,66.972,I,846,IN,20220707033017,2022-07-04 00:20:18,incois,2902200
incois/2902200/profiles/R2902200_233.nc,20220714001954.0,11.725,67.212,I,846,IN,20220717033016,2022-07-14 00:19:54,incois,2902200
incois/2902200/profiles/R2902200_234.nc,20220724000734.0,11.613,67.293,I,846,IN,20220727003017,2022-07-24 00:07:34,incois,2902200
incois/2902200/profiles/R2902200_235.nc,20220802235524.0,11.444,67.217,I,846,IN,20220806003012,2022-08-02 23:55:24,incois,2902200
incois/2902200/profiles/R2902200_236.nc,20220812234205.0,11.134,67.169,I,846,IN,20220816003012,2022-08-12 23:42:05,incois,2902200
incois/2902200/profiles/R2902200_237.nc,20220823005959.0,10.876,67.269,I,846,IN,20220826033012,2022-08-23 00:59:59,incois,2902200
incois/2902200/profiles/R2902200_238.nc,20220901235129.0,10.734,67.532,I,846,IN,20220905003013,2022-09-01 23:51:29,incois,2902200
incois/2902200/profiles/R2902200_239.nc,20220912001738.0,10.822,67.728,I,846,IN,20220915033012,2022-09-12 00:17:38,incois,2902200
incois/2902200/profiles/R2902200_240.nc,20220922003138.0,10.741,67.9,I,846,IN,20220925033014,2022-09-22 00:31:38,incois,2902200
incois/2902200/profiles/R2902200_241.nc,20221002002007.0,10.817,68.093,I,846,IN,20230106113318,2022-10-02 00:20:07,incois,2902200
incois/2902200/profiles/R2902200_242.nc,20221011235725.0,10.894,68.102,I,846,IN,20230106111850,2022-10-11 23:57:25,incois,2902200
incois/2902200/profiles/R2902200_243.nc,20221021235606.0,10.928,67.928,I,846,IN,20230106105304,2022-10-21 23:56:06,incois,2902200
incois/2902200/profiles/R2902200_244.nc,20221031234521.0,10.991,67.748,I,846,IN,20230106104736,2022-10-31 23:45:21,incois,2902200
incois/2902200/profiles/R2902200_245.nc,20221111010328.0,11.006,67.698,I,846,IN,20230109045836,2022-11-11 01:03:28,incois,2902200
incois/2902200/profiles/R2902200_246.nc,20221120234942.0,11.045,67.595,I,846,IN,20230109045221,2022-11-20 23:49:42,incois,2902200
incois/2902200/profiles/R2902200_247.nc,20221201000945.0,10.928,67.514,I,846,IN,20230109044106,2022-12-01 00:09:45,incois,2902200
incois/2902200/profiles/R2902200_248.nc,20221211002856.0,10.798,67.439,I,846,IN,20230109042935,2022-12-11 00:28:56,incois,2902200
incois/2902200/profiles/R2902200_249.nc,20221221002231.0,10.715,67.34,I,846,IN,20230109041548,2022-12-21 00:22:31,incois,2902200
incois/2902200/profiles/R2902200_250.nc,20221231001327.0,10.699,67.206,I,846,IN,20230109042257,2022-12-31 00:13:27,incois,2902200
incois/2902200/profiles/R2902200_251.nc,20230109235847.0,10.618,67.187,I,846,IN,20230113003012,2023-01-09 23:58:47,incois,2902200
incois/2902200/profiles/R2902200_252.nc,20230119234607.0,10.601,67.003,I,846,IN,20230123003012,2023-01-19 23:46:07,incois,2902200
incois/2902200/profiles/R2902200_253.nc,20230130001949.0,10.511,66.604,I,846,IN,20230202033012,2023-01-30 00:19:49,incois,2902200
incois/2902200/profiles/R2902200_254.nc,20230209003248.0,10.313,66.291,I,846,IN,20230212023013,2023-02-09 00:32:48,incois,2902200
incois/2902200/profiles/R2902200_255.nc,20230219005248.0,10.08,65.862,I,846,IN,20230222093330,2023-02-19 00:52:48,incois,2902200
incois/2902200/profiles/R2902200_256.nc,20230301003545.0,9.8,65.282,I,846,IN,20230304023013,2023-03-01 00:35:45,incois,2902200
incois/2902200/profiles/R2902200_257.nc,20230311001944.0,9.46,64.847,I,846,IN,20230314023013,2023-03-11 00:19:44,incois,2902200
incois/2902200/profiles/R2902200_258.nc,20230321000709.0,9.308,64.692,I,846,IN,20231130083913,2023-03-21 00:07:09,incois,2902200
incois/2902200/profiles/R2902200_263.nc,20230510004126.0,8.929,64.185,I,846,IN,20231130080824,2023-05-10 00:41:26,incois,2902200
incois/2902200/profiles/R2902200_271.nc,20230729054116.0,8.886,68.305,I,846,IN,20231128003954,2023-07-29 05:41:16,incois,2902200
incois/2902200/profiles/R2902200_279.nc,20231016233034.0,7.958,69.489,I,846,IN,20231127235228,2023-10-16 23:30:34,incois,2902200
incois/2902200/profiles/R2902200_282.nc,20231116003905.0,8.936,69.182,I,846,IN,20231127232048,2023-11-16 00:39:05,incois,2902200
incois/2902200/profiles/R2902200_283.nc,20231126002818.0,8.889,69.409,I,846,IN,20231129023013,2023-11-26 00:28:18,incois,2902200
incois/2902200/profiles/R2902200_284.nc,20231206001733.0,8.597,69.473,I,846,IN,20231209023013,2023-12-06 00:17:33,incois,2902200
incois/2902200/profiles/R2902200_285.nc,20231216000037.0,8.3,69.363,I,846,IN,20231219003013,2023-12-16 00:00:37,incois,2902200
incois/2902200/profiles/R2902200_286.nc,20231225235540.0,8.127,69.391,I,846,IN,20231229003013,2023-12-25 23:55:40,incois,2902200
incois/2902201/profiles/D2902201_223.nc,20220405130638.0,17.32,60.548,I,846,IN,20250527093447,2022-04-05 13:06:38,incois,2902201
incois/2902201/profiles/D2902201_225.nc,20220425124321.0,17.86,59.991,I,846,IN,20250527093447,2022-04-25 12:43:21,incois,2902201
incois/2902201/profiles/D2902201_226.nc,20220505123122.0,18.111,59.91,I,846,IN,20250527093448,2022-05-05 12:31:22,incois,2902201
incois/2902201/profiles/D2902201_227.nc,20220515124727.0,18.324,59.938,I,846,IN,20250527093448,2022-05-15 12:47:27,incois,2902201
incois/2902201/profiles/D2902201_228.nc,20220525131724.0,18.402,59.739,I,846,IN,20250527093449,2022-05-25 13:17:24,incois,2902201
incois/2902201/profiles/D2902201_231.nc,20220624130740.0,19.345,59.14,I,846,IN,20250527093450,2022-06-24 13:07:40,incois,2902201
incois/2902201/profiles/D2902201_234.nc,20220724123302.0,19.891,59.871,I,846,IN,20250527093451,2022-07-24 12:33:02,incois,2902201
incois/2902201/profiles/D2902201_236.nc,20220813134539.0,18.358,60.056,I,846,IN,20250527093452,2022-08-13 13:45:39,incois,2902201
incois/2902201/profiles/D2902201_237.nc,20220823124525.0,18.369,60.472,I,846,IN,20250527093452,2022-08-23 12:45:25,incois,2902201
incois/2902201/profiles/D2902201_238.nc,20220902131141.0,18.983,60.571,I,846,IN,20250527093452,2022-09-02 13:11:41,incois,2902201
incois/2902201/profiles/D2902201_239.nc,20220912131340.0,19.853,60.548,I,846,IN,20250527093453,2022-09-12 13:13:40,incois,2902201
incois/2902201/profiles/D2902201_240.nc,20220922125934.0,20.457,60.872,I,846,IN,20250527093453,2022-09-22 12:59:34,incois,2902201
incois/2902201/profiles/D2902201_241.nc,20221002124637.0,20.31,61.209,I,846,IN,20250527093454,2022-10-02 12:46:37,incois,2902201
incois/2902201/profiles/D2902201_242.nc,20221012123405.0,19.606,61.3,I,846,IN,20250527093454,2022-10-12 12:34:05,incois,2902201
incois/2902201/profiles/D2902201_243.nc,20221022133852.0,18.744,60.742,I,846,IN,20250527093454,2022-10-22 13:38:52,incois,2902201
incois/2902201/profiles/D2902201_244.nc,20221101134936.0,18.088,60.242,I,846,IN,20250527093455,2022-11-01 13:49:36,incois,2902201
incois/2902201/profiles/D2902201_247.nc,20221201131139.0,18.051,60.119,I,846,IN,20250527093456,2022-12-01 13:11:39,incois,2902201
incois/2902201/profiles/D2902201_248.nc,20221211125912.0,18.452,59.57,I,846,IN,20250527093456,2022-12-11 12:59:12,incois,2902201
incois/2902201/profiles/D2902201_249.nc,20221221124520.0,18.593,59.134,I,846,IN,20250527093457,2022-12-21 12:45:20,incois,2902201
incois/2902201/profiles/D2902201_250.nc,20221231123610.0,18.577,59.312,I,846,IN,20250527093457,2022-12-31 12:36:10,incois,2902201
incois/2902201/profiles/D2902201_253.nc,20230130133729.0,17.87,60.568,I,846,IN,20250527093458,2023-01-30 13:37:29,incois,2902201
incois/2902201/profiles/D2902201_254.nc,20230209145151.0,17.734,60.316,I,846,IN,20250527093459,2023-02-09 14:51:51,incois,2902201
incois/2902201/profiles/D2902201_255.nc,20230219131054.0,17.531,60.137,I,846,IN,20250527093459,2023-02-19 13:10:54,incois,2902201
incois/2902201/profiles/D2902201_256.nc,20230301124009.0,17.342,60.118,I,846,IN,20250527093500,2023-03-01 12:40:09,incois,2902201
incois/2902201/profiles/D2902201_258.nc,20230321123233.0,17.929,60.124,I,846,IN,20250527093500,2023-03-21 12:32:33,incois,2902201
incois/2902201/profiles/D2902201_259.nc,20230331121918.0,18.596,60.029,I,846,IN,20250527093501,2023-03-31 12:19:18,incois,2902201
incois/2902201/profiles/D2902201_260.nc,20230410130537.0,19.018,60.165,I,846,IN,20250527093501,2023-04-10 13:05:37,incois,2902201
incois/2902201/profiles/D2902201_261.nc,20230420130845.0,18.789,60.14,I,846,IN,20250527093502,2023-04-20 13:08:45,incois,2902201
incois/2902201/profiles/D2902201_262.nc,20230430130940.0,18.363,59.988,I,846,IN,20250527093502,2023-04-30 13:09:40,incois,2902201
incois/2902201/profiles/D2902201_263.nc,20230510130709.0,17.924,59.999,I,846,IN,20250527093502,2023-05-10 13:07:09,incois,2902201
incois/2902201/profiles/D2902201_264.nc,20230520124914.0,17.626,60.204,I,846,IN,20250527093503,2023-05-20 12:49:14,incois,2902201
incois/2902201/profiles/D2902201_265.nc,20230530123756.0,17.488,60.547,I,846,IN,20250527093503,2023-05-30 12:37:56,incois,2902201
incois/2902201/profiles/D2902201_266.nc,20230609130615.0,17.777,60.838,I,846,IN,20250527093503,2023-06-09 13:06:15,incois,2902201
incois/2902201/profiles/D2902201_267.nc,20230619130253.0,18.189,61.165,I,846,IN,20250527093504,2023-06-19 13:02:53,incois,2902201
incois/2902201/profiles/D2902201_268.nc,20230629125808.0,17.9,61.522,I,846,IN,20250527093504,2023-06-29 12:58:08,incois,2902201
incois/2902201/profiles/D2902201_269.nc,20230709125258.0,17.461,61.394,I,846,IN,20250527093505,2023-07-09 12:52:58,incois,2902201
incois/2902201/profiles/D2902201_270.nc,20230719124609.0,17.044,61.253,I,846,IN,20250527093505,2023-07-19 12:46:09,incois,2902201
incois/2902201/profiles/D2902201_271.nc,20230729114746.0,16.784,61.463,I,846,IN,20250527093505,2023-07-29 11:47:46,incois,2902201
incois/2902201/profiles/D2902201_272.nc,20230808123919.0,16.569,61.934,I,846,IN,20250527093506,2023-08-08 12:39:19,incois,2902201
incois/2902201/profiles/D2902201_273.nc,20230818122535.0,16.624,62.241,I,846,IN,20250527093506,2023-08-18 12:25:35,incois,2902201
incois/2902201/profiles/D2902201_274.nc,20230828134601.0,16.817,62.478,I,846,IN,20250527093507,2023-08-28 13:46:01,incois,2902201
incois/2902201/profiles/D2902201_275.nc,20230907123902.0,16.814,62.797,I,846,IN,20250527093507,2023-09-07 12:39:02,incois,2902201
incois/2902201/profiles/D2902201_276.nc,20230917123453.0,16.659,63.012,I,846,IN,20250527093507,2023-09-17 12:34:53,incois,2902201
incois/2902201/profiles/D2902201_277.nc,20230927122426.0,16.803,63.336,I,846,IN,20250527093508,2023-09-27 12:24:26,incois,2902201
incois/2902201/profiles/D2902201_278.nc,20231007125327.0,17.173,63.374,I,846,IN,20250527093508,2023-10-07 12:53:27,incois,2902201
incois/2902201/profiles/D2902201_280.nc,20231027135047.0,17.935,63.77,I,846,IN,20250527093509,2023-10-27 13:50:47,incois,2902201
incois/2902201/profiles/D2902201_281.nc,20231106120849.0,17.739,64.238,I,846,IN,20250527093509,2023-11-06 12:08:49,incois,2902201
incois/2902201/profiles/D2902201_285.nc,20231216123625.0,16.636,63.522,I,846,IN,20250527093511,2023-12-16 12:36:25,incois,2902201
incois/2902201/profiles/D2902201_286.nc,20231226122706.0,16.337,63.299,I,846,IN,20250527093511,2023-12-26 12:27:06,incois,2902201
incois/2902201/profiles/R2902201_214.nc,20220105131726.0,17.024,60.204,I,846,IN,20220608082708,2022-01-05 13:17:26,incois,2902201
incois/2902201/profiles/R2902201_215.nc,20220115130540.0,16.944,60.384,I,846,IN,20220608082736,2022-01-15 13:05:40,incois,2902201
incois/2902201/profiles/R2902201_216.nc,20220125125100.0,16.964,60.657,I,846,IN,20220608082806,2022-01-25 12:51:00,incois,2902201
incois/2902201/profiles/R2902201_217.nc,20220204124224.0,16.87,60.876,I,846,IN,20220608082835,2022-02-04 12:42:24,incois,2902201
incois/2902201/profiles/R2902201_218.nc,20220214123045.0,16.618,60.926,I,846,IN,20220608082905,2022-02-14 12:30:45,incois,2902201
incois/2902201/profiles/R2902201_219.nc,20220224121824.0,16.57,60.834,I,846,IN,20220608082935,2022-02-24 12:18:24,incois,2902201
incois/2902201/profiles/R2902201_220.nc,20220306134013.0,16.772,60.802,I,846,IN,20220608083004,2022-03-06 13:40:13,incois,2902201
incois/2902201/profiles/R2902201_221.nc,20220316124219.0,16.956,60.724,I,846,IN,20220608083032,2022-03-16 12:42:19,incois,2902201
incois/2902201/profiles/R2902201_222.nc,20220326131631.0,17.193,60.699,I,846,IN,20220613090001,2022-03-26 13:16:31,incois,2902201
incois/2902201/profiles/R2902201_224.nc,20220415124756.0,17.498,60.268,I,846,IN,20220608083157,2022-04-15 12:47:56,incois,2902201
incois/2902201/profiles/R2902201_229.nc,20220604133214.0,18.524,59.446,I,846,IN,20220607153018,2022-06-04 13:32:14,incois,2902201
incois/2902201/profiles/R2902201_230.nc,20220614124055.0,18.894,59.168,I,846,IN,20220617153019,2022-06-14 12:40:55,incois,2902201
incois/2902201/profiles/R2902201_232.nc,20220704125605.0,19.931,59.369,I,846,IN,20220707153017,2022-07-04 12:56:05,incois,2902201
incois/2902201/profiles/R2902201_233.nc,20220714124146.0,20.271,59.797,I,846,IN,20220717153016,2022-07-14 12:41:46,incois,2902201
incois/2902201/profiles/R2902201_235.nc,20220803132624.0,19.189,59.826,I,846,IN,20220806153012,2022-08-03 13:26:24,incois,2902201
incois/2902201/profiles/R2902201_245.nc,20221111125001.0,17.689,60.166,I,846,IN,20221114153013,2022-11-11 12:50:01,incois,2902201
incois/2902201/profiles/R2902201_246.nc,20221121130857.0,17.671,60.319,I,846,IN,20221124153012,2022-11-21 13:08:57,incois,2902201
incois/2902201/profiles/R2902201_251.nc,20230110122437.0,18.294,60.016,I,846,IN,20230113153012,2023-01-10 12:24:37,incois,2902201
incois/2902201/profiles/R2902201_252.nc,20230120132246.0,17.993,60.519,I,846,IN,20230123153013,2023-01-20 13:22:46,incois,2902201
incois/2902201/profiles/R2902201_257.nc,20230311124449.0,17.501,60.228,I,846,IN,20230314153014,2023-03-11 12:44:49,incois,2902201
incois/2902201/profiles/R2902201_279.nc,20231017120309.0,17.475,63.465,I,846,IN,20231127235214,2023-10-17 12:03:09,incois,2902201
incois/2902201/profiles/R2902201_282.nc,20231116130406.0,17.573,64.265,I,846,IN,20231127232101,2023-11-16 13:04:06,incois,2902201
incois/2902201/profiles/R2902201_283.nc,20231126124629.0,17.395,64.073,I,846,IN,20231201045601,2023-11-26 12:46:29,incois,2902201
incois/2902201/profiles/R2902201_284.nc,20231206130526.0,17.06,63.783,I,846,IN,20231209153013,2023-12-06 13:05:26,incois,2902201
incois/2902203/profiles/D2902203_214.nc,20220106142603.0,16.668,67.016,I,846,IN,20250611081417,2022-01-06 14:26:03,incois,2902203
incois/2902203/profiles/D2902203_215.nc,20220116141447.0,16.592,66.947,I,846,IN,20250611081418,2022-01-16 14:14:47,incois,2902203
incois/2902203/profiles/D2902203_216.nc,20220126130629.0,16.597,66.855,I,846,IN,20250611081418,2022-01-26 13:06:29,incois,2902203
incois/2902203/profiles/D2902203_217.nc,20220205131505.0,16.547,66.746,I,846,IN,20250611081418,2022-02-05 13:15:05,incois,2902203
incois/2902203/profiles/D2902203_218.nc,20220215141306.0,16.633,66.647,I,846,IN,20250611081419,2022-02-15 14:13:06,incois,2902203
incois/2902203/profiles/D2902203_219.nc,20220225140917.0,16.789,66.452,I,846,IN,20250611081419,2022-02-25 14:09:17,incois,2902203
incois/2902203/profiles/D2902203_220.nc,20220307131353.0,16.841,66.599,I,846,IN,20250611081419,2022-03-07 13:13:53,incois,2902203
incois/2902203/profiles/D2902203_221.nc,20220317144124.0,16.934,66.874,I,846,IN,20250611081420,2022-03-17 14:41:24,incois,2902203
incois/2902203/profiles/D2902203_222.nc,20220327124802.0,16.984,67.158,I,846,IN,20250611081420,2022-03-27 12:48:02,incois,2902203
incois/2902203/profiles/D2902203_223.nc,20220406141749.0,16.803,67.284,I,846,IN,20250611081420,2022-04-06 14:17:49,incois,2902203
incois/2902203/profiles/D2902203_224.nc,20220416144146.0,16.551,66.996,I,846,IN,20250611081421,2022-04-16 14:41:46,incois,2902203
incois/2902203/profiles/D2902203_225.nc,20220426143734.0,15.995,66.417,I,846,IN,20250611081421,2022-04-26 14:37:34,incois,2902203
incois/2902203/profiles/D2902203_227.nc,20220516133023.0,15.194,66.299,I,846,IN,20250611081421,2022-05-16 13:30:23,incois,2902203
incois/2902203/profiles/D2902203_228.nc,20220526130151.0,15.4,66.567,I,846,IN,20250611081421,2022-05-26 13:01:51,incois,2902203
incois/2902203/profiles/D2902203_229.nc,20220605144621.0,15.386,66.835,I,846,IN,20250611081422,2022-06-05 14:46:21,incois,2902203
incois/2902203/profiles/D2902203_230.nc,20220615142259.0,15.085,67.121,I,846,IN,20250611081422,2022-06-15 14:22:59,incois,2902203
incois/2902203/profiles/D2902203_231.nc,20220625141709.0,14.985,67.358,I,846,IN,20250611081422,2022-06-25 14:17:09,incois,2902203
incois/2902203/profiles/D2902203_232.nc,20220705140525.0,15.014,67.598,I,846,IN,20250611081423,2022-07-05 14:05:25,incois,2902203
incois/2902203/profiles/D2902203_233.nc,20220715144630.0,15.156,67.807,I,846,IN,20250611081423,2022-07-15 14:46:30,incois,2902203
incois/2902203/profiles/D2902203_234.nc,20220725124622.0,15.369,67.921,I,846,IN,20250611081423,2022-07-25 12:46:22,incois,2902203
incois/2902203/profiles/D2902203_235.nc,20220804144905.0,15.551,68.063,I,846,IN,20250611081424,2022-08-04 14:49:05,incois,2902203
incois/2902203/profiles/D2902203_236.nc,20220814131858.0,15.76,68.273,I,846,IN,20250611081424,2022-08-14 13:18:58,incois,2902203
incois/2902203/profiles/D2902203_237.nc,20220824150502.0,15.748,68.442,I,846,IN,20250611081424,2022-08-24 15:05:02,incois,2902203
incois/2902203/profiles/D2902203_238.nc,20220903125626.0,15.737,68.545,I,846,IN,20250611081425,2022-09-03 12:56:26,incois,2902203
incois/2902203/profiles/D2902203_239.nc,20220913142240.0,15.643,68.725,I,846,IN,20250611081425,2022-09-13 14:22:40,incois,2902203
incois/2902203/profiles/D2902203_240.nc,20220923141007.0,15.435,68.833,I,846,IN,20250611081425,2022-09-23 14:10:07,incois,2902203
incois/2902203/profiles/D2902203_241.nc,20221003135331.0,15.263,68.963,I,846,IN,20250611081426,2022-10-03 13:53:31,incois,2902203
incois/2902203/profiles/D2902203_242.nc,20221013143334.0,15.121,69.246,I,846,IN,20250611081426,2022-10-13 14:33:34,incois,2902203
incois/2902203/profiles/D2902203_243.nc,20221023142005.0,15.121,69.545,I,846,IN,20250611081426,2022-10-23 14:20:05,incois,2902203
incois/2902203/profiles/D2902203_244.nc,20221102144613.0,15.266,69.669,I,846,IN,20250611081427,2022-11-02 14:46:13,incois,2902203
incois/2902203/profiles/D2902203_245.nc,20221112140636.0,15.508,69.724,I,846,IN,20250611081427,2022-11-12 14:06:36,incois,2902203
incois/2902203/profiles/D2902203_246.nc,20221122142711.0,15.685,69.711,I,846,IN,20250611081427,2022-11-22 14:27:11,incois,2902203
incois/2902203/profiles/D2902203_247.nc,20221202142451.0,15.723,69.841,I,846,IN,20250611081428,2022-12-02 14:24:51,incois,2902203
incois/2902203/profiles/D2902203_248.nc,20221212131712.0,15.595,69.965,I,846,IN,20250611081428,2022-12-12 13:17:12,incois,2902203
incois/2902203/profiles/D2902203_249.nc,20221222145210.0,15.432,69.968,I,846,IN,20250611081428,2022-12-22 14:52:10,incois,2902203
incois/2902203/profiles/D2902203_250.nc,20230101140851.0,15.193,69.944,I,846,IN,20250611081429,2023-01-01 14:08:51,incois,2902203
incois/2902203/profiles/D2902203_251.nc,20230111142412.0,14.924,69.749,I,846,IN,20250611081429,2023-01-11 14:24:12,incois,2902203
incois/2902203/profiles/D2902203_252.nc,20230121152738.0,14.678,69.351,I,846,IN,20250611081429,2023-01-21 15:27:38,incois,2902203
incois/2902203/profiles/D2902203_253.nc,20230131134705.0,14.672,68.919,I,846,IN,20250611081430,2023-01-31 13:47:05,incois,2902203
incois/2902203/profiles/D2902203_254.nc,20230210143152.0,14.719,68.583,I,846,IN,20250611081430,2023-02-10 14:31:52,incois,2902203
incois/2902203/profiles/D2902203_255.nc,20230220133842.0,14.669,68.352,I,846,IN,20250611081430,2023-02-20 13:38:42,incois,2902203
incois/2902203/profiles/D2902203_256.nc,20230302142017.0,14.53,68.134,I,846,IN,20250611081430,2023-03-02 14:20:17,incois,2902203
incois/2902203/profiles/D2902203_257.nc,20230312133106.0,14.435,67.923,I,846,IN,20250611081431,2023-03-12 13:31:06,incois,2902203
incois/2902203/profiles/D2902203_258.nc,20230322152135.0,14.354,67.76,I,846,IN,20250611081431,2023-03-22 15:21:35,incois,2902203
incois/2902203/profiles/D2902203_259.nc,20230401132125.0,14.226,67.781,I,846,IN,20250611081432,2023-04-01 13:21:25,incois,2902203
incois/2902203/profiles/D2902203_260.nc,20230411131333.0,14.188,67.756,I,846,IN,20250611081432,2023-04-11 13:13:33,incois,2902203
incois/2902203/profiles/D2902203_261.nc,20230421142059.0,14.245,67.55,I,846,IN,20250611081432,2023-04-21 14:20:59,incois,2902203
incois/2902203/profiles/D2902203_262.nc,20230501142739.0,14.229,67.251,I,846,IN,20250611081432,2023-05-01 14:27:39,incois,2902203
incois/2902203/profiles/D2902203_263.nc,20230511141312.0,14.28,67.004,I,846,IN,20250611074006,2023-05-11 14:13:12,incois,2902203
incois/2902203/profiles/D2902203_264.nc,20230521142546.0,14.295,66.741,I,846,IN,20250611081433,2023-05-21 14:25:46,incois,2902203
incois/2902203/profiles/D2902203_265.nc,20230531142348.0,14.361,66.415,I,846,IN,20250611081433,2023-05-31 14:23:48,incois,2902203
incois/2902203/profiles/D2902203_266.nc,20230610142410.0,14.379,66.27,I,846,IN,20250611081434,2023-06-10 14:24:10,incois,2902203
incois/2902203/profiles/D2902203_267.nc,20230620131931.0,14.359,66.22,I,846,IN,20250611081434,2023-06-20 13:19:31,incois,2902203
incois/2902203/profiles/D2902203_268.nc,20230630132506.0,14.445,66.314,I,846,IN,20250611081434,2023-06-30 13:25:06,incois,2902203
incois/2902203/profiles/D2902203_269.nc,20230710143102.0,14.607,66.351,I,846,IN,20250611081435,2023-07-10 14:31:02,incois,2902203
incois/2902203/profiles/D2902203_270.nc,20230720125731.0,14.652,66.44,I,846,IN,20250611074009,2023-07-20 12:57:31,incois,2902203
incois/2902203/profiles/D2902203_271.nc,20230730135358.0,14.68,66.525,I,846,IN,20250611074009,2023-07-30 13:53:58,incois,2902203
incois/2902203/profiles/D2902203_272.nc,20230809141416.0,14.941,66.372,I,846,IN,20250611074009,2023-08-09 14:14:16,incois,2902203
incois/2902203/profiles/D2902203_273.nc,20230819134803.0,15.32,66.222,I,846,IN,20250611074010,2023-08-19 13:48:03,incois,2902203
incois/2902203/profiles/D2902203_274.nc,20230829143134.0,15.546,66.192,I,846,IN,20250611081436,2023-08-29 14:31:34,incois,2902203
incois/2902203/profiles/D2902203_275.nc,20230908130618.0,15.615,66.165,I,846,IN,20250611081437,2023-09-08 13:06:18,incois,2902203
incois/2902203/profiles/D2902203_276.nc,20230918142407.0,15.689,66.24,I,846,IN,20250611081437,2023-09-18 14:24:07,incois,2902203
incois/2902203/profiles/D2902203_277.nc,20230928125000.0,15.659,66.295,I,846,IN,20250611074011,2023-09-28 12:50:00,incois,2902203
incois/2902203/profiles/D2902203_278.nc,20231008152115.0,15.711,66.247,I,846,IN,20250611074011,2023-10-08 15:21:15,incois,2902203
incois/2902203/profiles/D2902203_279.nc,20231018125517.0,15.644,66.253,I,846,IN,20250611074011,2023-10-18 12:55:17,incois,2902203
incois/2902203/profiles/D2902203_280.nc,20231028143946.0,15.686,66.316,I,846,IN,20250611074012,2023-10-28 14:39:46,incois,2902203
incois/2902203/profiles/D2902203_281.nc,20231107131007.0,15.907,66.271,I,846,IN,20250611074012,2023-11-07 13:10:07,incois,2902203
incois/2902203/profiles/D2902203_282.nc,20231117144148.0,16.055,66.245,I,846,IN,20250611074012,2023-11-17 14:41:48,incois,2902203
incois/2902203/profiles/D2902203_283.nc,20231127135228.0,16.119,66.429,I,846,IN,20250611074013,2023-11-27 13:52:28,incois,2902203
incois/2902203/profiles/D2902203_284.nc,20231207145736.0,16.202,66.525,I,846,IN,20250611074013,2023-12-07 14:57:36,incois,2902203
incois/2902203/profiles/D2902203_285.nc,20231217133637.0,16.188,66.492,I,846,IN,20250611074013,2023-12-17 13:36:37,incois,2902203
incois/2902203/profiles/D2902203_286.nc,20231227145822.0,16.023,66.609,I,846,IN,20250611081440,2023-12-27 14:58:22,incois,2902203
incois/2902206/profiles/D2902206_213.nc,20220101071027.0,14.684,67.709,I,846,IN,20250531111236,2022-01-01 07:10:27,incois,2902206
incois/2902206/profiles/D2902206_214.nc,20220111065613.0,14.08,67.772,I,846,IN,20250531111236,2022-01-11 06:56:13,incois,2902206
incois/2902206/profiles/D2902206_215.nc,20220121060059.0,13.632,67.817,I,846,IN,20250531111236,2022-01-21 06:00:59,incois,2902206
incois/2902206/profiles/D2902206_216.nc,20220131064922.0,13.392,67.844,I,846,IN,20250531111237,2022-01-31 06:49:22,incois,2902206
incois/2902206/profiles/D2902206_217.nc,20220210115941.0,13.489,67.87,I,846,IN,20250531111237,2022-02-10 11:59:41,incois,2902206
incois/2902206/profiles/D2902206_218.nc,20220220071753.0,13.642,67.763,I,846,IN,20250531111237,2022-02-20 07:17:53,incois,2902206
incois/2902206/profiles/D2902206_219.nc,20220302070051.0,13.721,67.565,I,846,IN,20250531111238,2022-03-02 07:00:51,incois,2902206
incois/2902206/profiles/D2902206_220.nc,20220312121020.0,13.634,67.456,I,846,IN,20250531111238,2022-03-12 12:10:20,incois,2902206
incois/2902206/profiles/D2902206_221.nc,20220322120634.0,13.44,67.336,I,846,IN,20250531111238,2022-03-22 12:06:34,incois,2902206
incois/2902206/profiles/D2902206_222.nc,20220401061137.0,13.204,67.244,I,846,IN,20250531111239,2022-04-01 06:11:37,incois,2902206
incois/2902206/profiles/D2902206_223.nc,20220411072158.0,13.29,67.047,I,846,IN,20250531111239,2022-04-11 07:21:58,incois,2902206
incois/2902206/profiles/D2902206_224.nc,20220421060105.0,13.106,67.134,I,846,IN,20250531111239,2022-04-21 06:01:05,incois,2902206
incois/2902206/profiles/D2902206_225.nc,20220501055411.0,12.638,67.252,I,846,IN,20250531111240,2022-05-01 05:54:11,incois,2902206
incois/2902206/profiles/D2902206_226.nc,20220511121747.0,12.081,67.409,I,846,IN,20250531111240,2022-05-11 12:17:47,incois,2902206
incois/2902206/profiles/D2902206_227.nc,20220521054007.0,12.047,67.54,I,846,IN,20250531111240,2022-05-21 05:40:07,incois,2902206
incois/2902206/profiles/D2902206_228.nc,20220531072559.0,12.49,67.577,I,846,IN,20250531111240,2022-05-31 07:25:59,incois,2902206
incois/2902206/profiles/D2902206_229.nc,20220610060358.0,13.022,67.746,I,846,IN,20250531111241,2022-06-10 06:03:58,incois,2902206
incois/2902206/profiles/D2902206_230.nc,20220620115630.0,13.443,68.062,I,846,IN,20250531111241,2022-06-20 11:56:30,incois,2902206
incois/2902206/profiles/D2902206_231.nc,20220630054928.0,13.649,68.166,I,846,IN,20250531111241,2022-06-30 05:49:28,incois,2902206
incois/2902206/profiles/D2902206_232.nc,20220710060630.0,13.853,68.317,I,846,IN,20250531111242,2022-07-10 06:06:30,incois,2902206
incois/2902206/profiles/D2902206_233.nc,20220720123004.0,13.926,68.563,I,846,IN,20250531111242,2022-07-20 12:30:04,incois,2902206
incois/2902206/profiles/D2902206_234.nc,20220730053024.0,13.966,68.698,I,846,IN,20250531111242,2022-07-30 05:30:24,incois,2902206
incois/2902206/profiles/D2902206_235.nc,20220809123438.0,14.135,68.977,I,846,IN,20250531111243,2022-08-09 12:34:38,incois,2902206
incois/2902206/profiles/D2902206_236.nc,20220819052151.0,14.48,69.2,I,846,IN,20250531111243,2022-08-19 05:21:51,incois,2902206
incois/2902206/profiles/D2902206_237.nc,20220829120908.0,14.771,69.695,I,846,IN,20250531111243,2022-08-29 12:09:08,incois,2902206
incois/2902206/profiles/D2902206_238.nc,20220908133720.0,14.602,70.221,I,846,IN,20250531111244,2022-09-08 13:37:20,incois,2902206
incois/2902206/profiles/D2902206_239.nc,20220918114500.0,14.12,70.391,I,846,IN,20250531111244,2022-09-18 11:45:00,incois,2902206
incois/2902206/profiles/D2902206_240.nc,20220928122438.0,13.656,70.133,I,846,IN,20250531111244,2022-09-28 12:24:38,incois,2902206
incois/2902206/profiles/D2902206_241.nc,20221008063216.0,13.346,69.884,I,846,IN,20250531111245,2022-10-08 06:32:16,incois,2902206
incois/2902206/profiles/D2902206_242.nc,20221018124712.0,13.237,69.874,I,846,IN,20250531111245,2022-10-18 12:47:12,incois,2902206
incois/2902206/profiles/D2902206_243.nc,20221028120008.0,13.572,69.969,I,846,IN,20250531111245,2022-10-28 12:00:08,incois,2902206
incois/2902206/profiles/D2902206_244.nc,20221107071146.0,13.924,70.168,I,846,IN,20250531111246,2022-11-07 07:11:46,incois,2902206
incois/2902206/profiles/D2902206_245.nc,20221117055614.0,14.043,70.379,I,846,IN,20250531111246,2022-11-17 05:56:14,incois,2902206
incois/2902206/profiles/D2902206_246.nc,20221127115936.0,13.528,70.539,I,846,IN,20250531111246,2022-11-27 11:59:36,incois,2902206
incois/2902206/profiles/D2902206_247.nc,20221207054336.0,13.004,70.621,I,846,IN,20250531111247,2022-12-07 05:43:36,incois,2902206
incois/2902206/profiles/D2902206_248.nc,20221217113517.0,12.957,70.772,I,846,IN,20250531111247,2022-12-17 11:35:17,incois,2902206
incois/2902206/profiles/D2902206_249.nc,20221227062300.0,13.057,70.858,I,846,IN,20250531111247,2022-12-27 06:23:00,incois,2902206
incois/2902206/profiles/D2902206_250.nc,20230106124224.0,13.272,70.898,I,846,IN,20250531111248,2023-01-06 12:42:24,incois,2902206
incois/2902206/profiles/D2902206_251.nc,20230116061312.0,13.494,71.072,I,846,IN,20250531111248,2023-01-16 06:13:12,incois,2902206
incois/2902206/profiles/D2902206_252.nc,20230126122434.0,13.56,71.3,I,846,IN,20250531111248,2023-01-26 12:24:34,incois,2902206
incois/2902206/profiles/D2902206_253.nc,20230205115355.0,13.548,71.385,I,846,IN,20250531111249,2023-02-05 11:53:55,incois,2902206
incois/2902206/profiles/D2902206_254.nc,20230215070505.0,13.341,71.275,I,846,IN,20250531111249,2023-02-15 07:05:05,incois,2902206
incois/2902206/profiles/D2902206_255.nc,20230225054554.0,13.15,71.0,I,846,IN,20250531111249,2023-02-25 05:45:54,incois,2902206
incois/2902206/profiles/D2902206_256.nc,20230307053942.0,13.043,70.722,I,846,IN,20250531111250,2023-03-07 05:39:42,incois,2902206
incois/2902206/profiles/D2902206_257.nc,20230317060015.0,12.818,70.43,I,846,IN,20250531111250,2023-03-17 06:00:15,incois,2902206
incois/2902206/profiles/D2902206_258.nc,20230327124219.0,12.484,70.17,I,846,IN,20250531111250,2023-03-27 12:42:19,incois,2902206
incois/2902206/profiles/D2902206_259.nc,20230406052454.0,12.29,70.068,I,846,IN,20250531111251,2023-04-06 05:24:54,incois,2902206
incois/2902206/profiles/D2902206_260.nc,20230416063850.0,12.218,70.03,I,846,IN,20250531111251,2023-04-16 06:38:50,incois,2902206
incois/2902206/profiles/D2902206_261.nc,20230426120631.0,12.14,70.124,I,846,IN,20250531111251,2023-04-26 12:06:31,incois,2902206
incois/2902206/profiles/D2902206_262.nc,20230506073757.0,12.024,70.222,I,846,IN,20250531111252,2023-05-06 07:37:57,incois,2902206
incois/2902206/profiles/D2902206_263.nc,20230516062604.0,12.0,70.282,I,846,IN,20250531111252,2023-05-16 06:26:04,incois,2902206
incois/2902206/profiles/D2902206_264.nc,20230526125059.0,12.077,70.335,I,846,IN,20250531111252,2023-05-26 12:50:59,incois,2902206
incois/2902206/profiles/D2902206_265.nc,20230605061609.0,12.166,70.363,I,846,IN,20250531111253,2023-06-05 06:16:09,incois,2902206
incois/2902206/profiles/D2902206_266.nc,20230615123746.0,12.165,70.487,I,846,IN,20250531111253,2023-06-15 12:37:46,incois,2902206
incois/2902206/profiles/D2902206_267.nc,20230625060302.0,12.245,70.496,I,846,IN,20250531111253,2023-06-25 06:03:02,incois,2902206
incois/2902206/profiles/D2902206_268.nc,20230705053321.0,12.419,70.475,I,846,IN,20250531111254,2023-07-05 05:33:21,incois,2902206
incois/2902206/profiles/D2902206_269.nc,20230715074838.0,12.489,70.432,I,846,IN,20250531111254,2023-07-15 07:48:38,incois,2902206
incois/2902206/profiles/D2902206_270.nc,20230725082655.0,12.913,70.354,I,846,IN,20250531111254,2023-07-25 08:26:55,incois,2902206
incois/2902206/profiles/D2902206_271.nc,20230804055834.0,13.44,70.293,I,846,IN,20250531111255,2023-08-04 05:58:34,incois,2902206
incois/2902206/profiles/D2902206_272.nc,20230814072102.0,13.892,70.409,I,846,IN,20250531111255,2023-08-14 07:21:02,incois,2902206
incois/2902206/profiles/D2902206_273.nc,20230824070631.0,13.967,70.606,I,846,IN,20250531111255,2023-08-24 07:06:31,incois,2902206
incois/2902206/profiles/D2902206_274.nc,20230903060109.0,13.557,70.633,I,846,IN,20250531111256,2023-09-03 06:01:09,incois,2902206
incois/2902206/profiles/D2902206_275.nc,20230913082259.0,13.171,70.479,I,846,IN,20250531111256,2023-09-13 08:22:59,incois,2902206
incois/2902206/profiles/D2902206_276.nc,20230923054437.0,12.949,70.475,I,846,IN,20250531111256,2023-09-23 05:44:37,incois,2902206
incois/2902206/profiles/D2902206_277.nc,20231003070915.0,13.012,70.555,I,846,IN,20250531111257,2023-10-03 07:09:15,incois,2902206
incois/2902206/profiles/D2902206_278.nc,20231013062127.0,13.25,70.591,I,846,IN,20250531111257,2023-10-13 06:21:27,incois,2902206
incois/2902206/profiles/D2902206_279.nc,20231023073832.0,13.429,70.534,I,846,IN,20250531111257,2023-10-23 07:38:32,incois,2902206
incois/2902206/profiles/D2902206_280.nc,20231102054822.0,13.344,70.465,I,846,IN,20250531111257,2023-11-02 05:48:22,incois,2902206
incois/2902206/profiles/D2902206_281.nc,20231112071618.0,12.913,70.501,I,846,IN,20250531111258,2023-11-12 07:16:18,incois,2902206
incois/2902206/profiles/D2902206_282.nc,20231122055902.0,12.407,70.582,I,846,IN,20250531111258,2023-11-22 05:59:02,incois,2902206
incois/2902206/profiles/D2902206_283.nc,20231202055207.0,12.072,70.547,I,846,IN,20250531111258,2023-12-02 05:52:07,incois,2902206
incois/2902206/profiles/D2902206_284.nc,20231212113726.0,11.841,70.494,I,846,IN,20250531111259,2023-12-12 11:37:26,incois,2902206
incois/2902206/profiles/D2902206_285.nc,20231222061853.0,11.728,70.582,I,846,IN,20250531111259,2023-12-22 06:18:53,incois,2902206
incois/2902209/profiles/D2902209_197.nc,20220104093606.0,7.91,51.194,I,846,IN,20250528064922,2022-01-04 09:36:06,incois,2902209
incois/2902209/profiles/D2902209_198.nc,20220114032555.0,7.861,53.173,I,846,IN,20250528064922,2022-01-14 03:25:55,incois,2902209
incois/2902209/profiles/D2902209_199.nc,20220123224524.0,7.611,54.008,I,846,IN,20250528064923,2022-01-23 22:45:24,incois,2902209
incois/2902209/profiles/D2902209_200.nc,20220202163600.0,7.895,54.454,I,846,IN,20250528064923,2022-02-02 16:36:00,incois,2902209
incois/2902209/profiles/D2902209_201.nc,20220212131813.0,8.951,54.412,I,846,IN,20250528064924,2022-02-12 13:18:13,incois,2902209
incois/2902209/profiles/D2902209_202.nc,20220222085505.0,9.231,54.466,I,846,IN,20250528064924,2022-02-22 08:55:05,incois,2902209
incois/2902209/profiles/D2902209_203.nc,20220304042005.0,9.266,54.395,I,846,IN,20250528064925,2022-03-04 04:20:05,incois,2902209
incois/2902209/profiles/D2902209_204.nc,20220313222451.0,8.996,54.394,I,846,IN,20250528064925,2022-03-13 22:24:51,incois,2902209
incois/2902209/profiles/D2902209_205.nc,20220323163653.0,8.568,54.445,I,846,IN,20250528064926,2022-03-23 16:36:53,incois,2902209
incois/2902209/profiles/D2902209_206.nc,20220402104351.0,8.432,54.714,I,846,IN,20250528064926,2022-04-02 10:43:51,incois,2902209
incois/2902209/profiles/D2902209_207.nc,20220412052757.0,8.867,55.34,I,846,IN,20250528064927,2022-04-12 05:27:57,incois,2902209
incois/2902209/profiles/D2902209_208.nc,20220422012339.0,9.215,55.444,I,846,IN,20250528064928,2022-04-22 01:23:39,incois,2902209
incois/2902209/profiles/D2902209_209.nc,20220501213315.0,9.188,55.361,I,846,IN,20250528064928,2022-05-01 21:33:15,incois,2902209
incois/2902209/profiles/D2902209_210.nc,20220511163052.0,8.997,55.076,I,846,IN,20250528064929,2022-05-11 16:30:52,incois,2902209
incois/2902209/profiles/D2902209_211.nc,20220521125949.0,8.658,54.534,I,846,IN,20250528064929,2022-05-21 12:59:49,incois,2902209
incois/2902209/profiles/D2902209_212.nc,20220531083516.0,8.438,53.932,I,846,IN,20250528064930,2022-05-31 08:35:16,incois,2902209
incois/2902209/profiles/D2902209_214.nc,20220620015325.0,9.069,52.902,I,846,IN,20250528064931,2022-06-20 01:53:25,incois,2902209
incois/2902209/profiles/D2902209_215.nc,20220629233548.0,9.814,52.346,I,846,IN,20250528064932,2022-06-29 23:35:48,incois,2902209
incois/2902209/profiles/D2902209_222.nc,20220906173355.0,15.361,57.422,I,846,IN,20250528064936,2022-09-06 17:33:55,incois,2902209
incois/2902209/profiles/D2902209_223.nc,20220916135537.0,16.019,57.546,I,846,IN,20250528064937,2022-09-16 13:55:37,incois,2902209
incois/2902209/profiles/D2902209_231.nc,20221204060231.0,15.781,56.683,I,846,IN,20250528064941,2022-12-04 06:02:31,incois,2902209
incois/2902209/profiles/D2902209_233.nc,20221223200322.0,14.873,57.654,I,846,IN,20250528064942,2022-12-23 20:03:22,incois,2902209
incois/2902209/profiles/D2902209_238.nc,20230210211835.0,16.215,56.929,I,846,IN,20250528064945,2023-02-10 21:18:35,incois,2902209
incois/2902209/profiles/D2902209_239.nc,20230220161335.0,16.167,56.256,I,846,IN,20250528064945,2023-02-20 16:13:35,incois,2902209
incois/2902209/profiles/D2902209_240.nc,20230302125155.0,16.5,55.853,I,846,IN,20250528064946,2023-03-02 12:51:55,incois,2902209
incois/2902209/profiles/D2902209_241.nc,20230312072303.0,16.984,56.033,I,846,IN,20250528064946,2023-03-12 07:23:03,incois,2902209
incois/2902209/profiles/D2902209_242.nc,20230322032651.0,16.899,57.056,I,846,IN,20250528064947,2023-03-22 03:26:51,incois,2902209
incois/2902209/profiles/D2902209_243.nc,20230331230620.0,16.002,57.591,I,846,IN,20250528064947,2023-03-31 23:06:20,incois,2902209
incois/2902209/profiles/D2902209_244.nc,20230410190843.0,15.417,57.485,I,846,IN,20250528064948,2023-04-10 19:08:43,incois,2902209
incois/2902209/profiles/D2902209_245.nc,20230420150911.0,15.257,57.175,I,846,IN,20250528064949,2023-04-20 15:09:11,incois,2902209
incois/2902209/profiles/D2902209_246.nc,20230430112531.0,15.456,57.162,I,846,IN,20250528064949,2023-04-30 11:25:31,incois,2902209
incois/2902209/profiles/D2902209_247.nc,20230510060715.0,15.937,57.276,I,846,IN,20250528064950,2023-05-10 06:07:15,incois,2902209
incois/2902209/profiles/D2902209_248.nc,20230520005635.0,16.305,57.213,I,846,IN,20250528064950,2023-05-20 00:56:35,incois,2902209
incois/2902209/profiles/D2902209_249.nc,20230529211321.0,16.29,57.094,I,846,IN,20250528064951,2023-05-29 21:13:21,incois,2902209
incois/2902209/profiles/D2902209_250.nc,20230608165646.0,16.237,56.617,I,846,IN,20250528064951,2023-06-08 16:56:46,incois,2902209
incois/2902209/profiles/D2902209_251.nc,20230618150402.0,16.642,55.966,I,846,IN,20250528064952,2023-06-18 15:04:02,incois,2902209
incois/2902209/profiles/D2902209_252.nc,20230628125115.0,16.85,56.222,I,846,IN,20250528064953,2023-06-28 12:51:15,incois,2902209
incois/2902209/profiles/D2902209_253.nc,20230708080512.0,17.026,56.662,I,846,IN,20250528064953,2023-07-08 08:05:12,incois,2902209
incois/2902209/profiles/R2902209_213.nc,20220610060318.0,8.469,53.409,I,846,IN,20230106112852,2022-06-10 06:03:18,incois,2902209
incois/2902209/profiles/R2902209_216.nc,20220709191306.0,10.943,52.596,I,846,IN,20220714034817,2022-07-09 19:13:06,incois,2902209
incois/2902209/profiles/R2902209_217.nc,20220719143816.0,12.059,54.259,I,846,IN,20220720073134,2022-07-19 14:38:16,incois,2902209
incois/2902209/profiles/R2902209_218.nc,20220729102524.0,12.455,55.24,I,846,IN,20220801043120,2022-07-29 10:25:24,incois,2902209
incois/2902209/profiles/R2902209_219.nc,20220808055303.0,13.854,56.164,I,846,IN,20220813003319,2022-08-08 05:53:03,incois,2902209
incois/2902209/profiles/R2902209_220.nc,20220818004602.0,14.916,57.192,I,846,IN,20220819071355,2022-08-18 00:46:02,incois,2902209
incois/2902209/profiles/R2902209_221.nc,20220827221531.0,15.334,56.839,I,846,IN,20220902004430,2022-08-27 22:15:31,incois,2902209
incois/2902209/profiles/R2902209_224.nc,20220926084529.0,15.574,57.44,I,846,IN,20230106113848,2022-09-26 08:45:29,incois,2902209
incois/2902209/profiles/R2902209_225.nc,20221006050851.0,14.927,57.522,I,846,IN,20230106110437,2022-10-06 05:08:51,incois,2902209
incois/2902209/profiles/R2902209_226.nc,20221016023100.0,14.871,57.624,I,846,IN,20230106110754,2022-10-16 02:31:00,incois,2902209
incois/2902209/profiles/R2902209_227.nc,20221025232744.0,15.18,57.201,I,846,IN,20230106105002,2022-10-25 23:27:44,incois,2902209
incois/2902209/profiles/R2902209_228.nc,20221104180249.0,15.531,56.669,I,846,IN,20230109050611,2022-11-04 18:02:49,incois,2902209
incois/2902209/profiles/R2902209_229.nc,20221114143030.0,15.828,56.512,I,846,IN,20230109045758,2022-11-14 14:30:30,incois,2902209
incois/2902209/profiles/R2902209_230.nc,20221124093741.0,15.928,56.567,I,846,IN,20230109044751,2022-11-24 09:37:41,incois,2902209
incois/2902209/profiles/R2902209_232.nc,20221214005018.0,15.31,57.04,I,846,IN,20230109042748,2022-12-14 00:50:18,incois,2902209
incois/2902209/profiles/R2902209_234.nc,20230102161643.0,15.308,57.967,I,846,IN,20230106052524,2023-01-02 16:16:43,incois,2902209
incois/2902209/profiles/R2902209_235.nc,20230112111248.0,16.228,57.793,I,846,IN,20230117032726,2023-01-12 11:12:48,incois,2902209
incois/2902209/profiles/R2902209_236.nc,20230122071141.0,16.637,57.563,I,846,IN,20230123031944,2023-01-22 07:11:41,incois,2902209
incois/2902209/profiles/R2902209_237.nc,20230201025821.0,16.515,57.408,I,846,IN,20240111103829,2023-02-01 02:58:21,incois,2902209
incois/2902210/profiles/R2902210_243.nc,20220102230328.0,19.877,67.2,I,846,IN,20220607054651,2022-01-02 23:03:28,incois,2902210
incois/2902210/profiles/R2902210_244.nc,20220112224843.0,20.025,67.143,I,846,IN,20220607054818,2022-01-12 22:48:43,incois,2902210
incois/2902210/profiles/R2902210_245.nc,20220122215016.0,19.993,67.178,I,846,IN,20221004143328,2022-01-22 21:50:16,incois,2902210
incois/2902210/profiles/R2902210_246.nc,20220201225137.0,19.77,67.249,I,846,IN,20220607055112,2022-02-01 22:51:37,incois,2902210
incois/2902210/profiles/R2902210_247.nc,20220211214244.0,19.368,67.237,I,846,IN,20221004144747,2022-02-11 21:42:44,incois,2902210
incois/2902210/profiles/R2902210_248.nc,20220221224629.0,18.828,67.044,I,846,IN,20220607055401,2022-02-21 22:46:29,incois,2902210
incois/2902210/profiles/R2902210_249.nc,20220303215638.0,18.282,66.834,I,846,IN,20221004145944,2022-03-03 21:56:38,incois,2902210
incois/2902210/profiles/R2902210_250.nc,20220313224933.0,18.011,66.734,I,846,IN,20220613082533,2022-03-13 22:49:33,incois,2902210
incois/2902210/profiles/R2902210_251.nc,20220323213114.0,17.925,67.037,I,846,IN,20221004152134,2022-03-23 21:31:14,incois,2902210
incois/2902210/profiles/R2902210_252.nc,20220402230125.0,17.933,67.538,I,846,IN,20220613084201,2022-04-02 23:01:25,incois,2902210
incois/2902210/profiles/R2902210_253.nc,20220412212833.0,18.104,67.792,I,846,IN,20221004154010,2022-04-12 21:28:33,incois,2902210
incois/2902210/profiles/R2902210_254.nc,20220422225807.0,18.264,67.886,I,846,IN,20220607060229,2022-04-22 22:58:07,incois,2902210
incois/2902210/profiles/R2902210_255.nc,20220502213953.0,18.356,67.863,I,846,IN,20221004155205,2022-05-02 21:39:53,incois,2902210
incois/2902210/profiles/R2902210_256.nc,20220512230229.0,18.405,67.686,I,846,IN,20220607060518,2022-05-12 23:02:29,incois,2902210
incois/2902210/profiles/R2902210_257.nc,20220522215709.0,18.448,67.467,I,846,IN,20221004160850,2022-05-22 21:57:09,incois,2902210
incois/2902210/profiles/R2902210_258.nc,20220601221025.0,18.558,67.324,I,846,IN,20221004162403,2022-06-01 22:10:25,incois,2902210
incois/2902210/profiles/R2902210_259.nc,20220611230806.0,18.624,67.223,I,846,IN,20220701071329,2022-06-11 23:08:06,incois,2902210
incois/2902210/profiles/R2902210_260.nc,20220621222704.0,18.751,67.153,I,846,IN,20221004164050,2022-06-21 22:27:04,incois,2902210
incois/2902210/profiles/R2902210_262.nc,20220711215420.0,19.304,66.927,I,846,IN,20220714035611,2022-07-11 21:54:20,incois,2902210
incois/2902210/profiles/R2902210_263.nc,20220721230552.0,19.582,66.724,I,846,IN,20220724003727,2022-07-21 23:05:52,incois,2902210
incois/2902210/profiles/R2902210_264.nc,20220731215215.0,19.758,66.689,I,846,IN,20220801044459,2022-07-31 21:52:15,incois,2902210
incois/2902210/profiles/R2902210_265.nc,20220810230458.0,19.765,66.61,I,846,IN,20220812061151,2022-08-10 23:04:58,incois,2902210
incois/2902211/profiles/R2902211_230.nc,20220102220759.0,18.273,62.498,I,846,IN,20230227091842,2022-01-02 22:07:59,incois,2902211
incois/2902211/profiles/R2902211_231.nc,20220112223903.0,18.411,61.923,I,846,IN,20230227091958,2022-01-12 22:39:03,incois,2902211
incois/2902211/profiles/R2902211_232.nc,20220122213150.0,18.543,61.354,I,846,IN,20230227092114,2022-01-22 21:31:50,incois,2902211
incois/2902211/profiles/R2902211_233.nc,20220201230259.0,18.556,60.924,I,846,IN,20230227092231,2022-02-01 23:02:59,incois,2902211
incois/2902211/profiles/R2902211_234.nc,20220211211231.0,18.618,60.411,I,846,IN,20230227092348,2022-02-11 21:12:31,incois,2902211
incois/2902211/profiles/R2902211_235.nc,20220221225359.0,18.83,59.994,I,846,IN,20230227092503,2022-02-21 22:53:59,incois,2902211
incois/2902211/profiles/R2902211_236.nc,20220303213648.0,18.842,60.152,I,846,IN,20230227092618,2022-03-03 21:36:48,incois,2902211
incois/2902211/profiles/R2902211_237.nc,20220313225249.0,18.485,60.062,I,846,IN,20230227092733,2022-03-13 22:52:49,incois,2902211
incois/2902211/profiles/R2902211_238.nc,20220323211618.0,18.412,59.604,I,846,IN,20230227092851,2022-03-23 21:16:18,incois,2902211
incois/2902211/profiles/R2902211_239.nc,20220402225519.0,18.616,59.447,I,846,IN,20230227093007,2022-04-02 22:55:19,incois,2902211
incois/2902211/profiles/R2902211_240.nc,20220412214343.0,18.438,59.55,I,846,IN,20230227093113,2022-04-12 21:43:43,incois,2902211
incois/2902211/profiles/R2902211_241.nc,20220422231858.0,18.439,59.49,I,846,IN,20230227093231,2022-04-22 23:18:58,incois,2902211
incois/2902211/profiles/R2902211_242.nc,20220502214046.0,18.66,59.65,I,846,IN,20230227093348,2022-05-02 21:40:46,incois,2902211
incois/2902211/profiles/R2902211_243.nc,20220512231724.0,19.073,60.138,I,846,IN,20230227093455,2022-05-12 23:17:24,incois,2902211
incois/2902211/profiles/R2902211_244.nc,20220522213105.0,19.789,60.709,I,846,IN,20230227093612,2022-05-22 21:31:05,incois,2902211
incois/2902211/profiles/R2902211_245.nc,20220601230425.0,20.344,61.023,I,846,IN,20230227093730,2022-06-01 23:04:25,incois,2902211
incois/2902211/profiles/R2902211_246.nc,20220611213757.0,20.404,61.245,I,846,IN,20230227093846,2022-06-11 21:37:57,incois,2902211
incois/2902211/profiles/R2902211_247.nc,20220621232637.0,20.538,61.006,I,846,IN,20230227094002,2022-06-21 23:26:37,incois,2902211
incois/2902211/profiles/R2902211_248.nc,20220701214749.0,20.512,60.978,I,846,IN,20230227094119,2022-07-01 21:47:49,incois,2902211
incois/2902211/profiles/R2902211_249.nc,20220711230817.0,20.461,60.763,I,846,IN,20230227094236,2022-07-11 23:08:17,incois,2902211
incois/2902211/profiles/R2902211_250.nc,20220721213240.0,20.357,60.405,I,846,IN,20230227094353,2022-07-21 21:32:40,incois,2902211
incois/2902211/profiles/R2902211_251.nc,20220731230919.0,20.205,60.045,I,846,IN,20230227094510,2022-07-31 23:09:19,incois,2902211
incois/2902211/profiles/R2902211_252.nc,20220810213539.0,19.717,59.55,I,846,IN,20230227094627,2022-08-10 21:35:39,incois,2902211
incois/2902211/profiles/R2902211_253.nc,20220820232124.0,18.871,59.034,I,846,IN,20230227094742,2022-08-20 23:21:24,incois,2902211
incois/2902211/profiles/R2902211_254.nc,20220830213852.0,18.284,59.611,I,846,IN,20230227094858,2022-08-30 21:38:52,incois,2902211
incois/2902211/profiles/R2902211_255.nc,20220909230912.0,18.988,60.22,I,846,IN,20230227095014,2022-09-09 23:09:12,incois,2902211
incois/2902211/profiles/R2902211_256.nc,20220919214551.0,19.489,59.707,I,846,IN,20230227095131,2022-09-19 21:45:51,incois,2902211
incois/2902211/profiles/R2902211_257.nc,20220929230711.0,20.107,60.018,I,846,IN,20230227095248,2022-09-29 23:07:11,incois,2902211
incois/2902211/profiles/R2902211_258.nc,20221009214841.0,20.83,60.321,I,846,IN,20230227095403,2022-10-09 21:48:41,incois,2902211
incois/2902211/profiles/R2902211_259.nc,20221019231008.0,21.083,60.937,I,846,IN,20230227095519,2022-10-19 23:10:08,incois,2902211
incois/2902211/profiles/R2902211_260.nc,20221029214844.0,21.13,61.313,I,846,IN,20230227095635,2022-10-29 21:48:44,incois,2902211
incois/2902211/profiles/R2902211_261.nc,20221108225319.0,21.206,61.453,I,846,IN,20230227095751,2022-11-08 22:53:19,incois,2902211
incois/2902211/profiles/R2902211_262.nc,20221118213237.0,21.427,61.265,I,846,IN,20230227095907,2022-11-18 21:32:37,incois,2902211
incois/2902211/profiles/R2902211_263.nc,20221128230058.0,21.62,61.225,I,846,IN,20230227100023,2022-11-28 23:00:58,incois,2902211
incois/2902211/profiles/R2902211_264.nc,20221208213359.0,21.408,61.226,I,846,IN,20230227100138,2022-12-08 21:33:59,incois,2902211
incois/2902216/profiles/R2902216_242.nc,20230614033854.0,5.52,81.842,I,846,IN,20230614093426,2023-06-14 03:38:54,incois,2902216
incois/2902216/profiles/R2902216_246.nc,20230724023357.0,5.063,82.124,I,846,IN,20230724093428,2023-07-24 02:33:57,incois,2902216
incois/2902259/profiles/D2902259_143.nc,20220106235059.0,11.678,66.433,I,844,IN,20250508130408,2022-01-06 23:50:59,incois,2902259
incois/2902259/profiles/D2902259_144.nc,20220116233843.0,11.495,66.607,I,844,IN,20250508130409,2022-01-16 23:38:43,incois,2902259
incois/2902259/profiles/D2902259_256.nc,20220126165131.0,11.377,66.837,I,844,IN,20250508130409,2022-01-26 16:51:31,incois,2902259
incois/2902262/profiles/D2902262_143.nc,20220107174959.0,9.429,62.021,I,844,IN,20250508112600,2022-01-07 17:49:59,incois,2902262
incois/2902262/profiles/D2902262_144.nc,20220117181000.0,9.298,62.449,I,844,IN,20250508112600,2022-01-17 18:10:00,incois,2902262
incois/2902262/profiles/D2902262_256.nc,20220127155821.0,9.078,62.576,I,844,IN,20250508112600,2022-01-27 15:58:21,incois,2902262
incois/2902263/profiles/R2902263_235.nc,20220103172700.0,16.345,62.285,I,836,IN,20260701150301,2022-01-03 17:27:00,incois,2902263
incois/2902263/profiles/R2902263_236.nc,20220113172400.0,16.072,62.532,I,836,IN,20260701150302,2022-01-13 17:24:00,incois,2902263
incois/2902263/profiles/R2902263_237.nc,20220123172100.0,15.778,62.681,I,836,IN,20260701150302,2022-01-23 17:21:00,incois,2902263
incois/2902263/profiles/R2902263_238.nc,20220202170700.0,15.868,62.893,I,836,IN,20260701150303,2022-02-02 17:07:00,incois,2902263
incois/2902263/profiles/R2902263_239.nc,20220212172200.0,16.406,62.997,I,836,IN,20260701150303,2022-02-12 17:22:00,incois,2902263
incois/2902263/profiles/R2902263_240.nc,20220222171900.0,16.883,62.915,I,836,IN,20260701150303,2022-02-22 17:19:00,incois,2902263
incois/2902263/profiles/R2902263_241.nc,20220304171700.0,17.07,62.867,I,836,IN,20260701150303,2022-03-04 17:17:00,incois,2902263
incois/2902263/profiles/R2902263_242.nc,20220314172400.0,17.324,62.877,I,836,IN,20260701150304,2022-03-14 17:24:00,incois,2902263
incois/2902263/profiles/R2902263_243.nc,20220324172800.0,17.483,63.002,I,836,IN,20260701150304,2022-03-24 17:28:00,incois,2902263
incois/2902263/profiles/R2902263_244.nc,20220403172700.0,17.499,63.02,I,836,IN,20260701150304,2022-04-03 17:27:00,incois,2902263
incois/2902263/profiles/R2902263_245.nc,20220413172300.0,17.33,63.033,I,836,IN,20260701150305,2022-04-13 17:23:00,incois,2902263
incois/2902263/profiles/R2902263_246.nc,20220423171700.0,16.983,63.111,I,836,IN,20260701150305,2022-04-23 17:17:00,incois,2902263
incois/2902263/profiles/R2902263_247.nc,20220503172000.0,16.736,63.421,I,836,IN,20260701150305,2022-05-03 17:20:00,incois,2902263
incois/2902263/profiles/R2902263_248.nc,20220513172900.0,16.652,63.705,I,836,IN,20260701150305,2022-05-13 17:29:00,incois,2902263
incois/2902263/profiles/R2902263_249.nc,20220523172800.0,16.75,63.978,I,836,IN,20260701150306,2022-05-23 17:28:00,incois,2902263
incois/2902263/profiles/R2902263_250.nc,20220602173100.0,16.709,64.207,I,836,IN,20260701150306,2022-06-02 17:31:00,incois,2902263
incois/2902263/profiles/R2902263_251.nc,20220612173100.0,16.597,64.175,I,836,IN,20260701150306,2022-06-12 17:31:00,incois,2902263
incois/2902263/profiles/R2902263_252.nc,20220622171800.0,16.437,63.907,I,836,IN,20260701150306,2022-06-22 17:18:00,incois,2902263
incois/2902263/profiles/R2902263_253.nc,20220702171800.0,16.144,63.564,I,836,IN,20260701150307,2022-07-02 17:18:00,incois,2902263
incois/2902263/profiles/R2902263_254.nc,20220712172400.0,15.964,63.564,I,836,IN,20260701150307,2022-07-12 17:24:00,incois,2902263
incois/2902263/profiles/R2902263_255.nc,20220722172700.0,16.19,63.754,I,836,IN,20260701150307,2022-07-22 17:27:00,incois,2902263
incois/2902263/profiles/R2902263_256.nc,20220801172000.0,16.445,63.779,I,836,IN,20260701150308,2022-08-01 17:20:00,incois,2902263
incois/2902263/profiles/R2902263_257.nc,20220811172500.0,16.704,63.729,I,836,IN,20260701150308,2022-08-11 17:25:00,incois,2902263
incois/2902263/profiles/R2902263_258.nc,20220821172800.0,16.828,63.735,I,836,IN,20260701150308,2022-08-21 17:28:00,incois,2902263
incois/2902263/profiles/R2902263_259.nc,20220831172100.0,16.848,64.091,I,836,IN,20260701150309,2022-08-31 17:21:00,incois,2902263
incois/2902263/profiles/R2902263_260.nc,20220910173300.0,16.777,64.48,I,836,IN,20260701150309,2022-09-10 17:33:00,incois,2902263
incois/2902263/profiles/R2902263_261.nc,20220920172700.0,16.755,64.849,I,836,IN,20260701150309,2022-09-20 17:27:00,incois,2902263
incois/2902263/profiles/R2902263_262.nc,20220930171300.0,16.597,65.007,I,836,IN,20260701150309,2022-09-30 17:13:00,incois,2902263
incois/2902263/profiles/R2902263_263.nc,20221010172500.0,16.356,64.951,I,836,IN,20260701150310,2022-10-10 17:25:00,incois,2902263
incois/2902263/profiles/R2902263_264.nc,20221020172200.0,16.14,64.876,I,836,IN,20260701150310,2022-10-20 17:22:00,incois,2902263
incois/2902263/profiles/R2902263_265.nc,20221030172300.0,15.838,64.853,I,836,IN,20260701150310,2022-10-30 17:23:00,incois,2902263
incois/2902263/profiles/R2902263_266.nc,20221109171700.0,15.834,64.678,I,836,IN,20260701150311,2022-11-09 17:17:00,incois,2902263
incois/2902263/profiles/R2902263_267.nc,20221119172300.0,15.852,64.469,I,836,IN,20260701150311,2022-11-19 17:23:00,incois,2902263
incois/2902263/profiles/R2902263_268.nc,20221129172200.0,15.832,64.448,I,836,IN,20260701150311,2022-11-29 17:22:00,incois,2902263
incois/2902263/profiles/R2902263_269.nc,20221209172200.0,15.858,64.471,I,836,IN,20260701150311,2022-12-09 17:22:00,incois,2902263
incois/2902263/profiles/R2902263_270.nc,20221219172700.0,16.271,64.36,I,836,IN,20260701150312,2022-12-19 17:27:00,incois,2902263
incois/2902263/profiles/R2902263_271.nc,20221229172700.0,16.542,64.276,I,836,IN,20260701150312,2022-12-29 17:27:00,incois,2902263
incois/2902263/profiles/R2902263_272.nc,20230108172700.0,16.63,64.193,I,836,IN,20260701150312,2023-01-08 17:27:00,incois,2902263
incois/2902263/profiles/R2902263_273.nc,20230118172000.0,16.798,64.108,I,836,IN,20260701150312,2023-01-18 17:20:00,incois,2902263
incois/2902263/profiles/R2902263_274.nc,20230128172500.0,16.965,63.98,I,836,IN,20260701150313,2023-01-28 17:25:00,incois,2902263
incois/2902263/profiles/R2902263_275.nc,20230207173400.0,17.203,63.676,I,836,IN,20260701150313,2023-02-07 17:34:00,incois,2902263
incois/2902263/profiles/R2902263_276.nc,20230217172600.0,17.343,63.351,I,836,IN,20260701150313,2023-02-17 17:26:00,incois,2902263
incois/2902263/profiles/R2902263_277.nc,20230227171000.0,17.416,63.063,I,836,IN,20260701150314,2023-02-27 17:10:00,incois,2902263
incois/2902263/profiles/R2902263_278.nc,20230309172000.0,17.478,62.799,I,836,IN,20260701150314,2023-03-09 17:20:00,incois,2902263
incois/2902263/profiles/R2902263_279.nc,20230319172000.0,17.461,62.7,I,836,IN,20260701150314,2023-03-19 17:20:00,incois,2902263
incois/2902263/profiles/R2902263_280.nc,20230329171500.0,17.431,62.75,I,836,IN,20260701150314,2023-03-29 17:15:00,incois,2902263
incois/2902263/profiles/R2902263_281.nc,20230408172000.0,17.486,62.872,I,836,IN,20260701150315,2023-04-08 17:20:00,incois,2902263
incois/2902263/profiles/R2902263_282.nc,20230418171700.0,17.806,62.997,I,836,IN,20260701150315,2023-04-18 17:17:00,incois,2902263
incois/2902263/profiles/R2902263_283.nc,20230428173900.0,18.241,63.22,I,836,IN,20260701150315,2023-04-28 17:39:00,incois,2902263
incois/2902263/profiles/R2902263_284.nc,20230508172800.0,18.285,63.663,I,836,IN,20260701150315,2023-05-08 17:28:00,incois,2902263
incois/2902263/profiles/R2902263_285.nc,20230518172600.0,17.924,63.818,I,836,IN,20260701150316,2023-05-18 17:26:00,incois,2902263
incois/2902263/profiles/R2902263_286.nc,20230528171900.0,17.526,63.624,I,836,IN,20260701150316,2023-05-28 17:19:00,incois,2902263
incois/2902263/profiles/R2902263_287.nc,20230607171900.0,17.054,63.436,I,836,IN,20260701150316,2023-06-07 17:19:00,incois,2902263
incois/2902263/profiles/R2902263_288.nc,20230617173500.0,16.658,63.446,I,836,IN,20260701150316,2023-06-17 17:35:00,incois,2902263
incois/2902263/profiles/R2902263_289.nc,20230627172600.0,16.532,63.61,I,836,IN,20260701150317,2023-06-27 17:26:00,incois,2902263
incois/2902263/profiles/R2902263_290.nc,20230707172700.0,16.654,63.861,I,836,IN,20260701150317,2023-07-07 17:27:00,incois,2902263
incois/2902263/profiles/R2902263_291.nc,20230717171600.0,16.872,63.886,I,836,IN,20260701163116,2023-07-17 17:16:00,incois,2902263
incois/2902263/profiles/R2902263_292.nc,20230727171600.0,16.987,63.895,I,836,IN,20260701150317,2023-07-27 17:16:00,incois,2902263
incois/2902263/profiles/R2902263_293.nc,20230806172700.0,17.021,63.899,I,836,IN,20260701150318,2023-08-06 17:27:00,incois,2902263
incois/2902263/profiles/R2902263_294.nc,20230816172600.0,17.025,64.002,I,836,IN,20260701150318,2023-08-16 17:26:00,incois,2902263
incois/2902263/profiles/R2902263_295.nc,20230826171600.0,16.733,64.083,I,836,IN,20260701150318,2023-08-26 17:16:00,incois,2902263
incois/2902263/profiles/R2902263_296.nc,20230905172800.0,16.478,64.091,I,836,IN,20260701150318,2023-09-05 17:28:00,incois,2902263
incois/2902263/profiles/R2902263_297.nc,20230915172800.0,16.406,64.053,I,836,IN,20260701150319,2023-09-15 17:28:00,incois,2902263
incois/2902263/profiles/R2902263_298.nc,20230925172600.0,16.418,64.001,I,836,IN,20260701150319,2023-09-25 17:26:00,incois,2902263
incois/2902263/profiles/R2902263_299.nc,20231005172000.0,16.142,63.919,I,836,IN,20260701150319,2023-10-05 17:20:00,incois,2902263
incois/2902263/profiles/R2902263_300.nc,20231015172200.0,16.039,63.741,I,836,IN,20260701150320,2023-10-15 17:22:00,incois,2902263
incois/2902263/profiles/R2902263_301.nc,20231025172100.0,16.111,63.469,I,836,IN,20260701150320,2023-10-25 17:21:00,incois,2902263
incois/2902263/profiles/R2902263_302.nc,20231104172100.0,16.09,63.242,I,836,IN,20260701150320,2023-11-04 17:21:00,incois,2902263
incois/2902263/profiles/R2902263_303.nc,20231114173000.0,15.912,63.066,I,836,IN,20260701150320,2023-11-14 17:30:00,incois,2902263
incois/2902263/profiles/R2902263_304.nc,20231124173000.0,15.757,62.851,I,836,IN,20260701150321,2023-11-24 17:30:00,incois,2902263
incois/2902263/profiles/R2902263_305.nc,20231204173500.0,15.761,62.469,I,836,IN,20260701150321,2023-12-04 17:35:00,incois,2902263
incois/2902263/profiles/R2902263_306.nc,20231214171500.0,15.798,62.05,I,836,IN,20260701150321,2023-12-14 17:15:00,incois,2902263
incois/2902263/profiles/R2902263_307.nc,20231224171700.0,15.866,61.638,I,836,IN,20260701150321,2023-12-24 17:17:00,incois,2902263
incois/2902264/profiles/D2902264_221.nc,20220104173500.0,9.902,89.978,I,836,IN,20260701163456,2022-01-04 17:35:00,incois,2902264
incois/2902264/profiles/D2902264_222.nc,20220114172500.0,9.925,89.833,I,836,IN,20260701163456,2022-01-14 17:25:00,incois,2902264
incois/2902264/profiles/D2902264_223.nc,20220124173100.0,10.071,89.567,I,836,IN,20260701163457,2022-01-24 17:31:00,incois,2902264
incois/2902264/profiles/D2902264_224.nc,20220203172400.0,10.161,89.359,I,836,IN,20260701163457,2022-02-03 17:24:00,incois,2902264
incois/2902264/profiles/D2902264_225.nc,20220213173500.0,10.173,89.255,I,836,IN,20260701163457,2022-02-13 17:35:00,incois,2902264
incois/2902264/profiles/D2902264_226.nc,20220223172300.0,10.371,89.395,I,836,IN,20260701163458,2022-02-23 17:23:00,incois,2902264
incois/2902264/profiles/D2902264_227.nc,20220305172800.0,10.705,89.669,I,836,IN,20260701163458,2022-03-05 17:28:00,incois,2902264
incois/2902264/profiles/D2902264_228.nc,20220315172800.0,10.974,90.025,I,836,IN,20260701163458,2022-03-15 17:28:00,incois,2902264
incois/2902264/profiles/D2902264_229.nc,20220325172100.0,11.109,90.398,I,836,IN,20260701163459,2022-03-25 17:21:00,incois,2902264
incois/2902264/profiles/D2902264_230.nc,20220404173200.0,11.256,90.637,I,836,IN,20260701163459,2022-04-04 17:32:00,incois,2902264
incois/2902264/profiles/D2902264_231.nc,20220414172100.0,11.362,90.659,I,836,IN,20260701163459,2022-04-14 17:21:00,incois,2902264
incois/2902264/profiles/D2902264_232.nc,20220424173300.0,11.553,90.568,I,836,IN,20260701163500,2022-04-24 17:33:00,incois,2902264
incois/2902264/profiles/D2902264_233.nc,20220504173000.0,11.729,90.45,I,836,IN,20260701163500,2022-05-04 17:30:00,incois,2902264
incois/2902264/profiles/D2902264_234.nc,20220514172700.0,11.695,90.352,I,836,IN,20260701163500,2022-05-14 17:27:00,incois,2902264
incois/2902264/profiles/D2902264_235.nc,20220524172700.0,11.515,90.334,I,836,IN,20260701163501,2022-05-24 17:27:00,incois,2902264
incois/2902264/profiles/D2902264_236.nc,20220603172900.0,11.17,90.107,I,836,IN,20260701163501,2022-06-03 17:29:00,incois,2902264
incois/2902264/profiles/D2902264_237.nc,20220613172900.0,10.708,89.794,I,836,IN,20260701163501,2022-06-13 17:29:00,incois,2902264
incois/2902264/profiles/D2902264_238.nc,20220623172800.0,10.228,89.655,I,836,IN,20260701163502,2022-06-23 17:28:00,incois,2902264
incois/2902264/profiles/D2902264_239.nc,20220703172700.0,9.957,89.578,I,836,IN,20260701163502,2022-07-03 17:27:00,incois,2902264
incois/2902264/profiles/D2902264_240.nc,20220713173100.0,9.898,89.621,I,836,IN,20260701163502,2022-07-13 17:31:00,incois,2902264
incois/2902264/profiles/D2902264_241.nc,20220723173500.0,9.911,89.769,I,836,IN,20260701163503,2022-07-23 17:35:00,incois,2902264
incois/2902264/profiles/D2902264_242.nc,20220802173100.0,10.068,89.912,I,836,IN,20260701163503,2022-08-02 17:31:00,incois,2902264
incois/2902264/profiles/D2902264_243.nc,20220812172700.0,10.148,90.069,I,836,IN,20260701163503,2022-08-12 17:27:00,incois,2902264
incois/2902264/profiles/D2902264_244.nc,20220822172500.0,10.148,90.098,I,836,IN,20260701163503,2022-08-22 17:25:00,incois,2902264
incois/2902264/profiles/D2902264_245.nc,20220901172500.0,10.222,89.935,I,836,IN,20260701163504,2022-09-01 17:25:00,incois,2902264
incois/2902264/profiles/D2902264_246.nc,20220911171600.0,10.422,89.668,I,836,IN,20260701163504,2022-09-11 17:16:00,incois,2902264
incois/2902264/profiles/D2902264_247.nc,20220921173000.0,10.565,89.521,I,836,IN,20260701163504,2022-09-21 17:30:00,incois,2902264
incois/2902264/profiles/D2902264_248.nc,20221001172000.0,10.605,89.392,I,836,IN,20260701163505,2022-10-01 17:20:00,incois,2902264
incois/2902264/profiles/D2902264_249.nc,20221011173400.0,10.527,89.218,I,836,IN,20260701163505,2022-10-11 17:34:00,incois,2902264
incois/2902264/profiles/D2902264_250.nc,20221021172700.0,10.451,88.982,I,836,IN,20260701163505,2022-10-21 17:27:00,incois,2902264
incois/2902264/profiles/D2902264_251.nc,20221031172300.0,10.466,88.717,I,836,IN,20260701163506,2022-10-31 17:23:00,incois,2902264
incois/2902264/profiles/D2902264_252.nc,20221110173500.0,10.568,88.552,I,836,IN,20260701163506,2022-11-10 17:35:00,incois,2902264
incois/2902264/profiles/D2902264_253.nc,20221120172700.0,10.694,88.577,I,836,IN,20260701163506,2022-11-20 17:27:00,incois,2902264
incois/2902264/profiles/D2902264_254.nc,20221130172000.0,10.802,88.693,I,836,IN,20260701163507,2022-11-30 17:20:00,incois,2902264
incois/2902264/profiles/D2902264_255.nc,20221210174400.0,10.85,88.722,I,836,IN,20260701163507,2022-12-10 17:44:00,incois,2902264
incois/2902264/profiles/D2902264_256.nc,20221220172900.0,10.838,88.586,I,836,IN,20260701163507,2022-12-20 17:29:00,incois,2902264
incois/2902264/profiles/D2902264_257.nc,20221230172400.0,10.676,88.343,I,836,IN,20260701163508,2022-12-30 17:24:00,incois,2902264
incois/2902264/profiles/D2902264_258.nc,20230109172600.0,10.44,87.977,I,836,IN,20260701163508,2023-01-09 17:26:00,incois,2902264
incois/2902264/profiles/D2902264_259.nc,20230119172600.0,10.184,87.584,I,836,IN,20260701163508,2023-01-19 17:26:00,incois,2902264
incois/2902264/profiles/D2902264_260.nc,20230129172700.0,10.001,87.188,I,836,IN,20260701163509,2023-01-29 17:27:00,incois,2902264
incois/2902264/profiles/D2902264_261.nc,20230208173200.0,9.904,86.899,I,836,IN,20260701163509,2023-02-08 17:32:00,incois,2902264
incois/2902264/profiles/D2902264_262.nc,20230218172900.0,9.893,86.77,I,836,IN,20260701163509,2023-02-18 17:29:00,incois,2902264
incois/2902264/profiles/D2902264_263.nc,20230228172900.0,9.915,86.728,I,836,IN,20260701163510,2023-02-28 17:29:00,incois,2902264
incois/2902264/profiles/D2902264_264.nc,20230310173200.0,10.001,86.693,I,836,IN,20260701163510,2023-03-10 17:32:00,incois,2902264
incois/2902264/profiles/D2902264_265.nc,20230320173400.0,9.969,86.692,I,836,IN,20260701163510,2023-03-20 17:34:00,incois,2902264
incois/2902264/profiles/D2902264_266.nc,20230330173300.0,9.835,86.778,I,836,IN,20260701163510,2023-03-30 17:33:00,incois,2902264
incois/2902264/profiles/D2902264_267.nc,20230409174400.0,9.473,86.901,I,836,IN,20260701163511,2023-04-09 17:44:00,incois,2902264
incois/2902264/profiles/D2902264_268.nc,20230419174500.0,9.329,87.056,I,836,IN,20260701163511,2023-04-19 17:45:00,incois,2902264
incois/2902265/profiles/D2902265_107.nc,20220101140000.0,15.947,71.469,I,844,IN,20230704042814,2022-01-01 14:00:00,incois,2902265
incois/2902265/profiles/D2902265_108.nc,20220111141900.0,15.578,71.3,I,844,IN,20230704042814,2022-01-11 14:19:00,incois,2902265
incois/2902265/profiles/D2902265_109.nc,20220121140500.0,15.323,71.338,I,844,IN,20230704042814,2022-01-21 14:05:00,incois,2902265
incois/2902265/profiles/D2902265_110.nc,20220131144615.0,15.5,71.52,I,844,IN,20230704042814,2022-01-31 14:46:15,incois,2902265
incois/2902265/profiles/D2902265_111.nc,20220210135700.0,15.923,71.15,I,844,IN,20230704042814,2022-02-10 13:57:00,incois,2902265
incois/2902265/profiles/D2902265_112.nc,20220220135100.0,16.179,70.249,I,844,IN,20230704042814,2022-02-20 13:51:00,incois,2902265
incois/2902265/profiles/D2902265_113.nc,20220302140400.0,16.237,69.531,I,844,IN,20230704042814,2022-03-02 14:04:00,incois,2902265
incois/2902265/profiles/D2902265_114.nc,20220312141000.0,16.184,68.914,I,844,IN,20230704042814,2022-03-12 14:10:00,incois,2902265
incois/2902265/profiles/D2902265_115.nc,20220322150807.0,15.833,68.362,I,844,IN,20230704042814,2022-03-22 15:08:07,incois,2902265
incois/2902265/profiles/D2902265_116.nc,20220401140700.0,15.222,68.135,I,844,IN,20230704042814,2022-04-01 14:07:00,incois,2902265
incois/2902265/profiles/D2902265_117.nc,20220411140700.0,15.017,68.449,I,844,IN,20230704042814,2022-04-11 14:07:00,incois,2902265
incois/2902265/profiles/D2902265_118.nc,20220421140100.0,15.288,68.684,I,844,IN,20230704042814,2022-04-21 14:01:00,incois,2902265
incois/2902265/profiles/D2902265_119.nc,20220501150103.0,15.678,68.692,I,844,IN,20230704042814,2022-05-01 15:01:03,incois,2902265
incois/2902265/profiles/D2902265_120.nc,20220511140000.0,15.817,68.764,I,844,IN,20230704042814,2022-05-11 14:00:00,incois,2902265
incois/2902265/profiles/D2902265_121.nc,20220521140600.0,15.957,68.832,I,844,IN,20230704042814,2022-05-21 14:06:00,incois,2902265
incois/2902265/profiles/D2902265_122.nc,20220531144939.0,16.035,68.868,I,844,IN,20230704042814,2022-05-31 14:49:39,incois,2902265
incois/2902265/profiles/D2902265_123.nc,20220610140500.0,16.134,68.87,I,844,IN,20230704042814,2022-06-10 14:05:00,incois,2902265
incois/2902265/profiles/D2902265_124.nc,20220620140400.0,16.418,68.993,I,844,IN,20230704042814,2022-06-20 14:04:00,incois,2902265
incois/2902265/profiles/D2902265_125.nc,20220630141100.0,16.358,68.963,I,844,IN,20230704042814,2022-06-30 14:11:00,incois,2902265
incois/2902265/profiles/D2902265_126.nc,20220710144919.0,16.374,68.845,I,844,IN,20230704042814,2022-07-10 14:49:19,incois,2902265
incois/2902265/profiles/D2902265_127.nc,20220720151926.0,16.274,68.86,I,844,IN,20230704042814,2022-07-20 15:19:26,incois,2902265
incois/2902265/profiles/D2902265_128.nc,20220730140500.0,16.089,68.911,I,844,IN,20230704042814,2022-07-30 14:05:00,incois,2902265
incois/2902265/profiles/D2902265_129.nc,20220809140500.0,15.903,69.036,I,844,IN,20230704042814,2022-08-09 14:05:00,incois,2902265
incois/2902265/profiles/D2902265_130.nc,20220819150917.0,15.712,69.104,I,844,IN,20230704042814,2022-08-19 15:09:17,incois,2902265
incois/2902265/profiles/D2902265_131.nc,20220829152804.0,15.69,69.074,I,844,IN,20230704042814,2022-08-29 15:28:04,incois,2902265
incois/2902265/profiles/D2902265_132.nc,20220908140000.0,15.577,69.149,I,844,IN,20230704042814,2022-09-08 14:00:00,incois,2902265
incois/2902265/profiles/D2902265_133.nc,20220918140200.0,15.538,69.234,I,844,IN,20230704042814,2022-09-18 14:02:00,incois,2902265
incois/2902265/profiles/D2902265_134.nc,20220928140800.0,15.384,69.355,I,844,IN,20230704042814,2022-09-28 14:08:00,incois,2902265
incois/2902265/profiles/D2902265_135.nc,20221008150653.0,15.146,69.733,I,844,IN,20230704042814,2022-10-08 15:06:53,incois,2902265
incois/2902265/profiles/D2902265_136.nc,20221018145210.0,15.177,69.865,I,844,IN,20230704042814,2022-10-18 14:52:10,incois,2902265
incois/2902265/profiles/D2902265_137.nc,20221028140300.0,15.414,69.77,I,844,IN,20230704042814,2022-10-28 14:03:00,incois,2902265
incois/2902265/profiles/D2902265_138.nc,20221107140600.0,15.555,69.593,I,844,IN,20230704042814,2022-11-07 14:06:00,incois,2902265
incois/2902265/profiles/D2902265_139.nc,20221117140200.0,15.731,69.476,I,844,IN,20230704042814,2022-11-17 14:02:00,incois,2902265
incois/2902265/profiles/D2902265_140.nc,20221127140200.0,15.873,69.296,I,844,IN,20230704042814,2022-11-27 14:02:00,incois,2902265
incois/2902265/profiles/D2902265_141.nc,20221207150446.0,15.98,68.983,I,844,IN,20230704042814,2022-12-07 15:04:46,incois,2902265
incois/2902265/profiles/D2902265_142.nc,20221217145617.0,16.093,68.774,I,844,IN,20230704042814,2022-12-17 14:56:17,incois,2902265
incois/2902265/profiles/D2902265_143.nc,20221227151005.0,16.236,68.695,I,844,IN,20230704042814,2022-12-27 15:10:05,incois,2902265
incois/2902265/profiles/D2902265_144.nc,20230106151721.0,16.309,68.528,I,844,IN,20230704042814,2023-01-06 15:17:21,incois,2902265
incois/2902265/profiles/D2902265_145.nc,20230116145638.0,16.547,68.376,I,844,IN,20230704042814,2023-01-16 14:56:38,incois,2902265
incois/2902265/profiles/D2902265_146.nc,20230126152727.0,16.692,68.424,I,844,IN,20230704042814,2023-01-26 15:27:27,incois,2902265
incois/2902265/profiles/D2902265_147.nc,20230205145306.0,16.553,68.649,I,844,IN,20230704042814,2023-02-05 14:53:06,incois,2902265
incois/2902265/profiles/D2902265_148.nc,20230215140300.0,16.405,68.933,I,844,IN,20230704042814,2023-02-15 14:03:00,incois,2902265
incois/2902265/profiles/D2902265_149.nc,20230225150442.0,16.048,69.068,I,844,IN,20230704042814,2023-02-25 15:04:42,incois,2902265
incois/2902265/profiles/D2902265_150.nc,20230307140700.0,15.844,69.043,I,844,IN,20230704042814,2023-03-07 14:07:00,incois,2902265
incois/2902267/profiles/D2902267_108.nc,20220105135800.0,16.333,60.546,I,844,IN,20230707051233,2022-01-05 13:58:00,incois,2902267
incois/2902267/profiles/D2902267_109.nc,20220115135600.0,16.348,60.779,I,844,IN,20230707051233,2022-01-15 13:56:00,incois,2902267
incois/2902267/profiles/D2902267_110.nc,20220125135500.0,16.561,61.066,I,844,IN,20230707051233,2022-01-25 13:55:00,incois,2902267
incois/2902267/profiles/D2902267_111.nc,20220204135300.0,16.44,61.338,I,844,IN,20230707051233,2022-02-04 13:53:00,incois,2902267
incois/2902267/profiles/D2902267_112.nc,20220214134800.0,16.192,61.478,I,844,IN,20230707051233,2022-02-14 13:48:00,incois,2902267
incois/2902267/profiles/D2902267_113.nc,20220224135500.0,16.307,61.55,I,844,IN,20230707051233,2022-02-24 13:55:00,incois,2902267
incois/2902267/profiles/D2902267_114.nc,20220306135800.0,16.472,61.611,I,844,IN,20230707051233,2022-03-06 13:58:00,incois,2902267
incois/2902267/profiles/D2902267_115.nc,20220316134600.0,16.74,61.813,I,844,IN,20230707051233,2022-03-16 13:46:00,incois,2902267
incois/2902267/profiles/D2902267_116.nc,20220326135800.0,16.996,61.951,I,844,IN,20230707051233,2022-03-26 13:58:00,incois,2902267
incois/2902267/profiles/D2902267_117.nc,20220405155433.0,17.253,61.833,I,844,IN,20230707051233,2022-04-05 15:54:33,incois,2902267
incois/2902267/profiles/D2902267_118.nc,20220415154926.0,17.697,61.557,I,844,IN,20230707051233,2022-04-15 15:49:26,incois,2902267
incois/2902267/profiles/D2902267_119.nc,20220425135800.0,17.846,61.532,I,844,IN,20230707051233,2022-04-25 13:58:00,incois,2902267
incois/2902267/profiles/D2902267_120.nc,20220505135500.0,17.66,61.708,I,844,IN,20230707051233,2022-05-05 13:55:00,incois,2902267
incois/2902267/profiles/D2902267_121.nc,20220515150622.0,17.459,61.831,I,844,IN,20230707051233,2022-05-15 15:06:22,incois,2902267
incois/2902267/profiles/D2902267_122.nc,20220525152715.0,17.449,61.945,I,844,IN,20230707051233,2022-05-25 15:27:15,incois,2902267
incois/2902267/profiles/D2902267_123.nc,20220604140200.0,17.452,62.108,I,844,IN,20230707051233,2022-06-04 14:02:00,incois,2902267
incois/2902267/profiles/D2902267_124.nc,20220614135900.0,17.23,62.275,I,844,IN,20230707051233,2022-06-14 13:59:00,incois,2902267
incois/2902267/profiles/D2902267_125.nc,20220624153350.0,17.249,62.519,I,844,IN,20230707051233,2022-06-24 15:33:50,incois,2902267
incois/2902267/profiles/D2902267_126.nc,20220704140600.0,17.164,62.76,I,844,IN,20230707051233,2022-07-04 14:06:00,incois,2902267
incois/2902267/profiles/D2902267_127.nc,20220714135500.0,17.118,62.798,I,844,IN,20230707051233,2022-07-14 13:55:00,incois,2902267
incois/2902267/profiles/D2902267_128.nc,20220724140100.0,17.145,62.854,I,844,IN,20230707051233,2022-07-24 14:01:00,incois,2902267
incois/2902267/profiles/D2902267_129.nc,20220803150118.0,17.12,62.652,I,844,IN,20230707051233,2022-08-03 15:01:18,incois,2902267
incois/2902267/profiles/D2902267_130.nc,20220813135400.0,17.162,62.461,I,844,IN,20230707051233,2022-08-13 13:54:00,incois,2902267
incois/2902267/profiles/D2902267_131.nc,20220823151806.0,17.0,62.254,I,844,IN,20230707051233,2022-08-23 15:18:06,incois,2902267
incois/2902267/profiles/D2902267_132.nc,20220902140200.0,16.753,62.198,I,844,IN,20230707051233,2022-09-02 14:02:00,incois,2902267
incois/2902267/profiles/D2902267_133.nc,20220912140400.0,16.427,62.297,I,844,IN,20230707051233,2022-09-12 14:04:00,incois,2902267
incois/2902267/profiles/D2902267_134.nc,20220922153748.0,16.326,62.579,I,844,IN,20230707051233,2022-09-22 15:37:48,incois,2902267
incois/2902267/profiles/D2902267_135.nc,20221002153157.0,16.651,62.787,I,844,IN,20230707051233,2022-10-02 15:31:57,incois,2902267
incois/2902267/profiles/D2902267_136.nc,20221012152338.0,17.395,62.936,I,844,IN,20230707051233,2022-10-12 15:23:38,incois,2902267
incois/2902267/profiles/D2902267_137.nc,20221022140000.0,17.91,63.244,I,844,IN,20230707051233,2022-10-22 14:00:00,incois,2902267
incois/2902267/profiles/D2902267_138.nc,20221101153040.0,17.954,63.554,I,844,IN,20230707051233,2022-11-01 15:30:40,incois,2902267
incois/2902267/profiles/D2902267_139.nc,20221111140300.0,17.761,63.678,I,844,IN,20230707051233,2022-11-11 14:03:00,incois,2902267
incois/2902267/profiles/D2902267_140.nc,20221121152546.0,17.34,63.878,I,844,IN,20230707051233,2022-11-21 15:25:46,incois,2902267
incois/2902267/profiles/D2902267_141.nc,20221201153814.0,16.865,63.993,I,844,IN,20230707051233,2022-12-01 15:38:14,incois,2902267
incois/2902267/profiles/D2902267_142.nc,20221211135600.0,16.67,64.077,I,844,IN,20230707051233,2022-12-11 13:56:00,incois,2902267
incois/2902267/profiles/D2902267_143.nc,20221221140200.0,17.065,64.066,I,844,IN,20230707051233,2022-12-21 14:02:00,incois,2902267
incois/2902267/profiles/D2902267_144.nc,20221231150949.0,17.473,63.979,I,844,IN,20230707051233,2022-12-31 15:09:49,incois,2902267
incois/2902267/profiles/D2902267_145.nc,20230110140100.0,17.743,63.905,I,844,IN,20230707051233,2023-01-10 14:01:00,incois,2902267
incois/2902267/profiles/D2902267_146.nc,20230120140100.0,18.142,63.811,I,844,IN,20230707051233,2023-01-20 14:01:00,incois,2902267
incois/2902267/profiles/D2902267_147.nc,20230130153107.0,18.428,63.874,I,844,IN,20230707051233,2023-01-30 15:31:07,incois,2902267
incois/2902267/profiles/D2902267_148.nc,20230209154056.0,18.647,64.073,I,844,IN,20230707051233,2023-02-09 15:40:56,incois,2902267
incois/2902267/profiles/D2902267_149.nc,20230219135200.0,18.393,64.189,I,844,IN,20230707051233,2023-02-19 13:52:00,incois,2902267
incois/2902267/profiles/D2902267_150.nc,20230301152726.0,18.261,64.223,I,844,IN,20230707051233,2023-03-01 15:27:26,incois,2902267
incois/2902267/profiles/D2902267_151.nc,20230311140900.0,18.343,64.143,I,844,IN,20230707051233,2023-03-11 14:09:00,incois,2902267
incois/2902267/profiles/D2902267_152.nc,20230321153627.0,18.377,64.073,I,844,IN,20230707051233,2023-03-21 15:36:27,incois,2902267
incois/2902268/profiles/D2902268_108.nc,20220106135700.0,15.632,61.515,I,844,IN,20230801013952,2022-01-06 13:57:00,incois,2902268
incois/2902268/profiles/D2902268_109.nc,20220116155021.0,15.742,61.49,I,844,IN,20230801013952,2022-01-16 15:50:21,incois,2902268
incois/2902268/profiles/D2902268_110.nc,20220126135300.0,15.625,61.498,I,844,IN,20230801013952,2022-01-26 13:53:00,incois,2902268
incois/2902268/profiles/D2902268_111.nc,20220205134300.0,15.256,61.368,I,844,IN,20230801013952,2022-02-05 13:43:00,incois,2902268
incois/2902268/profiles/D2902268_112.nc,20220215134400.0,15.042,61.285,I,844,IN,20230801013952,2022-02-15 13:44:00,incois,2902268
incois/2902268/profiles/D2902268_113.nc,20220225135700.0,15.45,61.314,I,844,IN,20230801013952,2022-02-25 13:57:00,incois,2902268
incois/2902268/profiles/D2902268_114.nc,20220307135100.0,15.94,61.577,I,844,IN,20230801013952,2022-03-07 13:51:00,incois,2902268
incois/2902268/profiles/D2902268_115.nc,20220317135400.0,16.142,62.078,I,844,IN,20230801013952,2022-03-17 13:54:00,incois,2902268
incois/2902268/profiles/D2902268_116.nc,20220327134400.0,16.138,62.461,I,844,IN,20230801013952,2022-03-27 13:44:00,incois,2902268
incois/2902268/profiles/D2902268_117.nc,20220406140100.0,16.219,62.362,I,844,IN,20230801013952,2022-04-06 14:01:00,incois,2902268
incois/2902268/profiles/D2902268_118.nc,20220416135100.0,16.327,62.012,I,844,IN,20230801013952,2022-04-16 13:51:00,incois,2902268
incois/2902268/profiles/D2902268_119.nc,20220426135800.0,16.223,61.59,I,844,IN,20230801013952,2022-04-26 13:58:00,incois,2902268
incois/2902268/profiles/D2902268_121.nc,20220516135700.0,16.238,61.056,I,844,IN,20230801013952,2022-05-16 13:57:00,incois,2902268
incois/2902268/profiles/D2902268_122.nc,20220526135600.0,16.421,60.741,I,844,IN,20230801013952,2022-05-26 13:56:00,incois,2902268
incois/2902268/profiles/D2902268_123.nc,20220605150417.0,16.777,60.436,I,844,IN,20230801013952,2022-06-05 15:04:17,incois,2902268
incois/2902268/profiles/D2902268_124.nc,20220615155645.0,17.073,60.148,I,844,IN,20230801013952,2022-06-15 15:56:45,incois,2902268
incois/2902268/profiles/D2902268_125.nc,20220625140000.0,17.099,59.981,I,844,IN,20230801013952,2022-06-25 14:00:00,incois,2902268
incois/2902268/profiles/D2902268_126.nc,20220705135400.0,17.012,59.84,I,844,IN,20230801013952,2022-07-05 13:54:00,incois,2902268
incois/2902268/profiles/D2902268_127.nc,20220715135600.0,16.756,59.9,I,844,IN,20230801013952,2022-07-15 13:56:00,incois,2902268
incois/2902268/profiles/D2902268_128.nc,20220725152250.0,16.754,60.091,I,844,IN,20230801013952,2022-07-25 15:22:50,incois,2902268
incois/2902268/profiles/D2902268_129.nc,20220804150855.0,17.037,60.501,I,844,IN,20230801013952,2022-08-04 15:08:55,incois,2902268
incois/2902268/profiles/D2902268_130.nc,20220814135200.0,17.424,61.046,I,844,IN,20230801013952,2022-08-14 13:52:00,incois,2902268
incois/2902268/profiles/D2902268_131.nc,20220824151557.0,17.799,61.355,I,844,IN,20230801013952,2022-08-24 15:15:57,incois,2902268
incois/2902268/profiles/D2902268_132.nc,20220903152951.0,17.947,61.401,I,844,IN,20230801013952,2022-09-03 15:29:51,incois,2902268
incois/2902268/profiles/D2902268_133.nc,20220913140400.0,17.695,61.266,I,844,IN,20230801013952,2022-09-13 14:04:00,incois,2902268
incois/2902268/profiles/D2902268_134.nc,20220923152301.0,17.689,61.035,I,844,IN,20230801013952,2022-09-23 15:23:01,incois,2902268
incois/2902268/profiles/D2902268_135.nc,20221003153318.0,17.234,60.666,I,844,IN,20230801013952,2022-10-03 15:33:18,incois,2902268
incois/2902268/profiles/D2902268_136.nc,20221013135700.0,17.383,60.327,I,844,IN,20230801013952,2022-10-13 13:57:00,incois,2902268
incois/2902268/profiles/D2902268_137.nc,20221023150342.0,17.513,60.025,I,844,IN,20230801013952,2022-10-23 15:03:42,incois,2902268
incois/2902268/profiles/D2902268_154.nc,20221102141000.0,17.683,59.487,I,844,IN,20230801013952,2022-11-02 14:10:00,incois,2902268
incois/2902270/profiles/D2902270_108.nc,20220109185006.0,15.363,66.525,I,846,IN,20250520051030,2022-01-09 18:50:06,incois,2902270
incois/2902270/profiles/D2902270_109.nc,20220119182454.0,15.29,66.839,I,846,IN,20250520051032,2022-01-19 18:24:54,incois,2902270
incois/2902270/profiles/D2902270_110.nc,20220129182022.0,15.204,67.156,I,846,IN,20250520051035,2022-01-29 18:20:22,incois,2902270
incois/2902270/profiles/D2902270_111.nc,20220208183419.0,14.975,67.219,I,846,IN,20250520051037,2022-02-08 18:34:19,incois,2902270
incois/2902270/profiles/D2902270_112.nc,20220218184225.0,14.706,67.065,I,846,IN,20250520051039,2022-02-18 18:42:25,incois,2902270
incois/2902270/profiles/D2902270_113.nc,20220228183443.0,14.467,66.828,I,846,IN,20250520051042,2022-02-28 18:34:43,incois,2902270
incois/2902270/profiles/D2902270_114.nc,20220310183141.0,14.18,66.601,I,846,IN,20250520051044,2022-03-10 18:31:41,incois,2902270
incois/2902270/profiles/D2902270_115.nc,20220320185310.0,13.864,66.415,I,846,IN,20250520051047,2022-03-20 18:53:10,incois,2902270
incois/2902270/profiles/D2902270_116.nc,20220330190222.0,13.56,66.186,I,846,IN,20250520051049,2022-03-30 19:02:22,incois,2902270
incois/2902270/profiles/D2902270_117.nc,20220410185436.0,13.393,65.878,I,846,IN,20250520051052,2022-04-10 18:54:36,incois,2902270
incois/2902270/profiles/D2902270_118.nc,20220420183925.0,13.344,65.625,I,846,IN,20250520051054,2022-04-20 18:39:25,incois,2902270
incois/2902270/profiles/D2902270_119.nc,20220430181022.0,13.089,65.597,I,846,IN,20250520051056,2022-04-30 18:10:22,incois,2902270
incois/2902270/profiles/D2902270_120.nc,20220510190534.0,12.843,65.624,I,846,IN,20250520051059,2022-05-10 19:05:34,incois,2902270
incois/2902270/profiles/D2902270_121.nc,20220521185222.0,12.764,65.518,I,846,IN,20250520051101,2022-05-21 18:52:22,incois,2902270
incois/2902270/profiles/D2902270_122.nc,20220531183525.0,12.777,65.328,I,846,IN,20250520051104,2022-05-31 18:35:25,incois,2902270
incois/2902270/profiles/D2902270_123.nc,20220610190124.0,12.825,65.045,I,846,IN,20250520051106,2022-06-10 19:01:24,incois,2902270
incois/2902270/profiles/D2902270_125.nc,20220702184951.0,13.101,64.489,I,846,IN,20250520051109,2022-07-02 18:49:51,incois,2902270
incois/2902270/profiles/D2902270_126.nc,20220712182146.0,13.181,64.315,I,846,IN,20250520051111,2022-07-12 18:21:46,incois,2902270
incois/2902270/profiles/D2902270_127.nc,20220722182342.0,13.195,64.109,I,846,IN,20250520051114,2022-07-22 18:23:42,incois,2902270
incois/2902270/profiles/D2902270_128.nc,20220801183052.0,13.054,63.873,I,846,IN,20250520051116,2022-08-01 18:30:52,incois,2902270
incois/2902270/profiles/D2902270_129.nc,20220811183148.0,12.868,63.765,I,846,IN,20250520051119,2022-08-11 18:31:48,incois,2902270
incois/2902270/profiles/D2902270_130.nc,20220821184934.0,12.567,63.652,I,846,IN,20250520051121,2022-08-21 18:49:34,incois,2902270
incois/2902270/profiles/D2902270_132.nc,20220911182921.0,12.484,63.918,I,846,IN,20230413063206,2022-09-11 18:29:21,incois,2902270
incois/2902270/profiles/D2902270_133.nc,20220921185153.0,12.833,64.548,I,846,IN,20250520051124,2022-09-21 18:51:53,incois,2902270
incois/2902270/profiles/D2902270_134.nc,20221001181840.0,13.064,65.095,I,846,IN,20250520051127,2022-10-01 18:18:40,incois,2902270
incois/2902270/profiles/D2902270_135.nc,20221011185442.0,13.096,65.277,I,846,IN,20250520051129,2022-10-11 18:54:42,incois,2902270
incois/2902270/profiles/D2902270_136.nc,20221021183118.0,13.361,65.137,I,846,IN,20250520051131,2022-10-21 18:31:18,incois,2902270
incois/2902270/profiles/D2902270_137.nc,20221031181552.0,13.462,65.079,I,846,IN,20250520051134,2022-10-31 18:15:52,incois,2902270
incois/2902270/profiles/D2902270_138.nc,20221110183408.0,13.599,64.987,I,846,IN,20250520051136,2022-11-10 18:34:08,incois,2902270
incois/2902270/profiles/D2902270_139.nc,20221120182726.0,13.889,64.771,I,846,IN,20250520051139,2022-11-20 18:27:26,incois,2902270
incois/2902270/profiles/D2902270_140.nc,20221130184808.0,14.142,64.691,I,846,IN,20250520051141,2022-11-30 18:48:08,incois,2902270
incois/2902270/profiles/D2902270_141.nc,20221210183112.0,14.247,64.831,I,846,IN,20250520051143,2022-12-10 18:31:12,incois,2902270
incois/2902270/profiles/D2902270_142.nc,20221220183909.0,14.523,64.96,I,846,IN,20250520051146,2022-12-20 18:39:09,incois,2902270
incois/2902270/profiles/D2902270_143.nc,20221230183526.0,14.605,65.189,I,846,IN,20250520051148,2022-12-30 18:35:26,incois,2902270
incois/2902270/profiles/D2902270_144.nc,20230109190242.0,14.437,65.561,I,846,IN,20250520051151,2023-01-09 19:02:42,incois,2902270
incois/2902270/profiles/D2902270_146.nc,20230130184647.0,14.643,66.151,I,846,IN,20250520051153,2023-01-30 18:46:47,incois,2902270
incois/2902270/profiles/D2902270_147.nc,20230209181557.0,14.662,66.194,I,846,IN,20250520051155,2023-02-09 18:15:57,incois,2902270
incois/2902270/profiles/D2902270_148.nc,20230219182518.0,14.783,66.15,I,846,IN,20250520051158,2023-02-19 18:25:18,incois,2902270
incois/2902270/profiles/D2902270_149.nc,20230301185621.0,14.758,66.113,I,846,IN,20250520051200,2023-03-01 18:56:21,incois,2902270
incois/2902270/profiles/D2902270_150.nc,20230312181404.0,14.618,65.915,I,846,IN,20250520051203,2023-03-12 18:14:04,incois,2902270
incois/2902270/profiles/D2902270_151.nc,20230322183640.0,14.476,65.649,I,846,IN,20250520051205,2023-03-22 18:36:40,incois,2902270
incois/2902270/profiles/D2902270_152.nc,20230401183651.0,14.251,65.451,I,846,IN,20250520051207,2023-04-01 18:36:51,incois,2902270
incois/2902270/profiles/D2902270_153.nc,20230411185742.0,13.867,65.356,I,846,IN,20250520051210,2023-04-11 18:57:42,incois,2902270
incois/2902270/profiles/D2902270_154.nc,20230422191126.0,13.564,65.498,I,846,IN,20250520051213,2023-04-22 19:11:26,incois,2902270
incois/2902270/profiles/D2902270_155.nc,20230503185509.0,13.404,65.686,I,846,IN,20250520051215,2023-05-03 18:55:09,incois,2902270
incois/2902270/profiles/D2902270_156.nc,20230513194517.0,12.955,65.852,I,846,IN,20250520051218,2023-05-13 19:45:17,incois,2902270
incois/2902270/profiles/D2902270_157.nc,20230524185310.0,12.62,66.075,I,846,IN,20250520051220,2023-05-24 18:53:10,incois,2902270
incois/2902270/profiles/D2902270_158.nc,20230603190635.0,12.97,66.145,I,846,IN,20250520051223,2023-06-03 19:06:35,incois,2902270
incois/2902270/profiles/D2902270_160.nc,20230625185539.0,13.747,66.877,I,846,IN,20250520051225,2023-06-25 18:55:39,incois,2902270
incois/2902270/profiles/D2902270_161.nc,20230706185707.0,12.998,67.098,I,846,IN,20250520051228,2023-07-06 18:57:07,incois,2902270
incois/2902270/profiles/D2902270_162.nc,20230717190658.0,12.413,66.779,I,846,IN,20250520051230,2023-07-17 19:06:58,incois,2902270
incois/2902270/profiles/D2902270_163.nc,20230728183632.0,12.184,66.633,I,846,IN,20250520051232,2023-07-28 18:36:32,incois,2902270
incois/2902270/profiles/D2902270_164.nc,20230807184949.0,12.374,66.599,I,846,IN,20250520051235,2023-08-07 18:49:49,incois,2902270
incois/2902270/profiles/D2902270_165.nc,20230818190222.0,12.536,66.48,I,846,IN,20250520051237,2023-08-18 19:02:22,incois,2902270
incois/2902270/profiles/D2902270_166.nc,20230829182252.0,12.511,66.218,I,846,IN,20250520051239,2023-08-29 18:22:52,incois,2902270
incois/2902270/profiles/D2902270_167.nc,20230908185046.0,12.364,66.062,I,846,IN,20250520051242,2023-09-08 18:50:46,incois,2902270
incois/2902270/profiles/D2902270_168.nc,20230919184156.0,12.491,66.193,I,846,IN,20250520051244,2023-09-19 18:41:56,incois,2902270
incois/2902270/profiles/D2902270_169.nc,20230930181748.0,12.621,66.477,I,846,IN,20250520051247,2023-09-30 18:17:48,incois,2902270
incois/2902270/profiles/D2902270_170.nc,20231010180653.0,12.926,66.457,I,846,IN,20250520051249,2023-10-10 18:06:53,incois,2902270
incois/2902270/profiles/D2902270_171.nc,20231020183303.0,13.283,66.188,I,846,IN,20250520051252,2023-10-20 18:33:03,incois,2902270
incois/2902270/profiles/D2902270_172.nc,20231030183845.0,13.505,65.939,I,846,IN,20250520051254,2023-10-30 18:38:45,incois,2902270
incois/2902270/profiles/D2902270_173.nc,20231109185353.0,13.555,65.728,I,846,IN,20250520051257,2023-11-09 18:53:53,incois,2902270
incois/2902270/profiles/D2902270_174.nc,20231119184921.0,13.789,65.433,I,846,IN,20250520051259,2023-11-19 18:49:21,incois,2902270
incois/2902270/profiles/D2902270_175.nc,20231129183650.0,14.145,65.066,I,846,IN,20250520051302,2023-11-29 18:36:50,incois,2902270
incois/2902270/profiles/D2902270_176.nc,20231209183754.0,14.38,64.891,I,846,IN,20250520051304,2023-12-09 18:37:54,incois,2902270
incois/2902270/profiles/D2902270_177.nc,20231220184647.0,14.583,64.868,I,846,IN,20250520051307,2023-12-20 18:46:47,incois,2902270
incois/2902271/profiles/D2902271_099.nc,20220109003258.0,16.566,65.997,I,846,IN,20230510231516,2022-01-09 00:32:58,incois,2902271
incois/2902271/profiles/D2902271_100.nc,20220119000839.0,16.476,65.964,I,846,IN,20230510231516,2022-01-19 00:08:39,incois,2902271
incois/2902271/profiles/D2902271_101.nc,20220128235446.0,16.396,65.955,I,846,IN,20230510231516,2022-01-28 23:54:46,incois,2902271
incois/2902271/profiles/D2902271_102.nc,20220207234231.0,16.257,65.974,I,846,IN,20230510231516,2022-02-07 23:42:31,incois,2902271
incois/2902271/profiles/D2902271_103.nc,20220217234050.0,16.213,65.925,I,846,IN,20230510231516,2022-02-17 23:40:50,incois,2902271
incois/2902271/profiles/D2902271_104.nc,20220227232256.0,16.375,65.758,I,846,IN,20230510231516,2022-02-27 23:22:56,incois,2902271
incois/2902271/profiles/D2902271_105.nc,20220309231124.0,16.585,65.761,I,846,IN,20230510231516,2022-03-09 23:11:24,incois,2902271
incois/2902271/profiles/D2902271_106.nc,20220319231049.0,16.739,66.128,I,846,IN,20230510231516,2022-03-19 23:10:49,incois,2902271
incois/2902271/profiles/D2902271_107.nc,20220329230626.0,16.836,66.551,I,846,IN,20230510231516,2022-03-29 23:06:26,incois,2902271
incois/2902271/profiles/D2902271_108.nc,20220408232053.0,16.535,66.731,I,846,IN,20230510231516,2022-04-08 23:20:53,incois,2902271
incois/2902271/profiles/D2902271_109.nc,20220418232254.0,16.017,66.481,I,846,IN,20230510231516,2022-04-18 23:22:54,incois,2902271
incois/2902271/profiles/D2902271_110.nc,20220428233033.0,15.271,66.274,I,846,IN,20230510231516,2022-04-28 23:30:33,incois,2902271
incois/2902271/profiles/D2902271_111.nc,20220508234658.0,14.914,66.37,I,846,IN,20230510231516,2022-05-08 23:46:58,incois,2902271
incois/2902271/profiles/D2902271_112.nc,20220518233915.0,14.995,66.577,I,846,IN,20230510231516,2022-05-18 23:39:15,incois,2902271
incois/2902271/profiles/D2902271_113.nc,20220528234615.0,15.052,66.769,I,846,IN,20230510231516,2022-05-28 23:46:15,incois,2902271
incois/2902271/profiles/D2902271_114.nc,20220607234604.0,14.845,66.792,I,846,IN,20230510231516,2022-06-07 23:46:04,incois,2902271
incois/2902271/profiles/D2902271_115.nc,20220618000734.0,14.605,66.738,I,846,IN,20230510231516,2022-06-18 00:07:34,incois,2902271
incois/2902271/profiles/D2902271_116.nc,20220628000834.0,14.431,66.691,I,846,IN,20230510231516,2022-06-28 00:08:34,incois,2902271
incois/2902271/profiles/D2902271_117.nc,20220708002011.0,14.256,66.634,I,846,IN,20230510231516,2022-07-08 00:20:11,incois,2902271
incois/2902271/profiles/D2902271_118.nc,20220718002218.0,14.109,66.569,I,846,IN,20230510231516,2022-07-18 00:22:18,incois,2902271
incois/2902271/profiles/D2902271_119.nc,20220727235902.0,14.043,66.525,I,846,IN,20230510231516,2022-07-27 23:59:02,incois,2902271
incois/2902271/profiles/D2902271_120.nc,20220806235140.0,14.095,66.575,I,846,IN,20230510231516,2022-08-06 23:51:40,incois,2902271
incois/2902271/profiles/D2902271_121.nc,20220816234258.0,14.33,66.545,I,846,IN,20230510231516,2022-08-16 23:42:58,incois,2902271
incois/2902271/profiles/D2902271_122.nc,20220826232251.0,14.579,66.46,I,846,IN,20230510231516,2022-08-26 23:22:51,incois,2902271
incois/2902271/profiles/D2902271_123.nc,20220905231828.0,14.839,66.326,I,846,IN,20230510231516,2022-09-05 23:18:28,incois,2902271
incois/2902271/profiles/D2902271_124.nc,20220915232256.0,14.921,66.285,I,846,IN,20230510231516,2022-09-15 23:22:56,incois,2902271
incois/2902271/profiles/D2902271_125.nc,20220925232640.0,14.887,66.214,I,846,IN,20250526130904,2022-09-25 23:26:40,incois,2902271
incois/2902271/profiles/D2902271_126.nc,20221005231255.0,14.933,66.035,I,846,IN,20250526130907,2022-10-05 23:12:55,incois,2902271
incois/2902271/profiles/D2902271_128.nc,20221025230629.0,14.685,65.914,I,846,IN,20250526130910,2022-10-25 23:06:29,incois,2902271
incois/2902271/profiles/D2902271_129.nc,20221104231308.0,14.725,65.903,I,846,IN,20250526130912,2022-11-04 23:13:08,incois,2902271
incois/2902271/profiles/D2902271_130.nc,20221114225225.0,14.963,65.841,I,846,IN,20250526130914,2022-11-14 22:52:25,incois,2902271
incois/2902271/profiles/D2902271_131.nc,20221124224521.0,15.14,65.957,I,846,IN,20250526130916,2022-11-24 22:45:21,incois,2902271
incois/2902271/profiles/D2902271_132.nc,20221204224847.0,15.15,66.037,I,846,IN,20250526130919,2022-12-04 22:48:47,incois,2902271
incois/2902271/profiles/D2902271_133.nc,20221214224957.0,15.302,65.962,I,846,IN,20250526130921,2022-12-14 22:49:57,incois,2902271
incois/2902271/profiles/D2902271_134.nc,20221224223311.0,15.309,65.865,I,846,IN,20250526130924,2022-12-24 22:33:11,incois,2902271
incois/2902271/profiles/D2902271_135.nc,20230103225715.0,15.305,65.779,I,846,IN,20250526130927,2023-01-03 22:57:15,incois,2902271
incois/2902271/profiles/D2902271_136.nc,20230113230057.0,15.341,65.591,I,846,IN,20250526130929,2023-01-13 23:00:57,incois,2902271
incois/2902271/profiles/D2902271_137.nc,20230123225614.0,15.438,65.388,I,846,IN,20250526130932,2023-01-23 22:56:14,incois,2902271
incois/2902271/profiles/D2902271_138.nc,20230202225318.0,15.545,65.27,I,846,IN,20250526130934,2023-02-02 22:53:18,incois,2902271
incois/2902271/profiles/D2902271_139.nc,20230212224829.0,15.655,65.101,I,846,IN,20250526130937,2023-02-12 22:48:29,incois,2902271
incois/2902271/profiles/D2902271_140.nc,20230222224303.0,15.834,64.955,I,846,IN,20250526130939,2023-02-22 22:43:03,incois,2902271
incois/2902271/profiles/D2902271_141.nc,20230304223300.0,15.991,64.822,I,846,IN,20250526130942,2023-03-04 22:33:00,incois,2902271
incois/2902271/profiles/D2902271_142.nc,20230314223653.0,16.169,64.661,I,846,IN,20250526130945,2023-03-14 22:36:53,incois,2902271
incois/2902271/profiles/D2902271_143.nc,20230324221352.0,16.37,64.529,I,846,IN,20250526130947,2023-03-24 22:13:52,incois,2902271
incois/2902271/profiles/D2902271_144.nc,20230403220402.0,16.408,64.516,I,846,IN,20250526130950,2023-04-03 22:04:02,incois,2902271
incois/2902271/profiles/D2902271_145.nc,20230413220053.0,16.208,64.524,I,846,IN,20250526130953,2023-04-13 22:00:53,incois,2902271
incois/2902271/profiles/D2902271_147.nc,20230503220919.0,15.766,64.665,I,846,IN,20250526130955,2023-05-03 22:09:19,incois,2902271
incois/2902271/profiles/D2902271_148.nc,20230513214642.0,15.469,64.992,I,846,IN,20250526130958,2023-05-13 21:46:42,incois,2902271
incois/2902271/profiles/D2902271_149.nc,20230523221523.0,15.234,65.248,I,846,IN,20250526131001,2023-05-23 22:15:23,incois,2902271
incois/2902271/profiles/D2902271_150.nc,20230602225838.0,15.204,65.216,I,846,IN,20250526131003,2023-06-02 22:58:38,incois,2902271
incois/2902271/profiles/D2902271_151.nc,20230612232415.0,15.213,65.093,I,846,IN,20250526131006,2023-06-12 23:24:15,incois,2902271
incois/2902271/profiles/D2902271_152.nc,20230622233741.0,15.09,64.924,I,846,IN,20250526131008,2023-06-22 23:37:41,incois,2902271
incois/2902271/profiles/D2902271_153.nc,20230703000959.0,14.832,64.66,I,846,IN,20250526131011,2023-07-03 00:09:59,incois,2902271
incois/2902271/profiles/D2902271_154.nc,20230712234721.0,14.543,64.365,I,846,IN,20250526131013,2023-07-12 23:47:21,incois,2902271
incois/2902271/profiles/D2902271_155.nc,20230722232010.0,14.371,64.102,I,846,IN,20250526131016,2023-07-22 23:20:10,incois,2902271
incois/2902271/profiles/D2902271_156.nc,20230801232351.0,14.076,63.853,I,846,IN,20250526131018,2023-08-01 23:23:51,incois,2902271
incois/2902271/profiles/D2902271_157.nc,20230811230745.0,13.848,63.607,I,846,IN,20250526131021,2023-08-11 23:07:45,incois,2902271
incois/2902271/profiles/D2902271_158.nc,20230821231324.0,13.593,63.369,I,846,IN,20250526131024,2023-08-21 23:13:24,incois,2902271
incois/2902271/profiles/D2902271_159.nc,20230831232346.0,13.438,63.138,I,846,IN,20250526131026,2023-08-31 23:23:46,incois,2902271
incois/2902271/profiles/D2902271_160.nc,20230910231351.0,13.284,63.073,I,846,IN,20250526131028,2023-09-10 23:13:51,incois,2902271
incois/2902271/profiles/D2902271_161.nc,20230920230736.0,13.141,63.241,I,846,IN,20250526131031,2023-09-20 23:07:36,incois,2902271
incois/2902271/profiles/D2902271_162.nc,20230930230859.0,13.196,63.416,I,846,IN,20250526131033,2023-09-30 23:08:59,incois,2902271
incois/2902271/profiles/D2902271_163.nc,20231010231501.0,13.354,63.589,I,846,IN,20250526131036,2023-10-10 23:15:01,incois,2902271
incois/2902271/profiles/D2902271_164.nc,20231020233217.0,13.539,63.671,I,846,IN,20250526131038,2023-10-20 23:32:17,incois,2902271
incois/2902271/profiles/D2902271_165.nc,20231030235510.0,13.917,63.501,I,846,IN,20250526131041,2023-10-30 23:55:10,incois,2902271
incois/2902271/profiles/D2902271_167.nc,20231120002431.0,13.983,63.475,I,846,IN,20250526131043,2023-11-20 00:24:31,incois,2902271
incois/2902271/profiles/D2902271_168.nc,20231130001052.0,13.831,63.38,I,846,IN,20250526131044,2023-11-30 00:10:52,incois,2902271
incois/2902271/profiles/D2902271_169.nc,20231209235626.0,14.056,63.092,I,846,IN,20250526131047,2023-12-09 23:56:26,incois,2902271
incois/2902271/profiles/D2902271_170.nc,20231219235020.0,14.341,62.941,I,846,IN,20250526131049,2023-12-19 23:50:20,incois,2902271
incois/2902271/profiles/D2902271_171.nc,20231229235642.0,14.473,62.984,I,846,IN,20250526131052,2023-12-29 23:56:42,incois,2902271
incois/2902272/profiles/D2902272_099.nc,20220109071420.0,18.545,65.661,I,846,IN,20230510233415,2022-01-09 07:14:20,incois,2902272
incois/2902272/profiles/D2902272_100.nc,20220119070957.0,18.602,65.429,I,846,IN,20230510233415,2022-01-19 07:09:57,incois,2902272
incois/2902272/profiles/D2902272_101.nc,20220129063627.0,18.691,65.228,I,846,IN,20230510233415,2022-01-29 06:36:27,incois,2902272
incois/2902272/profiles/D2902272_102.nc,20220208060732.0,18.676,65.021,I,846,IN,20230510233415,2022-02-08 06:07:32,incois,2902272
incois/2902272/profiles/D2902272_103.nc,20220218054206.0,18.656,64.758,I,846,IN,20230510233415,2022-02-18 05:42:06,incois,2902272
incois/2902272/profiles/D2902272_104.nc,20220228054152.0,18.636,64.47,I,846,IN,20230510233415,2022-02-28 05:41:52,incois,2902272
incois/2902272/profiles/D2902272_105.nc,20220310052926.0,18.63,64.155,I,846,IN,20230510233415,2022-03-10 05:29:26,incois,2902272
incois/2902272/profiles/D2902272_106.nc,20220320051753.0,18.58,63.907,I,846,IN,20230510233415,2022-03-20 05:17:53,incois,2902272
incois/2902272/profiles/D2902272_107.nc,20220330051233.0,18.53,63.666,I,846,IN,20230510233415,2022-03-30 05:12:33,incois,2902272
incois/2902272/profiles/D2902272_108.nc,20220409045455.0,18.453,63.492,I,846,IN,20230510233415,2022-04-09 04:54:55,incois,2902272
incois/2902272/profiles/D2902272_109.nc,20220419043519.0,18.165,63.494,I,846,IN,20230510233415,2022-04-19 04:35:19,incois,2902272
incois/2902272/profiles/D2902272_110.nc,20220429044142.0,17.901,63.584,I,846,IN,20230510233415,2022-04-29 04:41:42,incois,2902272
incois/2902272/profiles/D2902272_111.nc,20220509045744.0,17.74,63.623,I,846,IN,20230510233415,2022-05-09 04:57:44,incois,2902272
incois/2902272/profiles/D2902272_112.nc,20220519043321.0,17.617,63.793,I,846,IN,20230510233415,2022-05-19 04:33:21,incois,2902272
incois/2902272/profiles/D2902272_113.nc,20220529042642.0,17.613,64.07,I,846,IN,20230510233415,2022-05-29 04:26:42,incois,2902272
incois/2902272/profiles/D2902272_114.nc,20220608041809.0,17.634,64.176,I,846,IN,20230510233415,2022-06-08 04:18:09,incois,2902272
incois/2902272/profiles/D2902272_115.nc,20220618043409.0,17.786,64.043,I,846,IN,20230510233415,2022-06-18 04:34:09,incois,2902272
incois/2902272/profiles/D2902272_116.nc,20220628040601.0,17.978,63.765,I,846,IN,20230510233415,2022-06-28 04:06:01,incois,2902272
incois/2902272/profiles/D2902272_117.nc,20220708035222.0,18.206,63.457,I,846,IN,20230510233415,2022-07-08 03:52:22,incois,2902272
incois/2902272/profiles/D2902272_118.nc,20220718034840.0,18.463,63.149,I,846,IN,20230510233415,2022-07-18 03:48:40,incois,2902272
incois/2902272/profiles/D2902272_119.nc,20220728034624.0,18.681,62.997,I,846,IN,20230510233415,2022-07-28 03:46:24,incois,2902272
incois/2902272/profiles/D2902272_120.nc,20220807034919.0,18.718,62.917,I,846,IN,20230510233415,2022-08-07 03:49:19,incois,2902272
incois/2902272/profiles/D2902272_121.nc,20220817032239.0,18.578,62.762,I,846,IN,20230510233415,2022-08-17 03:22:39,incois,2902272
incois/2902272/profiles/D2902272_122.nc,20220827025857.0,18.123,62.551,I,846,IN,20230510233415,2022-08-27 02:58:57,incois,2902272
incois/2902272/profiles/D2902272_123.nc,20220906024608.0,17.58,62.526,I,846,IN,20230510233415,2022-09-06 02:46:08,incois,2902272
incois/2902272/profiles/D2902272_124.nc,20220916024234.0,17.07,62.797,I,846,IN,20230510233415,2022-09-16 02:42:34,incois,2902272
incois/2902272/profiles/D2902272_125.nc,20220926023502.0,17.248,63.158,I,846,IN,20250526130142,2022-09-26 02:35:02,incois,2902272
incois/2902272/profiles/D2902272_126.nc,20221006023855.0,17.844,63.333,I,846,IN,20250526130145,2022-10-06 02:38:55,incois,2902272
incois/2902272/profiles/D2902272_129.nc,20221105030754.0,18.444,63.503,I,846,IN,20250526130148,2022-11-05 03:07:54,incois,2902272
incois/2902272/profiles/D2902272_131.nc,20221125031358.0,18.165,63.617,I,846,IN,20250526130150,2022-11-25 03:13:58,incois,2902272
incois/2902272/profiles/D2902272_132.nc,20221205025650.0,17.803,63.682,I,846,IN,20250526130153,2022-12-05 02:56:50,incois,2902272
incois/2902272/profiles/D2902272_133.nc,20221215023512.0,17.607,63.62,I,846,IN,20250526130155,2022-12-15 02:35:12,incois,2902272
incois/2902272/profiles/D2902272_134.nc,20221225022041.0,17.908,63.479,I,846,IN,20250526130158,2022-12-25 02:20:41,incois,2902272
incois/2902272/profiles/D2902272_135.nc,20230104020007.0,18.155,63.402,I,846,IN,20250526130200,2023-01-04 02:00:07,incois,2902272
incois/2902272/profiles/D2902272_136.nc,20230114014405.0,18.29,63.388,I,846,IN,20250526130203,2023-01-14 01:44:05,incois,2902272
incois/2902272/profiles/D2902272_137.nc,20230124012407.0,18.451,63.314,I,846,IN,20250526130205,2023-01-24 01:24:07,incois,2902272
incois/2902272/profiles/D2902272_138.nc,20230203005135.0,18.566,63.189,I,846,IN,20250526130208,2023-02-03 00:51:35,incois,2902272
incois/2902272/profiles/D2902272_139.nc,20230213010018.0,18.658,62.992,I,846,IN,20250526130210,2023-02-13 01:00:18,incois,2902272
incois/2902272/profiles/D2902272_140.nc,20230223004402.0,18.667,62.839,I,846,IN,20250526130213,2023-02-23 00:44:02,incois,2902272
incois/2902272/profiles/D2902272_141.nc,20230305003640.0,18.426,62.74,I,846,IN,20250526130215,2023-03-05 00:36:40,incois,2902272
incois/2902272/profiles/D2902272_142.nc,20230315003704.0,18.092,62.79,I,846,IN,20250526130218,2023-03-15 00:37:04,incois,2902272
incois/2902272/profiles/D2902272_143.nc,20230325001428.0,17.964,63.165,I,846,IN,20250526130221,2023-03-25 00:14:28,incois,2902272
incois/2902272/profiles/D2902272_144.nc,20230404001640.0,18.231,63.495,I,846,IN,20250526130223,2023-04-04 00:16:40,incois,2902272
incois/2902272/profiles/D2902272_145.nc,20230414000504.0,18.458,63.746,I,846,IN,20250526130226,2023-04-14 00:05:04,incois,2902272
incois/2902272/profiles/D2902272_146.nc,20230423235931.0,18.474,64.105,I,846,IN,20250526130228,2023-04-23 23:59:31,incois,2902272
incois/2902272/profiles/D2902272_147.nc,20230504002047.0,18.19,64.405,I,846,IN,20250526130231,2023-05-04 00:20:47,incois,2902272
incois/2902272/profiles/D2902272_148.nc,20230514010519.0,17.649,64.424,I,846,IN,20250526130233,2023-05-14 01:05:19,incois,2902272
incois/2902272/profiles/D2902272_149.nc,20230524011605.0,17.166,64.247,I,846,IN,20250526130236,2023-05-24 01:16:05,incois,2902272
incois/2902272/profiles/D2902272_150.nc,20230603004007.0,16.964,64.129,I,846,IN,20250526130238,2023-06-03 00:40:07,incois,2902272
incois/2902272/profiles/D2902272_151.nc,20230612235658.0,16.955,64.035,I,846,IN,20250526130241,2023-06-12 23:56:58,incois,2902272
incois/2902272/profiles/D2902272_152.nc,20230622232256.0,17.158,63.911,I,846,IN,20250526130243,2023-06-22 23:22:56,incois,2902272
incois/2902272/profiles/D2902272_153.nc,20230702224243.0,17.471,63.857,I,846,IN,20250526130246,2023-07-02 22:42:43,incois,2902272
incois/2902272/profiles/D2902272_154.nc,20230712220222.0,17.813,63.84,I,846,IN,20250526130248,2023-07-12 22:02:22,incois,2902272
incois/2902272/profiles/D2902272_155.nc,20230722210353.0,17.937,63.923,I,846,IN,20250526130251,2023-07-22 21:03:53,incois,2902272
incois/2902272/profiles/D2902272_156.nc,20230801200623.0,17.78,64.199,I,846,IN,20250526130253,2023-08-01 20:06:23,incois,2902272
incois/2902272/profiles/D2902272_157.nc,20230811190939.0,17.677,64.683,I,846,IN,20250526130255,2023-08-11 19:09:39,incois,2902272
incois/2902272/profiles/D2902272_158.nc,20230821175854.0,17.499,65.206,I,846,IN,20250526130258,2023-08-21 17:58:54,incois,2902272
incois/2902272/profiles/D2902272_159.nc,20230831170902.0,17.598,65.45,I,846,IN,20250526130300,2023-08-31 17:09:02,incois,2902272
incois/2902272/profiles/D2902272_168.nc,20231129090858.0,17.234,65.699,I,846,IN,20250526130302,2023-11-29 09:08:58,incois,2902272
incois/2902272/profiles/D2902272_169.nc,20231209083957.0,17.477,65.432,I,846,IN,20250526130304,2023-12-09 08:39:57,incois,2902272
incois/2902272/profiles/D2902272_170.nc,20231219075752.0,17.803,65.076,I,846,IN,20250526130307,2023-12-19 07:57:52,incois,2902272
incois/2902272/profiles/D2902272_171.nc,20231229071700.0,17.884,64.794,I,846,IN,20250526130309,2023-12-29 07:17:00,incois,2902272
incois/2902273/profiles/D2902273_100.nc,20220119101013.0,16.471,70.726,I,846,IN,20230512013635,2022-01-19 10:10:13,incois,2902273
incois/2902273/profiles/D2902273_101.nc,20220129100432.0,16.052,70.376,I,846,IN,20230512013635,2022-01-29 10:04:32,incois,2902273
incois/2902273/profiles/D2902273_102.nc,20220208100207.0,15.614,69.986,I,846,IN,20230512013635,2022-02-08 10:02:07,incois,2902273
incois/2902273/profiles/D2902273_103.nc,20220218100212.0,15.219,69.819,I,846,IN,20230512013635,2022-02-18 10:02:12,incois,2902273
incois/2902273/profiles/D2902273_108.nc,20220409064923.0,16.59,68.91,I,846,IN,20230512013635,2022-04-09 06:49:23,incois,2902273
incois/2902273/profiles/D2902273_109.nc,20220419070038.0,16.777,68.389,I,846,IN,20230512013635,2022-04-19 07:00:38,incois,2902273
incois/2902273/profiles/D2902273_110.nc,20220429070653.0,16.835,67.897,I,846,IN,20230512013635,2022-04-29 07:06:53,incois,2902273
incois/2902273/profiles/D2902273_111.nc,20220509073246.0,16.772,67.411,I,846,IN,20230512013635,2022-05-09 07:32:46,incois,2902273
incois/2902273/profiles/D2902273_112.nc,20220519075809.0,16.744,66.889,I,846,IN,20230512013635,2022-05-19 07:58:09,incois,2902273
incois/2902273/profiles/D2902273_113.nc,20220529080549.0,16.775,66.396,I,846,IN,20230512013635,2022-05-29 08:05:49,incois,2902273
incois/2902273/profiles/D2902273_115.nc,20220618075543.0,16.876,65.685,I,846,IN,20230512013635,2022-06-18 07:55:43,incois,2902273
incois/2902273/profiles/D2902273_116.nc,20220628080036.0,16.679,65.746,I,846,IN,20230512013635,2022-06-28 08:00:36,incois,2902273
incois/2902273/profiles/D2902273_117.nc,20220708081528.0,16.316,65.884,I,846,IN,20230512013635,2022-07-08 08:15:28,incois,2902273
incois/2902273/profiles/D2902273_118.nc,20220718075445.0,15.855,65.953,I,846,IN,20230512013635,2022-07-18 07:54:45,incois,2902273
incois/2902273/profiles/D2902273_119.nc,20220728073940.0,15.469,66.033,I,846,IN,20230512013635,2022-07-28 07:39:40,incois,2902273
incois/2902273/profiles/D2902273_120.nc,20220807072346.0,15.349,66.099,I,846,IN,20230512013635,2022-08-07 07:23:46,incois,2902273
incois/2902273/profiles/D2902273_121.nc,20220817072801.0,15.563,66.108,I,846,IN,20230512013635,2022-08-17 07:28:01,incois,2902273
incois/2902273/profiles/D2902273_122.nc,20220827073931.0,15.869,66.154,I,846,IN,20230512013635,2022-08-27 07:39:31,incois,2902273
incois/2902273/profiles/D2902273_123.nc,20220906074930.0,16.307,66.205,I,846,IN,20230512013635,2022-09-06 07:49:30,incois,2902273
incois/2902273/profiles/D2902273_124.nc,20220916074024.0,16.75,66.114,I,846,IN,20230512013635,2022-09-16 07:40:24,incois,2902273
incois/2902273/profiles/D2902273_125.nc,20220926074242.0,17.27,65.933,I,846,IN,20230512013635,2022-09-26 07:42:42,incois,2902273
incois/2902273/profiles/D2902273_126.nc,20221006074129.0,17.685,65.865,I,846,IN,20230512013635,2022-10-06 07:41:29,incois,2902273
incois/2902273/profiles/R2902273_104.nc,20220228095810.0,14.923,69.917,I,846,IN,20220413085438,2022-02-28 09:58:10,incois,2902273
incois/2902273/profiles/R2902273_105.nc,20220310095358.0,15.03,70.192,I,846,IN,20220413085501,2022-03-10 09:53:58,incois,2902273
incois/2902273/profiles/R2902273_106.nc,20220320064619.0,15.595,69.873,I,846,IN,20220413085544,2022-03-20 06:46:19,incois,2902273
incois/2902273/profiles/R2902273_129.nc,20221105073415.0,18.182,66.36,I,846,IN,20221106013500,2022-11-05 07:34:15,incois,2902273
incois/2902273/profiles/R2902273_131.nc,20221125072312.0,18.042,66.648,I,846,IN,20221126075404,2022-11-25 07:23:12,incois,2902273
incois/2902273/profiles/R2902273_132.nc,20221205071206.0,17.98,66.704,I,846,IN,20221208082029,2022-12-05 07:12:06,incois,2902273
incois/2902273/profiles/R2902273_133.nc,20221215070328.0,17.952,66.787,I,846,IN,20221216040848,2022-12-15 07:03:28,incois,2902273
incois/2902273/profiles/R2902273_134.nc,20221225065828.0,17.887,66.846,I,846,IN,20221228153655,2022-12-25 06:58:28,incois,2902273
incois/2902273/profiles/R2902273_135.nc,20230104064923.0,17.831,66.912,I,846,IN,20230106052004,2023-01-04 06:49:23,incois,2902273
incois/2902273/profiles/R2902273_136.nc,20230114062611.0,17.829,67.012,I,846,IN,20230117031513,2023-01-14 06:26:11,incois,2902273
incois/2902273/profiles/R2902273_137.nc,20230124061116.0,17.937,67.159,I,846,IN,20230125084226,2023-01-24 06:11:16,incois,2902273
incois/2902273/profiles/R2902273_139.nc,20230213060217.0,18.165,67.186,I,846,IN,20230213123044,2023-02-13 06:02:17,incois,2902273
incois/2902273/profiles/R2902273_140.nc,20230223055152.0,18.268,67.047,I,846,IN,20230223123043,2023-02-23 05:51:52,incois,2902273
incois/2902273/profiles/R2902273_141.nc,20230305054828.0,18.398,66.895,I,846,IN,20230305123042,2023-03-05 05:48:28,incois,2902273
incois/2902273/profiles/R2902273_142.nc,20230315055256.0,18.356,66.892,I,846,IN,20230315123045,2023-03-15 05:52:56,incois,2902273
incois/2902273/profiles/R2902273_143.nc,20230325060507.0,17.999,66.742,I,846,IN,20230325123045,2023-03-25 06:05:07,incois,2902273
incois/2902273/profiles/R2902273_144.nc,20230404060345.0,17.498,66.418,I,846,IN,20230404123046,2023-04-04 06:03:45,incois,2902273
incois/2902273/profiles/R2902273_145.nc,20230414060315.0,16.974,66.186,I,846,IN,20230414123212,2023-04-14 06:03:15,incois,2902273
incois/2902273/profiles/R2902273_146.nc,20230424054732.0,16.649,66.344,I,846,IN,20230424123044,2023-04-24 05:47:32,incois,2902273
incois/2902273/profiles/R2902273_148.nc,20230514055922.0,17.357,66.644,I,846,IN,20230514123046,2023-05-14 05:59:22,incois,2902273
incois/2902273/profiles/R2902273_149.nc,20230524060613.0,17.784,66.587,I,846,IN,20230524123043,2023-05-24 06:06:13,incois,2902273
incois/2902273/profiles/R2902273_150.nc,20230603060042.0,17.92,66.79,I,846,IN,20230603123045,2023-06-03 06:00:42,incois,2902273
incois/2902273/profiles/R2902273_151.nc,20230613063706.0,17.631,67.058,I,846,IN,20230613123226,2023-06-13 06:37:06,incois,2902273
incois/2902273/profiles/R2902273_152.nc,20230623065405.0,17.22,67.171,I,846,IN,20230623123044,2023-06-23 06:54:05,incois,2902273
incois/2902273/profiles/R2902273_154.nc,20230713073235.0,16.512,66.792,I,846,IN,20230713123045,2023-07-13 07:32:35,incois,2902273
incois/2902273/profiles/R2902273_155.nc,20230723072650.0,16.29,66.607,I,846,IN,20230723123044,2023-07-23 07:26:50,incois,2902273
incois/2902273/profiles/R2902273_156.nc,20230802075035.0,16.357,66.36,I,846,IN,20230802123045,2023-08-02 07:50:35,incois,2902273
incois/2902273/profiles/R2902273_157.nc,20230812074043.0,16.383,66.244,I,846,IN,20230812123046,2023-08-12 07:40:43,incois,2902273
incois/2902273/profiles/R2902273_158.nc,20230822073152.0,16.432,66.358,I,846,IN,20230822123046,2023-08-22 07:31:52,incois,2902273
incois/2902273/profiles/R2902273_159.nc,20230901073338.0,16.457,66.504,I,846,IN,20230901123319,2023-09-01 07:33:38,incois,2902273
incois/2902273/profiles/R2902273_160.nc,20230911071927.0,16.488,66.536,I,846,IN,20230911123049,2023-09-11 07:19:27,incois,2902273
incois/2902273/profiles/R2902273_161.nc,20230921072342.0,16.441,66.548,I,846,IN,20230921123045,2023-09-21 07:23:42,incois,2902273
incois/2902273/profiles/R2902273_162.nc,20231001073247.0,16.394,66.624,I,846,IN,20231001123043,2023-10-01 07:32:47,incois,2902273
incois/2902273/profiles/R2902273_163.nc,20231011073440.0,16.283,66.759,I,846,IN,20231011123108,2023-10-11 07:34:40,incois,2902273
incois/2902273/profiles/R2902273_164.nc,20231021073834.0,16.359,66.93,I,846,IN,20231021123020,2023-10-21 07:38:34,incois,2902273
incois/2902273/profiles/R2902273_165.nc,20231031072602.0,16.571,67.04,I,846,IN,20231031123050,2023-10-31 07:26:02,incois,2902273
incois/2902273/profiles/R2902273_166.nc,20231110073657.0,16.687,67.178,I,846,IN,20231110123046,2023-11-10 07:36:57,incois,2902273
incois/2902273/profiles/R2902273_167.nc,20231120073958.0,16.815,67.211,I,846,IN,20231120123049,2023-11-20 07:39:58,incois,2902273
incois/2902273/profiles/R2902273_168.nc,20231130080352.0,16.973,67.058,I,846,IN,20231130103047,2023-11-30 08:03:52,incois,2902273
incois/2902273/profiles/R2902273_169.nc,20231210075948.0,16.978,66.928,I,846,IN,20231210103049,2023-12-10 07:59:48,incois,2902273
incois/2902273/profiles/R2902273_170.nc,20231220082244.0,16.853,66.843,I,846,IN,20231220103107,2023-12-20 08:22:44,incois,2902273
incois/2902273/profiles/R2902273_171.nc,20231230082242.0,16.788,66.829,I,846,IN,20231230103048,2023-12-30 08:22:42,incois,2902273
incois/2902275/profiles/D2902275_179.nc,20220109193806.0,18.275,68.685,I,846,IN,20250522084922,2022-01-09 19:38:06,incois,2902275
incois/2902275/profiles/D2902275_180.nc,20220115181940.0,18.107,68.806,I,846,IN,20230512043610,2022-01-15 18:19:40,incois,2902275
incois/2902275/profiles/D2902275_181.nc,20220121181943.0,18.027,69.007,I,846,IN,20250522084925,2022-01-21 18:19:43,incois,2902275
incois/2902275/profiles/D2902275_182.nc,20220126183952.0,18.012,69.23,I,846,IN,20230512043610,2022-01-26 18:39:52,incois,2902275
incois/2902275/profiles/D2902275_184.nc,20220206183221.0,18.06,69.656,I,846,IN,20230512043610,2022-02-06 18:32:21,incois,2902275
incois/2902275/profiles/D2902275_185.nc,20220211191056.0,18.113,69.774,I,846,IN,20230512043610,2022-02-11 19:10:56,incois,2902275
incois/2902275/profiles/D2902275_186.nc,20220217192216.0,18.233,69.784,I,846,IN,20230512043610,2022-02-17 19:22:16,incois,2902275
incois/2902275/profiles/D2902275_187.nc,20220223190449.0,18.247,69.81,I,846,IN,20250522084927,2022-02-23 19:04:49,incois,2902275
incois/2902275/profiles/D2902275_188.nc,20220301185552.0,18.207,69.817,I,846,IN,20250522084930,2022-03-01 18:55:52,incois,2902275
incois/2902275/profiles/D2902275_189.nc,20220307184949.0,18.129,69.842,I,846,IN,20250522084932,2022-03-07 18:49:49,incois,2902275
incois/2902275/profiles/D2902275_190.nc,20220313184252.0,18.006,69.825,I,846,IN,20250522084935,2022-03-13 18:42:52,incois,2902275
incois/2902275/profiles/D2902275_191.nc,20220319190545.0,17.869,69.826,I,846,IN,20250522084937,2022-03-19 19:05:45,incois,2902275
incois/2902275/profiles/D2902275_192.nc,20220325185619.0,17.684,69.843,I,846,IN,20250522084940,2022-03-25 18:56:19,incois,2902275
incois/2902275/profiles/D2902275_193.nc,20220331191554.0,17.579,69.819,I,846,IN,20250522084942,2022-03-31 19:15:54,incois,2902275
incois/2902275/profiles/D2902275_195.nc,20220412191101.0,17.373,69.799,I,846,IN,20250522084945,2022-04-12 19:11:01,incois,2902275
incois/2902275/profiles/D2902275_196.nc,20220418190422.0,17.298,69.763,I,846,IN,20250522084947,2022-04-18 19:04:22,incois,2902275
incois/2902275/profiles/D2902275_197.nc,20220424200506.0,17.234,69.719,I,846,IN,20230512043610,2022-04-24 20:05:06,incois,2902275
incois/2902275/profiles/D2902275_198.nc,20220430192524.0,17.198,69.698,I,846,IN,20230512043610,2022-04-30 19:25:24,incois,2902275
incois/2902275/profiles/D2902275_199.nc,20220506193543.0,17.165,69.689,I,846,IN,20230512043610,2022-05-06 19:35:43,incois,2902275
incois/2902275/profiles/D2902275_200.nc,20220512192741.0,17.168,69.719,I,846,IN,20230512043610,2022-05-12 19:27:41,incois,2902275
incois/2902275/profiles/D2902275_201.nc,20220518194758.0,17.224,69.736,I,846,IN,20250522084950,2022-05-18 19:47:58,incois,2902275
incois/2902275/profiles/D2902275_202.nc,20220524192326.0,17.277,69.804,I,846,IN,20230512043610,2022-05-24 19:23:26,incois,2902275
incois/2902275/profiles/D2902275_203.nc,20220530192622.0,17.349,69.822,I,846,IN,20230512043610,2022-05-30 19:26:22,incois,2902275
incois/2902275/profiles/D2902275_204.nc,20220605192449.0,17.391,69.818,I,846,IN,20230512043610,2022-06-05 19:24:49,incois,2902275
incois/2902275/profiles/D2902275_205.nc,20220611191938.0,17.463,69.789,I,846,IN,20250522084953,2022-06-11 19:19:38,incois,2902275
incois/2902275/profiles/D2902275_206.nc,20220617192123.0,17.573,69.763,I,846,IN,20230512043610,2022-06-17 19:21:23,incois,2902275
incois/2902275/profiles/D2902275_207.nc,20220623192607.0,17.706,69.653,I,846,IN,20230512043610,2022-06-23 19:26:07,incois,2902275
incois/2902275/profiles/D2902275_208.nc,20220629191602.0,17.751,69.53,I,846,IN,20230512043610,2022-06-29 19:16:02,incois,2902275
incois/2902275/profiles/D2902275_209.nc,20220705191736.0,17.714,69.421,I,846,IN,20230512043610,2022-07-05 19:17:36,incois,2902275
incois/2902275/profiles/D2902275_210.nc,20220711185212.0,17.631,69.361,I,846,IN,20230512043610,2022-07-11 18:52:12,incois,2902275
incois/2902275/profiles/D2902275_211.nc,20220717184202.0,17.57,69.279,I,846,IN,20230512043610,2022-07-17 18:42:02,incois,2902275
incois/2902275/profiles/D2902275_212.nc,20220723183816.0,17.492,69.272,I,846,IN,20230512043610,2022-07-23 18:38:16,incois,2902275
incois/2902275/profiles/D2902275_213.nc,20220729183326.0,17.318,69.246,I,846,IN,20230512043610,2022-07-29 18:33:26,incois,2902275
incois/2902275/profiles/D2902275_214.nc,20220804185630.0,17.136,69.25,I,846,IN,20230512043610,2022-08-04 18:56:30,incois,2902275
incois/2902275/profiles/D2902275_215.nc,20220810184155.0,17.057,69.334,I,846,IN,20230512043610,2022-08-10 18:41:55,incois,2902275
incois/2902275/profiles/D2902275_216.nc,20220816184756.0,16.961,69.447,I,846,IN,20230512043610,2022-08-16 18:47:56,incois,2902275
incois/2902275/profiles/D2902275_217.nc,20220822184809.0,16.957,69.597,I,846,IN,20230512043610,2022-08-22 18:48:09,incois,2902275
incois/2902275/profiles/D2902275_218.nc,20220828184931.0,17.104,69.727,I,846,IN,20230512043610,2022-08-28 18:49:31,incois,2902275
incois/2902275/profiles/D2902275_219.nc,20220903183356.0,17.282,69.852,I,846,IN,20230512043610,2022-09-03 18:33:56,incois,2902275
incois/2902275/profiles/D2902275_220.nc,20220909183004.0,17.461,69.892,I,846,IN,20230512043610,2022-09-09 18:30:04,incois,2902275
incois/2902275/profiles/D2902275_221.nc,20220915192022.0,17.631,69.853,I,846,IN,20230512043610,2022-09-15 19:20:22,incois,2902275
incois/2902275/profiles/D2902275_222.nc,20220921185837.0,17.794,69.807,I,846,IN,20230512043610,2022-09-21 18:58:37,incois,2902275
incois/2902275/profiles/D2902275_223.nc,20220927185953.0,17.924,69.769,I,846,IN,20250522084956,2022-09-27 18:59:53,incois,2902275
incois/2902275/profiles/D2902275_224.nc,20221003191012.0,18.047,69.677,I,846,IN,20250522084959,2022-10-03 19:10:12,incois,2902275
incois/2902275/profiles/D2902275_225.nc,20221009185911.0,18.055,69.718,I,846,IN,20250522085001,2022-10-09 18:59:11,incois,2902275
incois/2902275/profiles/D2902275_227.nc,20221021185912.0,18.082,69.785,I,846,IN,20250522085004,2022-10-21 18:59:12,incois,2902275
incois/2902275/profiles/D2902275_228.nc,20221027192502.0,18.061,69.878,I,846,IN,20250522085006,2022-10-27 19:25:02,incois,2902275
incois/2902275/profiles/D2902275_229.nc,20221102185928.0,18.016,69.975,I,846,IN,20250522085009,2022-11-02 18:59:28,incois,2902275
incois/2902275/profiles/D2902275_230.nc,20221108191056.0,18.001,69.994,I,846,IN,20250522085011,2022-11-08 19:10:56,incois,2902275
incois/2902275/profiles/D2902275_231.nc,20221114191105.0,17.875,70.069,I,846,IN,20250522085013,2022-11-14 19:11:05,incois,2902275
incois/2902275/profiles/D2902275_232.nc,20221120184956.0,17.663,70.246,I,846,IN,20250522085016,2022-11-20 18:49:56,incois,2902275
incois/2902275/profiles/D2902275_233.nc,20221126192114.0,17.488,70.341,I,846,IN,20250522085018,2022-11-26 19:21:14,incois,2902275
incois/2902275/profiles/D2902275_234.nc,20221202191250.0,17.378,70.319,I,846,IN,20250522085021,2022-12-02 19:12:50,incois,2902275
incois/2902275/profiles/D2902275_235.nc,20221208190821.0,17.258,70.324,I,846,IN,20250522085023,2022-12-08 19:08:21,incois,2902275
incois/2902275/profiles/D2902275_236.nc,20221214185136.0,17.085,70.342,I,846,IN,20250522085026,2022-12-14 18:51:36,incois,2902275
incois/2902275/profiles/D2902275_237.nc,20221220185151.0,16.825,70.399,I,846,IN,20250522085028,2022-12-20 18:51:51,incois,2902275
incois/2902275/profiles/D2902275_238.nc,20221226184521.0,16.526,70.526,I,846,IN,20250522085031,2022-12-26 18:45:21,incois,2902275
incois/2902275/profiles/D2902275_239.nc,20230101191204.0,16.453,70.674,I,846,IN,20250522085033,2023-01-01 19:12:04,incois,2902275
incois/2902275/profiles/D2902275_240.nc,20230107184851.0,16.552,70.676,I,846,IN,20250522085035,2023-01-07 18:48:51,incois,2902275
incois/2902275/profiles/D2902275_241.nc,20230113184338.0,16.56,70.529,I,846,IN,20250522085038,2023-01-13 18:43:38,incois,2902275
incois/2902275/profiles/D2902275_242.nc,20230119184248.0,16.506,70.424,I,846,IN,20250522085041,2023-01-19 18:42:48,incois,2902275
incois/2902275/profiles/D2902275_243.nc,20230125190133.0,16.453,70.318,I,846,IN,20250522085043,2023-01-25 19:01:33,incois,2902275
incois/2902275/profiles/D2902275_245.nc,20230206184611.0,16.347,70.106,I,846,IN,20250522085046,2023-02-06 18:46:11,incois,2902275
incois/2902275/profiles/D2902275_246.nc,20230212185524.0,16.386,70.088,I,846,IN,20250522085048,2023-02-12 18:55:24,incois,2902275
incois/2902275/profiles/D2902275_247.nc,20230218184315.0,16.491,70.057,I,846,IN,20250522085051,2023-02-18 18:43:15,incois,2902275
incois/2902275/profiles/D2902275_248.nc,20230224183756.0,16.708,70.069,I,846,IN,20250522085053,2023-02-24 18:37:56,incois,2902275
incois/2902275/profiles/D2902275_249.nc,20230302185823.0,16.929,69.98,I,846,IN,20250522085056,2023-03-02 18:58:23,incois,2902275
incois/2902276/profiles/D2902276_098.nc,20220110021724.0,21.918,64.855,I,846,IN,20250522084841,2022-01-10 02:17:24,incois,2902276
incois/2902276/profiles/D2902276_099.nc,20220120053514.0,21.894,64.465,I,846,IN,20230512042509,2022-01-20 05:35:14,incois,2902276
incois/2902276/profiles/D2902276_100.nc,20220130090600.0,21.909,64.134,I,846,IN,20230512042509,2022-01-30 09:06:00,incois,2902276
incois/2902276/profiles/D2902276_101.nc,20220209123625.0,21.962,63.976,I,846,IN,20230512042509,2022-02-09 12:36:25,incois,2902276
incois/2902276/profiles/D2902276_102.nc,20220219160416.0,22.017,63.814,I,846,IN,20250522084843,2022-02-19 16:04:16,incois,2902276
incois/2902276/profiles/D2902276_104.nc,20220311195731.0,22.05,63.955,I,846,IN,20250522084844,2022-03-11 19:57:31,incois,2902276
incois/2902276/profiles/D2902276_106.nc,20220331210852.0,21.755,64.085,I,846,IN,20250522084846,2022-03-31 21:08:52,incois,2902276
incois/2902276/profiles/D2902276_107.nc,20220410214935.0,21.817,64.278,I,846,IN,20230512042509,2022-04-10 21:49:35,incois,2902276
incois/2902276/profiles/D2902276_108.nc,20220420215723.0,22.002,65.012,I,846,IN,20230512042509,2022-04-20 21:57:23,incois,2902276
incois/2902276/profiles/D2902276_109.nc,20220430221457.0,22.176,65.567,I,846,IN,20230512042509,2022-04-30 22:14:57,incois,2902276
incois/2902276/profiles/D2902276_110.nc,20220510224933.0,22.143,65.767,I,846,IN,20230512042509,2022-05-10 22:49:33,incois,2902276
incois/2902276/profiles/D2902276_111.nc,20220521000249.0,22.232,65.791,I,846,IN,20230512042509,2022-05-21 00:02:49,incois,2902276
incois/2902276/profiles/D2902276_113.nc,20220610011222.0,22.711,65.993,I,846,IN,20230512042509,2022-06-10 01:12:22,incois,2902276
incois/2902276/profiles/D2902276_115.nc,20220629234656.0,22.994,65.918,I,846,IN,20230512042509,2022-06-29 23:46:56,incois,2902276
incois/2902276/profiles/D2902276_116.nc,20220710005843.0,22.55,66.068,I,846,IN,20230512042509,2022-07-10 00:58:43,incois,2902276
incois/2902276/profiles/D2902276_117.nc,20220720005419.0,22.648,66.171,I,846,IN,20230512042509,2022-07-20 00:54:19,incois,2902276
incois/2902276/profiles/D2902276_118.nc,20220730014847.0,22.749,66.274,I,846,IN,20230512042509,2022-07-30 01:48:47,incois,2902276
incois/2902276/profiles/D2902276_119.nc,20220809002652.0,23.213,66.025,I,846,IN,20230512042509,2022-08-09 00:26:52,incois,2902276
incois/2902276/profiles/D2902276_120.nc,20220818223814.0,23.274,65.506,I,846,IN,20230512042509,2022-08-18 22:38:14,incois,2902276
incois/2902276/profiles/D2902276_121.nc,20220828203324.0,23.309,65.522,I,846,IN,20250522084848,2022-08-28 20:33:24,incois,2902276
incois/2902276/profiles/D2902276_128.nc,20221106182712.0,23.583,65.623,I,846,IN,20250522084848,2022-11-06 18:27:12,incois,2902276
incois/2902276/profiles/D2902276_129.nc,20221116175907.0,23.64,65.636,I,846,IN,20250522084849,2022-11-16 17:59:07,incois,2902276
incois/2902276/profiles/D2902276_130.nc,20221126152658.0,23.559,65.731,I,846,IN,20250522084850,2022-11-26 15:26:58,incois,2902276
incois/2902276/profiles/D2902276_132.nc,20221216131533.0,23.721,65.534,I,846,IN,20250522084851,2022-12-16 13:15:33,incois,2902276
incois/2902276/profiles/D2902276_133.nc,20221226144728.0,23.803,65.434,I,846,IN,20250522084853,2022-12-26 14:47:28,incois,2902276
incois/2902276/profiles/D2902276_136.nc,20230125174539.0,24.05,65.136,I,846,IN,20250522084854,2023-01-25 17:45:39,incois,2902276
incois/2902276/profiles/D2902276_138.nc,20230215010520.0,24.217,64.933,I,846,IN,20250522084855,2023-02-15 01:05:20,incois,2902276
incois/2902276/profiles/D2902276_139.nc,20230225043853.0,24.361,64.971,I,846,IN,20250522084856,2023-02-25 04:38:53,incois,2902276
incois/2902276/profiles/D2902276_143.nc,20230406130747.0,24.749,65.206,I,846,IN,20250522084857,2023-04-06 13:07:47,incois,2902276
incois/2902276/profiles/D2902276_145.nc,20230426191142.0,24.662,65.427,I,846,IN,20250522084858,2023-04-26 19:11:42,incois,2902276
incois/2902276/profiles/D2902276_147.nc,20230517022532.0,24.573,65.65,I,846,IN,20250522084859,2023-05-17 02:25:32,incois,2902276
incois/2902276/profiles/D2902276_148.nc,20230527023212.0,24.642,65.44,I,846,IN,20250522084900,2023-05-27 02:32:12,incois,2902276
incois/2902276/profiles/D2902276_150.nc,20230616031802.0,24.822,64.873,I,846,IN,20250522084901,2023-06-16 03:18:02,incois,2902276
incois/2902276/profiles/D2902276_151.nc,20230626044638.0,24.798,65.046,I,846,IN,20250522084903,2023-06-26 04:46:38,incois,2902276
incois/2902276/profiles/D2902276_154.nc,20230726064737.0,24.644,65.746,I,846,IN,20250522084904,2023-07-26 06:47:37,incois,2902276
incois/2902276/profiles/D2902276_155.nc,20230805055147.0,24.739,65.546,I,846,IN,20250522084905,2023-08-05 05:51:47,incois,2902276
incois/2902276/profiles/D2902276_156.nc,20230815053725.0,24.838,65.339,I,846,IN,20250522084906,2023-08-15 05:37:25,incois,2902276
incois/2902276/profiles/D2902276_157.nc,20230825081058.0,24.94,65.126,I,846,IN,20250522084907,2023-08-25 08:10:58,incois,2902276
incois/2902276/profiles/D2902276_158.nc,20230904101712.0,24.76,65.141,I,846,IN,20250522084908,2023-09-04 10:17:12,incois,2902276
incois/2902276/profiles/D2902276_159.nc,20230914131907.0,24.588,65.175,I,846,IN,20250522084909,2023-09-14 13:19:07,incois,2902276
incois/2902276/profiles/D2902276_160.nc,20230924154315.0,24.416,65.208,I,846,IN,20250522084910,2023-09-24 15:43:15,incois,2902276
incois/2902276/profiles/D2902276_161.nc,20231004182553.0,24.242,65.242,I,846,IN,20250522084912,2023-10-04 18:25:53,incois,2902276
incois/2902276/profiles/D2902276_162.nc,20231014204904.0,23.927,64.764,I,846,IN,20250522084913,2023-10-14 20:49:04,incois,2902276
incois/2902277/profiles/D2902277_097.nc,20220106143700.0,20.222,68.648,I,846,IN,20230512060502,2022-01-06 14:37:00,incois,2902277
incois/2902277/profiles/D2902277_100.nc,20220205143230.0,19.315,68.011,I,846,IN,20230512060502,2022-02-05 14:32:30,incois,2902277
incois/2902277/profiles/D2902277_101.nc,20220215142601.0,18.912,67.811,I,846,IN,20230512060502,2022-02-15 14:26:01,incois,2902277
incois/2902277/profiles/D2902277_102.nc,20220225143750.0,18.643,67.729,I,846,IN,20250522084032,2022-02-25 14:37:50,incois,2902277
incois/2902277/profiles/D2902277_103.nc,20220307143428.0,18.641,67.77,I,846,IN,20250522084033,2022-03-07 14:34:28,incois,2902277
incois/2902277/profiles/D2902277_104.nc,20220317144926.0,18.825,67.83,I,846,IN,20250522084034,2022-03-17 14:49:26,incois,2902277
incois/2902277/profiles/D2902277_105.nc,20220327144436.0,19.138,67.725,I,846,IN,20250522084036,2022-03-27 14:44:36,incois,2902277
incois/2902277/profiles/D2902277_106.nc,20220406141749.0,19.404,67.305,I,846,IN,20230512060502,2022-04-06 14:17:49,incois,2902277
incois/2902277/profiles/D2902277_107.nc,20220416142823.0,19.598,66.865,I,846,IN,20230512060502,2022-04-16 14:28:23,incois,2902277
incois/2902277/profiles/D2902277_108.nc,20220426144521.0,19.69,66.384,I,846,IN,20230512060502,2022-04-26 14:45:21,incois,2902277
incois/2902277/profiles/D2902277_109.nc,20220506142734.0,19.652,66.057,I,846,IN,20230512060502,2022-05-06 14:27:34,incois,2902277
incois/2902277/profiles/D2902277_110.nc,20220516141203.0,19.653,66.073,I,846,IN,20230512060502,2022-05-16 14:12:03,incois,2902277
incois/2902277/profiles/D2902277_111.nc,20220526140342.0,19.475,66.298,I,846,IN,20230512060502,2022-05-26 14:03:42,incois,2902277
incois/2902277/profiles/D2902277_113.nc,20220615135550.0,19.39,66.757,I,846,IN,20230512060502,2022-06-15 13:55:50,incois,2902277
incois/2902277/profiles/D2902277_114.nc,20220625141724.0,19.715,66.659,I,846,IN,20230512060502,2022-06-25 14:17:24,incois,2902277
incois/2902277/profiles/D2902277_115.nc,20220705142120.0,20.11,66.419,I,846,IN,20230512060502,2022-07-05 14:21:20,incois,2902277
incois/2902277/profiles/D2902277_116.nc,20220715143540.0,20.429,66.2,I,846,IN,20230512060502,2022-07-15 14:35:40,incois,2902277
incois/2902277/profiles/D2902277_117.nc,20220725141935.0,20.67,66.193,I,846,IN,20230512060502,2022-07-25 14:19:35,incois,2902277
incois/2902277/profiles/D2902277_118.nc,20220804141412.0,20.809,66.261,I,846,IN,20230512060502,2022-08-04 14:14:12,incois,2902277
incois/2902277/profiles/D2902277_119.nc,20220814141948.0,20.877,66.261,I,846,IN,20230512060502,2022-08-14 14:19:48,incois,2902277
incois/2902277/profiles/D2902277_120.nc,20220824140045.0,20.84,66.256,I,846,IN,20230512060502,2022-08-24 14:00:45,incois,2902277
incois/2902277/profiles/D2902277_121.nc,20220903141204.0,20.73,66.225,I,846,IN,20230512060502,2022-09-03 14:12:04,incois,2902277
incois/2902277/profiles/D2902277_123.nc,20220923140924.0,20.487,66.053,I,846,IN,20230512060502,2022-09-23 14:09:24,incois,2902277
incois/2902277/profiles/D2902277_124.nc,20221003144518.0,20.358,65.857,I,846,IN,20230512060502,2022-10-03 14:45:18,incois,2902277
incois/2902277/profiles/D2902277_126.nc,20221023145140.0,20.043,65.475,I,846,IN,20250522084039,2022-10-23 14:51:40,incois,2902277
incois/2902277/profiles/D2902277_127.nc,20221102144849.0,19.893,65.293,I,846,IN,20250522084041,2022-11-02 14:48:49,incois,2902277
incois/2902277/profiles/D2902277_128.nc,20221112145403.0,19.692,65.114,I,846,IN,20250522084042,2022-11-12 14:54:03,incois,2902277
incois/2902277/profiles/D2902277_129.nc,20221122145145.0,19.618,64.928,I,846,IN,20250522084043,2022-11-22 14:51:45,incois,2902277
incois/2902277/profiles/D2902277_130.nc,20221202150020.0,19.725,64.764,I,846,IN,20250522084045,2022-12-02 15:00:20,incois,2902277
incois/2902277/profiles/D2902277_131.nc,20221212144453.0,19.867,64.532,I,846,IN,20250522084046,2022-12-12 14:44:53,incois,2902277
incois/2902277/profiles/D2902277_133.nc,20230101144318.0,20.061,63.831,I,846,IN,20250522084047,2023-01-01 14:43:18,incois,2902277
incois/2902277/profiles/D2902277_134.nc,20230111141536.0,20.151,63.367,I,846,IN,20250522084049,2023-01-11 14:15:36,incois,2902277
incois/2902277/profiles/D2902277_135.nc,20230121135828.0,20.405,62.909,I,846,IN,20250522084050,2023-01-21 13:58:28,incois,2902277
incois/2902277/profiles/D2902277_136.nc,20230131135402.0,20.675,62.539,I,846,IN,20250522084051,2023-01-31 13:54:02,incois,2902277
incois/2902277/profiles/D2902277_137.nc,20230210134553.0,21.024,62.257,I,846,IN,20250522084053,2023-02-10 13:45:53,incois,2902277
incois/2902277/profiles/D2902277_138.nc,20230220132003.0,21.307,62.16,I,846,IN,20250522084054,2023-02-20 13:20:03,incois,2902277
incois/2902277/profiles/D2902277_139.nc,20230302130105.0,21.647,62.33,I,846,IN,20250522084055,2023-03-02 13:01:05,incois,2902277
incois/2902277/profiles/D2902277_140.nc,20230312130722.0,21.877,62.847,I,846,IN,20250522084056,2023-03-12 13:07:22,incois,2902277
incois/2902277/profiles/D2902277_141.nc,20230322125345.0,21.373,63.186,I,846,IN,20250522084058,2023-03-22 12:53:45,incois,2902277
incois/2902277/profiles/D2902277_142.nc,20230401121957.0,20.77,63.62,I,846,IN,20250522084059,2023-04-01 12:19:57,incois,2902277
incois/2902277/profiles/D2902277_143.nc,20230411123907.0,20.724,64.406,I,846,IN,20250522084100,2023-04-11 12:39:07,incois,2902277
incois/2902277/profiles/D2902277_144.nc,20230421121715.0,20.873,65.008,I,846,IN,20250522084102,2023-04-21 12:17:15,incois,2902277
incois/2902277/profiles/D2902277_145.nc,20230501121140.0,20.86,65.28,I,846,IN,20250522084103,2023-05-01 12:11:40,incois,2902277
incois/2902277/profiles/D2902277_146.nc,20230511120606.0,20.745,65.329,I,846,IN,20250522084104,2023-05-11 12:06:06,incois,2902277
incois/2902277/profiles/D2902277_147.nc,20230521115619.0,20.583,65.172,I,846,IN,20250522084105,2023-05-21 11:56:19,incois,2902277
incois/2902277/profiles/D2902277_148.nc,20230531121310.0,20.391,65.071,I,846,IN,20250522084107,2023-05-31 12:13:10,incois,2902277
incois/2902277/profiles/D2902277_149.nc,20230610124011.0,20.198,64.966,I,846,IN,20250522084108,2023-06-10 12:40:11,incois,2902277
incois/2902277/profiles/D2902277_150.nc,20230620130226.0,20.036,64.918,I,846,IN,20250522084109,2023-06-20 13:02:26,incois,2902277
incois/2902277/profiles/D2902277_152.nc,20230710132249.0,19.455,64.837,I,846,IN,20250522084111,2023-07-10 13:22:49,incois,2902277
incois/2902277/profiles/D2902277_153.nc,20230720130500.0,19.142,64.708,I,846,IN,20250522084112,2023-07-20 13:05:00,incois,2902277
incois/2902277/profiles/D2902277_154.nc,20230730130019.0,18.893,64.505,I,846,IN,20250522084113,2023-07-30 13:00:19,incois,2902277
incois/2902277/profiles/D2902277_155.nc,20230809131051.0,18.645,64.28,I,846,IN,20250522084115,2023-08-09 13:10:51,incois,2902277
incois/2902277/profiles/D2902277_156.nc,20230819124209.0,18.409,64.247,I,846,IN,20250522084116,2023-08-19 12:42:09,incois,2902277
incois/2902277/profiles/D2902277_157.nc,20230829124416.0,18.251,64.329,I,846,IN,20250522084117,2023-08-29 12:44:16,incois,2902277
incois/2902277/profiles/D2902277_158.nc,20230908124536.0,18.318,64.472,I,846,IN,20250522084119,2023-09-08 12:45:36,incois,2902277
incois/2902277/profiles/D2902277_159.nc,20230918124459.0,18.576,64.669,I,846,IN,20250522084120,2023-09-18 12:44:59,incois,2902277
incois/2902277/profiles/D2902277_160.nc,20230928123700.0,18.65,64.932,I,846,IN,20250522084121,2023-09-28 12:37:00,incois,2902277
incois/2902277/profiles/D2902277_161.nc,20231008122529.0,18.907,65.119,I,846,IN,20250522084123,2023-10-08 12:25:29,incois,2902277
incois/2902277/profiles/D2902277_162.nc,20231018124736.0,19.088,65.3,I,846,IN,20250522084124,2023-10-18 12:47:36,incois,2902277
incois/2902277/profiles/D2902277_163.nc,20231028124537.0,19.275,65.352,I,846,IN,20250522084125,2023-10-28 12:45:37,incois,2902277
incois/2902277/profiles/D2902277_164.nc,20231107125132.0,19.463,65.314,I,846,IN,20250522084127,2023-11-07 12:51:32,incois,2902277
incois/2902277/profiles/D2902277_165.nc,20231117124433.0,19.525,65.12,I,846,IN,20250522084128,2023-11-17 12:44:33,incois,2902277
incois/2902277/profiles/D2902277_166.nc,20231127124647.0,19.552,64.845,I,846,IN,20250522084129,2023-11-27 12:46:47,incois,2902277
incois/2902277/profiles/D2902277_167.nc,20231207125436.0,19.471,64.621,I,846,IN,20250522084131,2023-12-07 12:54:36,incois,2902277
incois/2902277/profiles/D2902277_168.nc,20231217122316.0,19.36,64.434,I,846,IN,20250522084132,2023-12-17 12:23:16,incois,2902277
incois/2902294/profiles/D2902294_153.nc,20220105000240.0,6.677,91.864,I,846,IN,20250522071833,2022-01-05 00:02:40,incois,2902294
incois/2902294/profiles/D2902294_154.nc,20220110031610.0,6.733,91.944,I,846,IN,20250522071834,2022-01-10 03:16:10,incois,2902294
incois/2902294/profiles/D2902294_155.nc,20220115060000.0,6.789,92.023,I,846,IN,20230516001223,2022-01-15 06:00:00,incois,2902294
incois/2902294/profiles/D2902294_156.nc,20220120075554.0,6.808,91.92,I,846,IN,20250522071835,2022-01-20 07:55:54,incois,2902294
incois/2902294/profiles/D2902294_157.nc,20220125111919.0,6.821,91.818,I,846,IN,20250522071836,2022-01-25 11:19:19,incois,2902294
incois/2902294/profiles/D2902294_158.nc,20220130142107.0,6.834,91.716,I,846,IN,20250522071837,2022-01-30 14:21:07,incois,2902294
incois/2902294/profiles/D2902294_159.nc,20220204173012.0,6.847,91.614,I,846,IN,20250522071838,2022-02-04 17:30:12,incois,2902294
incois/2902294/profiles/D2902294_160.nc,20220209204807.0,6.861,91.512,I,846,IN,20250522071839,2022-02-09 20:48:07,incois,2902294
incois/2902294/profiles/D2902294_161.nc,20220215000034.0,6.874,91.41,I,846,IN,20250522071840,2022-02-15 00:00:34,incois,2902294
incois/2902294/profiles/D2902294_162.nc,20220220024957.0,6.887,91.308,I,846,IN,20250522071842,2022-02-20 02:49:57,incois,2902294
incois/2902294/profiles/D2902294_163.nc,20220225061121.0,6.9,91.206,I,846,IN,20250522071843,2022-02-25 06:11:21,incois,2902294
incois/2902294/profiles/D2902294_164.nc,20220302092500.0,6.914,91.104,I,846,IN,20250522071844,2022-03-02 09:25:00,incois,2902294
incois/2902294/profiles/D2902294_165.nc,20220307121721.0,6.927,91.002,I,846,IN,20250522071846,2022-03-07 12:17:21,incois,2902294
incois/2902294/profiles/D2902294_167.nc,20220317160726.0,6.945,90.913,I,846,IN,20250522071847,2022-03-17 16:07:26,incois,2902294
incois/2902294/profiles/D2902294_168.nc,20220322190407.0,7.028,90.975,I,846,IN,20250522071849,2022-03-22 19:04:07,incois,2902294
incois/2902294/profiles/D2902294_169.nc,20220327222639.0,7.11,91.036,I,846,IN,20250522071851,2022-03-27 22:26:39,incois,2902294
incois/2902294/profiles/D2902294_170.nc,20220402012909.0,7.193,91.098,I,846,IN,20250522071853,2022-04-02 01:29:09,incois,2902294
incois/2902294/profiles/D2902294_171.nc,20220407044706.0,7.276,91.159,I,846,IN,20250522071855,2022-04-07 04:47:06,incois,2902294
incois/2902294/profiles/D2902294_172.nc,20220412075103.0,7.359,91.221,I,846,IN,20250522071857,2022-04-12 07:51:03,incois,2902294
incois/2902294/profiles/D2902294_173.nc,20220417111119.0,7.442,91.282,I,846,IN,20250522071859,2022-04-17 11:11:19,incois,2902294
incois/2902294/profiles/D2902294_174.nc,20220422135317.0,7.524,91.343,I,846,IN,20250522071900,2022-04-22 13:53:17,incois,2902294
incois/2902294/profiles/D2902294_175.nc,20220427170938.0,7.607,91.405,I,846,IN,20250522071901,2022-04-27 17:09:38,incois,2902294
incois/2902294/profiles/D2902294_176.nc,20220502202128.0,7.69,91.466,I,846,IN,20250522071902,2022-05-02 20:21:28,incois,2902294
incois/2902294/profiles/D2902294_177.nc,20220507232812.0,7.773,91.528,I,846,IN,20230516001223,2022-05-07 23:28:12,incois,2902294
incois/2902294/profiles/D2902294_178.nc,20220513022212.0,7.707,91.452,I,846,IN,20230516001223,2022-05-13 02:22:12,incois,2902294
incois/2902294/profiles/D2902294_179.nc,20220518035445.0,7.625,91.415,I,846,IN,20250522071904,2022-05-18 03:54:45,incois,2902294
incois/2902294/profiles/D2902294_180.nc,20220523050907.0,7.444,91.323,I,846,IN,20230516001223,2022-05-23 05:09:07,incois,2902294
incois/2902294/profiles/D2902294_181.nc,20220528063510.0,7.236,91.18,I,846,IN,20230516001223,2022-05-28 06:35:10,incois,2902294
incois/2902294/profiles/D2902294_182.nc,20220602080453.0,7.106,91.074,I,846,IN,20230516001223,2022-06-02 08:04:53,incois,2902294
incois/2902294/profiles/D2902294_183.nc,20220607095436.0,7.026,90.984,I,846,IN,20250522071906,2022-06-07 09:54:36,incois,2902294
incois/2902294/profiles/D2902294_184.nc,20220612112550.0,7.074,90.948,I,846,IN,20250522071908,2022-06-12 11:25:50,incois,2902294
incois/2902294/profiles/D2902294_185.nc,20220617125320.0,7.186,90.887,I,846,IN,20250522071909,2022-06-17 12:53:20,incois,2902294
incois/2902294/profiles/D2902294_186.nc,20220622140233.0,7.304,90.893,I,846,IN,20230516001223,2022-06-22 14:02:33,incois,2902294
incois/2902294/profiles/D2902294_187.nc,20220627151902.0,7.347,90.861,I,846,IN,20250522071911,2022-06-27 15:19:02,incois,2902294
incois/2902294/profiles/D2902294_188.nc,20220702164326.0,7.423,90.85,I,846,IN,20230516001223,2022-07-02 16:43:26,incois,2902294
incois/2902294/profiles/D2902294_189.nc,20220707180333.0,7.422,90.818,I,846,IN,20250522071913,2022-07-07 18:03:33,incois,2902294
incois/2902294/profiles/D2902294_190.nc,20220712190211.0,7.356,90.8,I,846,IN,20230516001223,2022-07-12 19:02:11,incois,2902294
incois/2902294/profiles/D2902294_191.nc,20220717201006.0,7.234,90.785,I,846,IN,20230516001223,2022-07-17 20:10:06,incois,2902294
incois/2902294/profiles/D2902294_192.nc,20220722213519.0,7.091,90.738,I,846,IN,20230516001223,2022-07-22 21:35:19,incois,2902294
incois/2902294/profiles/D2902294_193.nc,20220727224645.0,6.857,90.749,I,846,IN,20230516001223,2022-07-27 22:46:45,incois,2902294
incois/2902294/profiles/D2902294_194.nc,20220801234340.0,6.73,90.764,I,846,IN,20230516001223,2022-08-01 23:43:40,incois,2902294
incois/2902294/profiles/D2902294_195.nc,20220807005606.0,6.638,90.763,I,846,IN,20250522071916,2022-08-07 00:56:06,incois,2902294
incois/2902294/profiles/D2902294_196.nc,20220812021459.0,6.652,90.827,I,846,IN,20230516001223,2022-08-12 02:14:59,incois,2902294
incois/2902294/profiles/D2902294_197.nc,20220817033603.0,6.836,90.89,I,846,IN,20230516001223,2022-08-17 03:36:03,incois,2902294
incois/2902294/profiles/D2902294_198.nc,20220822050053.0,7.118,90.904,I,846,IN,20230516001223,2022-08-22 05:00:53,incois,2902294
incois/2902294/profiles/D2902294_199.nc,20220827055422.0,7.428,90.932,I,846,IN,20250522071918,2022-08-27 05:54:22,incois,2902294
incois/2902294/profiles/D2902294_200.nc,20220901063507.0,7.69,91.027,I,846,IN,20230516001223,2022-09-01 06:35:07,incois,2902294
incois/2902294/profiles/D2902294_201.nc,20220906074310.0,7.934,91.15,I,846,IN,20230516001223,2022-09-06 07:43:10,incois,2902294
incois/2902294/profiles/D2902294_202.nc,20220911092015.0,8.039,91.293,I,846,IN,20230516001223,2022-09-11 09:20:15,incois,2902294
incois/2902294/profiles/D2902294_203.nc,20220916100518.0,7.988,91.43,I,846,IN,20230516001223,2022-09-16 10:05:18,incois,2902294
incois/2902294/profiles/D2902294_204.nc,20220921113334.0,7.919,91.405,I,846,IN,20230516001223,2022-09-21 11:33:34,incois,2902294
incois/2902294/profiles/D2902294_205.nc,20220926125145.0,7.831,91.354,I,846,IN,20250522071920,2022-09-26 12:51:45,incois,2902294
incois/2902294/profiles/D2902294_206.nc,20221001141035.0,7.696,91.271,I,846,IN,20250522071922,2022-10-01 14:10:35,incois,2902294
incois/2902294/profiles/D2902294_207.nc,20221006154013.0,7.611,91.273,I,846,IN,20250522071924,2022-10-06 15:40:13,incois,2902294
incois/2902294/profiles/D2902294_208.nc,20221011170334.0,7.655,91.213,I,846,IN,20250522071926,2022-10-11 17:03:34,incois,2902294
incois/2902294/profiles/D2902294_210.nc,20221021193603.0,7.748,91.075,I,846,IN,20250522071928,2022-10-21 19:36:03,incois,2902294
incois/2902294/profiles/D2902294_213.nc,20221105230316.0,7.947,90.825,I,846,IN,20250522071929,2022-11-05 23:03:16,incois,2902294
incois/2902294/profiles/D2902294_214.nc,20221111004402.0,7.928,90.714,I,846,IN,20250522071931,2022-11-11 00:44:02,incois,2902294
incois/2902294/profiles/D2902294_215.nc,20221116015158.0,7.847,90.628,I,846,IN,20250522071932,2022-11-16 01:51:58,incois,2902294
incois/2902294/profiles/D2902294_216.nc,20221121030300.0,7.677,90.488,I,846,IN,20250522071934,2022-11-21 03:03:00,incois,2902294
incois/2902294/profiles/D2902294_217.nc,20221126060034.0,7.503,90.345,I,846,IN,20250522071936,2022-11-26 06:00:34,incois,2902294
incois/2902294/profiles/D2902294_218.nc,20221201075631.0,7.234,90.188,I,846,IN,20250522071938,2022-12-01 07:56:31,incois,2902294
incois/2902294/profiles/D2902294_219.nc,20221206104230.0,6.961,90.031,I,846,IN,20250522071940,2022-12-06 10:42:30,incois,2902294
incois/2902294/profiles/D2902294_220.nc,20221211132925.0,6.687,89.873,I,846,IN,20250522071942,2022-12-11 13:29:25,incois,2902294
incois/2902294/profiles/D2902294_221.nc,20221216150832.0,6.598,89.833,I,846,IN,20250522071943,2022-12-16 15:08:32,incois,2902294
incois/2902294/profiles/D2902294_222.nc,20221221154941.0,6.707,89.858,I,846,IN,20250522071945,2022-12-21 15:49:41,incois,2902294
incois/2902294/profiles/D2902294_223.nc,20221226161530.0,6.855,89.914,I,846,IN,20250522071947,2022-12-26 16:15:30,incois,2902294
incois/2902294/profiles/D2902294_224.nc,20221231130436.0,6.94,89.984,I,846,IN,20250522071949,2022-12-31 13:04:36,incois,2902294
incois/2902294/profiles/D2902294_225.nc,20230105142546.0,6.982,90.03,I,846,IN,20250522071951,2023-01-05 14:25:46,incois,2902294
incois/2902294/profiles/D2902294_226.nc,20230110151910.0,6.898,90.011,I,846,IN,20250522071953,2023-01-10 15:19:10,incois,2902294
incois/2902294/profiles/D2902294_227.nc,20230115162247.0,6.792,89.933,I,846,IN,20250522071954,2023-01-15 16:22:47,incois,2902294
incois/2902294/profiles/D2902294_229.nc,20230125183931.0,6.77,89.852,I,846,IN,20250522071956,2023-01-25 18:39:31,incois,2902294
incois/2902294/profiles/D2902294_230.nc,20230130191950.0,6.851,89.808,I,846,IN,20250522071958,2023-01-30 19:19:50,incois,2902294
incois/2902294/profiles/D2902294_232.nc,20230209223042.0,7.138,89.804,I,846,IN,20250522072000,2023-02-09 22:30:42,incois,2902294
incois/2902294/profiles/D2902294_233.nc,20230215000254.0,7.293,89.857,I,846,IN,20250522072002,2023-02-15 00:02:54,incois,2902294
incois/2902294/profiles/D2902294_234.nc,20230220010926.0,7.438,89.891,I,846,IN,20250522072004,2023-02-20 01:09:26,incois,2902294
incois/2902294/profiles/D2902294_235.nc,20230225020239.0,7.468,89.926,I,846,IN,20250522072006,2023-02-25 02:02:39,incois,2902294
incois/2902294/profiles/D2902294_236.nc,20230302032237.0,7.498,89.915,I,846,IN,20250522072008,2023-03-02 03:22:37,incois,2902294
incois/2902294/profiles/D2902294_237.nc,20230307035739.0,7.539,89.855,I,846,IN,20250522072010,2023-03-07 03:57:39,incois,2902294
incois/2902294/profiles/D2902294_238.nc,20230312051012.0,7.56,89.803,I,846,IN,20250522072011,2023-03-12 05:10:12,incois,2902294
incois/2902294/profiles/D2902294_239.nc,20230317065910.0,7.622,89.712,I,846,IN,20250522072013,2023-03-17 06:59:10,incois,2902294
incois/2902294/profiles/R2902294_241.nc,20230327093301.0,7.697,89.723,I,846,IN,20230327153057,2023-03-27 09:33:01,incois,2902294
incois/2903891/profiles/D2903891_001.nc,20230921142328.0,12.35,88.933,I,844,IN,20250526105708,2023-09-21 14:23:28,incois,2903891
incois/2903891/profiles/D2903891_002.nc,20231001141202.0,12.567,89.05,I,844,IN,20250526105709,2023-10-01 14:12:02,incois,2903891
incois/2903891/profiles/D2903891_003.nc,20231011135749.0,12.667,89.167,I,844,IN,20250526105709,2023-10-11 13:57:49,incois,2903891
incois/2903891/profiles/D2903891_004.nc,20231021141514.0,12.633,89.317,I,844,IN,20250526105709,2023-10-21 14:15:14,incois,2903891
incois/2903891/profiles/D2903891_005.nc,20231031141533.0,12.517,89.583,I,844,IN,20250526105710,2023-10-31 14:15:33,incois,2903891
incois/2903891/profiles/D2903891_006.nc,20231110141219.0,12.35,89.917,I,844,IN,20250526105710,2023-11-10 14:12:19,incois,2903891
incois/2903891/profiles/D2903891_007.nc,20231120140525.0,12.567,90.117,I,844,IN,20250526105711,2023-11-20 14:05:25,incois,2903891
incois/2903891/profiles/D2903891_008.nc,20231130150006.0,12.567,90.117,I,844,IN,20250526105711,2023-11-30 15:00:06,incois,2903891
incois/2903891/profiles/D2903891_009.nc,20231210141127.0,13.033,90.333,I,844,IN,20250526105711,2023-12-10 14:11:27,incois,2903891
incois/2903891/profiles/D2903891_010.nc,20231220141125.0,13.1,90.233,I,844,IN,20250526105712,2023-12-20 14:11:25,incois,2903891
incois/2903891/profiles/D2903891_011.nc,20231230141850.0,13.1,90.133,I,844,IN,20250526105712,2023-12-30 14:18:50,incois,2903891
incois/2903892/profiles/D2903892_001.nc,20230923142805.0,7.183,88.467,I,844,IN,20250526110444,2023-09-23 14:28:05,incois,2903892
incois/2903892/profiles/D2903892_002.nc,20231003135955.0,7.117,88.85,I,844,IN,20250526110445,2023-10-03 13:59:55,incois,2903892
incois/2903892/profiles/D2903892_003.nc,20231013135955.0,6.633,89.017,I,844,IN,20250526110445,2023-10-13 13:59:55,incois,2903892
incois/2903892/profiles/D2903892_004.nc,20231023135326.0,6.333,89.267,I,844,IN,20250526110445,2023-10-23 13:53:26,incois,2903892
incois/2903892/profiles/D2903892_005.nc,20231102140233.0,6.65,89.55,I,844,IN,20250526110446,2023-11-02 14:02:33,incois,2903892
incois/2903892/profiles/D2903892_006.nc,20231112140731.0,7.25,89.483,I,844,IN,20250526110446,2023-11-12 14:07:31,incois,2903892
incois/2903892/profiles/D2903892_007.nc,20231122135555.0,7.683,89.2,I,844,IN,20250526110447,2023-11-22 13:55:55,incois,2903892
incois/2903892/profiles/D2903892_008.nc,20231202142155.0,7.75,88.933,I,844,IN,20250526110447,2023-12-02 14:21:55,incois,2903892
incois/2903892/profiles/D2903892_009.nc,20231212135955.0,7.65,88.717,I,844,IN,20250526110447,2023-12-12 13:59:55,incois,2903892
incois/2903892/profiles/D2903892_010.nc,20231222141723.0,7.667,88.5,I,844,IN,20250526110448,2023-12-22 14:17:23,incois,2903892
incois/4903775/profiles/D4903775_001.nc,20230919142156.0,13.333,85.233,I,844,IN,20250531163251,2023-09-19 14:21:56,incois,4903775
incois/4903775/profiles/D4903775_002.nc,20230929140430.0,13.217,85.2,I,844,IN,20250531163252,2023-09-29 14:04:30,incois,4903775
incois/4903775/profiles/D4903775_003.nc,20231009140955.0,13.033,85.4,I,844,IN,20250531163252,2023-10-09 14:09:55,incois,4903775
incois/4903775/profiles/D4903775_004.nc,20231019141017.0,13.0,85.783,I,844,IN,20250531163252,2023-10-19 14:10:17,incois,4903775
incois/4903775/profiles/D4903775_005.nc,20231029135626.0,12.983,86.183,I,844,IN,20250531163253,2023-10-29 13:56:26,incois,4903775
incois/4903775/profiles/D4903775_006.nc,20231108140947.0,13.133,86.35,I,844,IN,20250531163253,2023-11-08 14:09:47,incois,4903775
incois/4903775/profiles/D4903775_007.nc,20231118140543.0,13.367,86.483,I,844,IN,20250531163253,2023-11-18 14:05:43,incois,4903775
incois/4903775/profiles/D4903775_008.nc,20231128141225.0,13.733,86.4,I,844,IN,20250531163254,2023-11-28 14:12:25,incois,4903775
incois/4903775/profiles/D4903775_009.nc,20231208141925.0,14.367,86.1,I,844,IN,20250531163254,2023-12-08 14:19:25,incois,4903775
incois/4903775/profiles/D4903775_010.nc,20231218142638.0,14.683,86.25,I,844,IN,20250531163254,2023-12-18 14:26:38,incois,4903775
incois/4903775/profiles/D4903775_011.nc,20231228141020.0,14.7,86.533,I,844,IN,20250531163255,2023-12-28 14:10:20,incois,4903775
incois/4903776/profiles/D4903776_001.nc,20230921165757.0,10.733,88.6,I,844,IN,20250531165424,2023-09-21 16:57:57,incois,4903776
incois/4903776/profiles/D4903776_002.nc,20231001134643.0,10.8,88.483,I,844,IN,20250531165424,2023-10-01 13:46:43,incois,4903776
incois/4903776/profiles/D4903776_003.nc,20231011134932.0,10.95,88.55,I,844,IN,20250531165425,2023-10-11 13:49:32,incois,4903776
incois/4903776/profiles/D4903776_004.nc,20231021135655.0,11.183,88.617,I,844,IN,20250531165425,2023-10-21 13:56:55,incois,4903776
incois/4903776/profiles/D4903776_005.nc,20231031140619.0,11.617,88.583,I,844,IN,20250531165425,2023-10-31 14:06:19,incois,4903776
incois/4903776/profiles/D4903776_006.nc,20231110140703.0,11.85,88.717,I,844,IN,20250531165426,2023-11-10 14:07:03,incois,4903776
incois/4903776/profiles/D4903776_007.nc,20231120140601.0,11.85,89.067,I,844,IN,20250531165426,2023-11-20 14:06:01,incois,4903776
incois/4903776/profiles/D4903776_008.nc,20231130141156.0,12.05,89.333,I,844,IN,20250531165426,2023-11-30 14:11:56,incois,4903776
incois/4903776/profiles/D4903776_009.nc,20231210140744.0,12.217,89.55,I,844,IN,20250531165427,2023-12-10 14:07:44,incois,4903776
incois/4903776/profiles/D4903776_010.nc,20231220141555.0,12.4,89.65,I,844,IN,20250531165427,2023-12-20 14:15:55,incois,4903776
incois/4903776/profiles/D4903776_011.nc,20231230141819.0,12.3,89.633,I,844,IN,20250531165427,2023-12-30 14:18:19,incois,4903776
incois/5907082/profiles/D5907082_001.nc,20230918142652.0,13.25,83.767,I,844,IN,20250531164236,2023-09-18 14:26:52,incois,5907082
incois/5907082/profiles/D5907082_002.nc,20230928141252.0,13.317,83.717,I,844,IN,20250531164237,2023-09-28 14:12:52,incois,5907082
incois/5907082/profiles/D5907082_003.nc,20231008141434.0,13.333,83.683,I,844,IN,20250531164237,2023-10-08 14:14:34,incois,5907082
incois/5907082/profiles/D5907082_004.nc,20231018141630.0,12.867,83.683,I,844,IN,20250531164237,2023-10-18 14:16:30,incois,5907082
incois/5907082/profiles/D5907082_005.nc,20231028140300.0,12.333,83.617,I,844,IN,20250531164238,2023-10-28 14:03:00,incois,5907082
incois/5907082/profiles/D5907082_006.nc,20231107135855.0,12.117,83.483,I,844,IN,20250531164238,2023-11-07 13:58:55,incois,5907082
incois/5907082/profiles/D5907082_007.nc,20231117140455.0,12.467,83.35,I,844,IN,20250531164238,2023-11-17 14:04:55,incois,5907082
incois/5907082/profiles/D5907082_008.nc,20231127141421.0,12.917,83.65,I,844,IN,20250531164239,2023-11-27 14:14:21,incois,5907082
incois/5907082/profiles/D5907082_009.nc,20231207142027.0,12.917,84.133,I,844,IN,20250531164239,2023-12-07 14:20:27,incois,5907082
incois/5907082/profiles/D5907082_010.nc,20231217140634.0,12.383,84.117,I,844,IN,20250531164239,2023-12-17 14:06:34,incois,5907082
incois/5907082/profiles/D5907082_011.nc,20231227140256.0,11.683,83.667,I,844,IN,20250531164240,2023-12-27 14:02:56,incois,5907082
incois/5907083/profiles/D5907083_001.nc,20230919142555.0,13.367,86.417,I,844,IN,20260701130251,2023-09-19 14:25:55,incois,5907083
incois/5907083/profiles/D5907083_002.nc,20230929140534.0,13.2,86.717,I,844,IN,20260701130251,2023-09-29 14:05:34,incois,5907083
incois/5907083/profiles/D5907083_003.nc,20231009135127.0,13.217,87.1,I,844,IN,20260701130251,2023-10-09 13:51:27,incois,5907083
incois/5907083/profiles/D5907083_004.nc,20231019141456.0,13.317,87.433,I,844,IN,20260701130251,2023-10-19 14:14:56,incois,5907083
incois/5907083/profiles/D5907083_005.nc,20231029141756.0,13.55,87.533,I,844,IN,20260701130251,2023-10-29 14:17:56,incois,5907083
incois/5907083/profiles/D5907083_006.nc,20231108135841.0,13.933,87.433,I,844,IN,20260701130251,2023-11-08 13:58:41,incois,5907083
incois/5907083/profiles/D5907083_007.nc,20231118141326.0,14.233,87.35,I,844,IN,20260701130251,2023-11-18 14:13:26,incois,5907083
incois/5907083/profiles/D5907083_008.nc,20231128141334.0,14.617,87.167,I,844,IN,20260701130251,2023-11-28 14:13:34,incois,5907083
incois/5907083/profiles/D5907083_009.nc,20231208140103.0,14.65,87.133,I,844,IN,20260701130251,2023-12-08 14:01:03,incois,5907083
incois/5907083/profiles/D5907083_010.nc,20231218140631.0,14.3,86.867,I,844,IN,20260701130251,2023-12-18 14:06:31,incois,5907083
incois/5907083/profiles/D5907083_011.nc,20231228140549.0,13.933,86.35,I,844,IN,20260701130251,2023-12-28 14:05:49,incois,5907083
incois/5907084/profiles/D5907084_001.nc,20231010141932.0,18.683,67.433,I,844,IN,20250526065045,2023-10-10 14:19:32,incois,5907084
incois/5907084/profiles/D5907084_002.nc,20231020135255.0,18.783,67.367,I,844,IN,20250526065045,2023-10-20 13:52:55,incois,5907084
incois/5907084/profiles/D5907084_003.nc,20231030135955.0,18.933,67.45,I,844,IN,20250526065046,2023-10-30 13:59:55,incois,5907084
incois/5907084/profiles/D5907084_004.nc,20231109140231.0,19.05,67.7,I,844,IN,20250526065046,2023-11-09 14:02:31,incois,5907084
incois/5907084/profiles/D5907084_005.nc,20231119140150.0,18.9,67.983,I,844,IN,20250526065046,2023-11-19 14:01:50,incois,5907084
incois/5907084/profiles/D5907084_006.nc,20231129135523.0,18.717,68.267,I,844,IN,20250526065047,2023-11-29 13:55:23,incois,5907084
incois/5907084/profiles/D5907084_007.nc,20231209140050.0,18.55,68.517,I,844,IN,20250526065047,2023-12-09 14:00:50,incois,5907084
incois/5907084/profiles/D5907084_008.nc,20231219134523.0,18.5,68.633,I,844,IN,20250526065048,2023-12-19 13:45:23,incois,5907084
incois/5907084/profiles/D5907084_009.nc,20231229135756.0,18.533,68.733,I,844,IN,20250526065048,2023-12-29 13:57:56,incois,5907084
incois/5907085/profiles/D5907085_001.nc,20231027233649.0,11.25,68.733,I,844,IN,20250526064229,2023-10-27 23:36:49,incois,5907085
incois/5907085/profiles/D5907085_002.nc,20231106135740.0,11.667,69.05,I,844,IN,20250526064230,2023-11-06 13:57:40,incois,5907085
incois/5907085/profiles/D5907085_003.nc,20231116134434.0,11.833,69.333,I,844,IN,20250526064230,2023-11-16 13:44:34,incois,5907085
incois/5907085/profiles/D5907085_004.nc,20231126140501.0,11.55,69.5,I,844,IN,20250526064230,2023-11-26 14:05:01,incois,5907085
incois/5907085/profiles/D5907085_005.nc,20231206135049.0,11.133,69.467,I,844,IN,20250526064231,2023-12-06 13:50:49,incois,5907085
incois/5907085/profiles/D5907085_006.nc,20231216135704.0,10.7,69.3,I,844,IN,20250526064231,2023-12-16 13:57:04,incois,5907085
incois/5907085/profiles/D5907085_007.nc,20231226140155.0,10.4,69.2,I,844,IN,20250526064232,2023-12-26 14:01:55,incois,5907085
incois/5907092/profiles/D5907092_001.nc,20231029132300.0,11.427,67.975,I,836,IN,20250526063512,2023-10-29 13:23:00,incois,5907092
incois/5907092/profiles/D5907092_001D.nc,20231027165500.0,11.419,67.833,I,836,IN,20250526063512,2023-10-27 16:55:00,incois,5907092
incois/5907092/profiles/D5907092_002.nc,20231030132900.0,11.454,68.043,I,836,IN,20250526063514,2023-10-30 13:29:00,incois,5907092
incois/5907092/profiles/D5907092_002D.nc,20231029145500.0,11.429,67.974,I,836,IN,20250526063513,2023-10-29 14:55:00,incois,5907092
incois/5907092/profiles/D5907092_003.nc,20231031132300.0,11.498,68.105,I,836,IN,20250526063515,2023-10-31 13:23:00,incois,5907092
incois/5907092/profiles/D5907092_003D.nc,20231030144800.0,11.456,68.044,I,836,IN,20250526063514,2023-10-30 14:48:00,incois,5907092
incois/5907092/profiles/D5907092_004.nc,20231101133600.0,11.551,68.149,I,836,IN,20250526063517,2023-11-01 13:36:00,incois,5907092
incois/5907092/profiles/D5907092_004D.nc,20231031144300.0,11.499,68.102,I,836,IN,20250526063516,2023-10-31 14:43:00,incois,5907092
incois/5907092/profiles/D5907092_005.nc,20231102133900.0,11.609,68.195,I,836,IN,20250526063518,2023-11-02 13:39:00,incois,5907092
incois/5907092/profiles/D5907092_005D.nc,20231101145900.0,11.556,68.147,I,836,IN,20250526063517,2023-11-01 14:59:00,incois,5907092
incois/5907092/profiles/D5907092_006.nc,20231103132400.0,11.677,68.235,I,836,IN,20250526063520,2023-11-03 13:24:00,incois,5907092
incois/5907092/profiles/D5907092_006D.nc,20231102150400.0,11.607,68.196,I,836,IN,20250526063519,2023-11-02 15:04:00,incois,5907092
incois/5907092/profiles/D5907092_007.nc,20231113133000.0,12.266,68.104,I,836,IN,20250526063521,2023-11-13 13:30:00,incois,5907092
incois/5907092/profiles/D5907092_007D.nc,20231103144600.0,11.678,68.232,I,836,IN,20250526063520,2023-11-03 14:46:00,incois,5907092
incois/5907092/profiles/D5907092_008.nc,20231123132700.0,12.225,67.932,I,836,IN,20250526063523,2023-11-23 13:27:00,incois,5907092
incois/5907092/profiles/D5907092_008D.nc,20231113144900.0,12.269,68.1,I,836,IN,20250526063522,2023-11-13 14:49:00,incois,5907092
incois/5907092/profiles/D5907092_009.nc,20231203131900.0,12.556,68.236,I,836,IN,20250526063524,2023-12-03 13:19:00,incois,5907092
incois/5907092/profiles/D5907092_009D.nc,20231123145000.0,12.226,67.933,I,836,IN,20250526063523,2023-11-23 14:50:00,incois,5907092
incois/5907092/profiles/D5907092_010.nc,20231213132900.0,12.724,67.993,I,836,IN,20250526063526,2023-12-13 13:29:00,incois,5907092
incois/5907092/profiles/D5907092_010D.nc,20231203144100.0,12.558,68.24,I,836,IN,20250526063525,2023-12-03 14:41:00,incois,5907092
incois/5907092/profiles/D5907092_011.nc,20231223132600.0,12.924,67.946,I,836,IN,20250526063527,2023-12-23 13:26:00,incois,5907092
incois/5907092/profiles/D5907092_011D.nc,20231213144600.0,12.726,67.993,I,836,IN,20250526063526,2023-12-13 14:46:00,incois,5907092
incois/5907092/profiles/D5907092_012D.nc,20231223144600.0,12.926,67.947,I,836,IN,20250526063528,2023-12-23 14:46:00,incois,5907092
incois/6990608/profiles/D6990608_001.nc,20230927141644.0,8.567,89.85,I,844,IN,20250526062147,2023-09-27 14:16:44,incois,6990608
incois/6990608/profiles/D6990608_002.nc,20230928135930.0,8.517,89.867,I,844,IN,20250526062147,2023-09-28 13:59:30,incois,6990608
incois/6990608/profiles/D6990608_003.nc,20230929140216.0,8.467,89.883,I,844,IN,20250526062147,2023-09-29 14:02:16,incois,6990608
incois/6990608/profiles/D6990608_004.nc,20230930140519.0,8.4,89.883,I,844,IN,20250526062148,2023-09-30 14:05:19,incois,6990608
incois/6990608/profiles/D6990608_005.nc,20231001140049.0,8.333,89.883,I,844,IN,20250526062148,2023-10-01 14:00:49,incois,6990608
incois/6990608/profiles/D6990608_006.nc,20231002134000.0,8.25,89.867,I,844,IN,20250526062149,2023-10-02 13:40:00,incois,6990608
incois/6990608/profiles/D6990608_007.nc,20231003134427.0,8.183,89.867,I,844,IN,20250526062149,2023-10-03 13:44:27,incois,6990608
incois/6990608/profiles/D6990608_008.nc,20231004140059.0,8.117,89.867,I,844,IN,20250526062149,2023-10-04 14:00:59,incois,6990608
incois/6990608/profiles/D6990608_009.nc,20231005134324.0,8.05,89.867,I,844,IN,20250526062150,2023-10-05 13:43:24,incois,6990608
incois/6990608/profiles/D6990608_010.nc,20231006140104.0,7.983,89.85,I,844,IN,20250526062150,2023-10-06 14:01:04,incois,6990608
incois/6990608/profiles/D6990608_011.nc,20231007135403.0,7.933,89.85,I,844,IN,20250526062151,2023-10-07 13:54:03,incois,6990608
incois/6990608/profiles/D6990608_012.nc,20231008135513.0,7.883,89.85,I,844,IN,20250526062151,2023-10-08 13:55:13,incois,6990608
incois/6990608/profiles/D6990608_013.nc,20231009140409.0,7.817,89.85,I,844,IN,20250526062151,2023-10-09 14:04:09,incois,6990608
incois/6990608/profiles/D6990608_014.nc,20231010135425.0,7.767,89.833,I,844,IN,20250526062152,2023-10-10 13:54:25,incois,6990608
incois/6990608/profiles/D6990608_015.nc,20231011141326.0,7.7,89.833,I,844,IN,20250526062152,2023-10-11 14:13:26,incois,6990608
incois/6990608/profiles/D6990608_016.nc,20231012140521.0,7.633,89.817,I,844,IN,20250526062153,2023-10-12 14:05:21,incois,6990608
incois/6990608/profiles/D6990608_017.nc,20231013141133.0,7.583,89.817,I,844,IN,20250526062153,2023-10-13 14:11:33,incois,6990608
incois/6990608/profiles/D6990608_018.nc,20231023140333.0,7.3,89.583,I,844,IN,20250526062153,2023-10-23 14:03:33,incois,6990608
incois/6990608/profiles/D6990608_019.nc,20231102135149.0,7.367,89.483,I,844,IN,20250526062154,2023-11-02 13:51:49,incois,6990608
incois/6990608/profiles/D6990608_020.nc,20231112141404.0,7.7,89.583,I,844,IN,20250526062154,2023-11-12 14:14:04,incois,6990608
incois/6990608/profiles/D6990608_021.nc,20231122141021.0,7.933,89.733,I,844,IN,20250526062155,2023-11-22 14:10:21,incois,6990608
incois/6990608/profiles/D6990608_022.nc,20231202140611.0,8.067,89.783,I,844,IN,20250526062155,2023-12-02 14:06:11,incois,6990608
incois/6990608/profiles/D6990608_023.nc,20231212142014.0,8.333,89.75,I,844,IN,20250526062155,2023-12-12 14:20:14,incois,6990608
incois/6990608/profiles/D6990608_024.nc,20231222140201.0,8.6,89.75,I,844,IN,20250526062156,2023-12-22 14:02:01,incois,6990608
incois/6990609/profiles/D6990609_001.nc,20230922202129.0,7.933,88.65,I,844,IN,20250526061038,2023-09-22 20:21:29,incois,6990609
incois/6990609/profiles/D6990609_002.nc,20231002134103.0,8.25,88.933,I,844,IN,20250526061039,2023-10-02 13:41:03,incois,6990609
incois/6990609/profiles/D6990609_003.nc,20231012140125.0,8.417,88.967,I,844,IN,20250526061039,2023-10-12 14:01:25,incois,6990609
incois/6990609/profiles/D6990609_004.nc,20231022135028.0,8.5,88.883,I,844,IN,20250526061039,2023-10-22 13:50:28,incois,6990609
incois/6990609/profiles/D6990609_005.nc,20231101134304.0,8.633,88.733,I,844,IN,20250526061040,2023-11-01 13:43:04,incois,6990609
incois/6990609/profiles/D6990609_006.nc,20231111140355.0,8.967,88.45,I,844,IN,20250526061040,2023-11-11 14:03:55,incois,6990609
incois/6990609/profiles/D6990609_007.nc,20231121141225.0,9.1,88.3,I,844,IN,20250526061041,2023-11-21 14:12:25,incois,6990609
incois/6990609/profiles/D6990609_008.nc,20231201140407.0,9.033,88.35,I,844,IN,20250526061041,2023-12-01 14:04:07,incois,6990609
incois/6990609/profiles/D6990609_009.nc,20231211140227.0,8.733,88.517,I,844,IN,20250526061041,2023-12-11 14:02:27,incois,6990609
incois/6990609/profiles/D6990609_010.nc,20231221135932.0,8.817,88.85,I,844,IN,20250526061042,2023-12-21 13:59:32,incois,6990609
incois/6990610/profiles/D6990610_001.nc,20231010232856.0,19.967,66.083,I,844,IN,20250526055717,2023-10-10 23:28:56,incois,6990610
incois/6990610/profiles/D6990610_002.nc,20231020135400.0,20.217,65.967,I,844,IN,20250526055718,2023-10-20 13:54:00,incois,6990610
incois/6990610/profiles/D6990610_003.nc,20231030140056.0,20.367,65.85,I,844,IN,20250526055718,2023-10-30 14:00:56,incois,6990610
incois/6990610/profiles/D6990610_004.nc,20231109141101.0,20.483,65.783,I,844,IN,20250526055718,2023-11-09 14:11:01,incois,6990610
incois/6990610/profiles/D6990610_005.nc,20231119135220.0,20.583,65.683,I,844,IN,20250526055719,2023-11-19 13:52:20,incois,6990610
incois/6990610/profiles/D6990610_006.nc,20231129140245.0,20.717,65.583,I,844,IN,20250526055719,2023-11-29 14:02:45,incois,6990610
incois/6990610/profiles/D6990610_007.nc,20231209140544.0,20.8,65.483,I,844,IN,20250526055720,2023-12-09 14:05:44,incois,6990610
incois/6990610/profiles/D6990610_008.nc,20231219140920.0,20.883,65.433,I,844,IN,20250526055720,2023-12-19 14:09:20,incois,6990610
incois/6990610/profiles/D6990610_009.nc,20231229134717.0,20.883,65.4,I,844,IN,20250526055721,2023-12-29 13:47:17,incois,6990610
incois/6990611/profiles/D6990611_001.nc,20231012142149.0,20.717,65.283,I,844,IN,20250526055002,2023-10-12 14:21:49,incois,6990611
incois/6990611/profiles/D6990611_002.nc,20231022140058.0,20.417,65.067,I,844,IN,20250526055002,2023-10-22 14:00:58,incois,6990611
incois/6990611/profiles/D6990611_003.nc,20231101135532.0,20.983,64.683,I,844,IN,20250526055003,2023-11-01 13:55:32,incois,6990611
incois/6990611/profiles/D6990611_004.nc,20231111141226.0,20.95,64.95,I,844,IN,20250526055003,2023-11-11 14:12:26,incois,6990611
incois/6990611/profiles/D6990611_005.nc,20231121135956.0,21.233,64.483,I,844,IN,20250526055004,2023-11-21 13:59:56,incois,6990611
incois/6990611/profiles/D6990611_006.nc,20231201140555.0,21.45,64.967,I,844,IN,20250526055004,2023-12-01 14:05:55,incois,6990611
incois/6990611/profiles/D6990611_007.nc,20231211135933.0,21.483,64.65,I,844,IN,20250526055005,2023-12-11 13:59:33,incois,6990611
incois/6990611/profiles/D6990611_008.nc,20231221135713.0,21.767,65.183,I,844,IN,20250526055005,2023-12-21 13:57:13,incois,6990611
incois/6990612/profiles/D6990612_001.nc,20231025160609.0,14.9,68.967,I,844,IN,20250526051729,2023-10-25 16:06:09,incois,6990612
incois/6990612/profiles/D6990612_002.nc,20231104140758.0,14.917,69.0,I,844,IN,20250526051729,2023-11-04 14:07:58,incois,6990612
incois/6990612/profiles/D6990612_003.nc,20231114134854.0,14.883,69.017,I,844,IN,20250526051730,2023-11-14 13:48:54,incois,6990612
incois/6990612/profiles/D6990612_004.nc,20231124140031.0,14.95,69.0,I,844,IN,20250526051730,2023-11-24 14:00:31,incois,6990612
incois/6990612/profiles/D6990612_005.nc,20231204135934.0,15.117,68.95,I,844,IN,20250526051731,2023-12-04 13:59:34,incois,6990612
incois/6990612/profiles/D6990612_006.nc,20231214141155.0,15.117,68.933,I,844,IN,20250526051731,2023-12-14 14:11:55,incois,6990612
incois/6990612/profiles/D6990612_007.nc,20231224140025.0,14.983,68.933,I,844,IN,20250526051732,2023-12-24 14:00:25,incois,6990612
incois/7901125/profiles/D7901125_001.nc,20230920142828.0,13.483,89.05,I,844,IN,20250525173721,2023-09-20 14:28:28,incois,7901125
incois/7901125/profiles/D7901125_002.nc,20230930140202.0,14.117,88.95,I,844,IN,20250525173721,2023-09-30 14:02:02,incois,7901125
incois/7901125/profiles/D7901125_003.nc,20231010141550.0,14.667,89.0,I,844,IN,20250525173722,2023-10-10 14:15:50,incois,7901125
incois/7901125/profiles/D7901125_004.nc,20231020141358.0,14.95,89.467,I,844,IN,20250525173722,2023-10-20 14:13:58,incois,7901125
incois/7901125/profiles/D7901125_005.nc,20231030140051.0,14.433,89.65,I,844,IN,20250525173723,2023-10-30 14:00:51,incois,7901125
incois/7901125/profiles/D7901125_006.nc,20231109140025.0,13.7,89.3,I,844,IN,20250525173723,2023-11-09 14:00:25,incois,7901125
incois/7901125/profiles/D7901125_007.nc,20231119141149.0,13.267,88.867,I,844,IN,20250525173723,2023-11-19 14:11:49,incois,7901125
incois/7901125/profiles/D7901125_008.nc,20231129141000.0,12.983,88.583,I,844,IN,20250525173724,2023-11-29 14:10:00,incois,7901125
incois/7901125/profiles/D7901125_009.nc,20231209140627.0,12.817,88.6,I,844,IN,20250525173724,2023-12-09 14:06:27,incois,7901125
incois/7901125/profiles/D7901125_010.nc,20231219140850.0,13.167,88.833,I,844,IN,20250525173724,2023-12-19 14:08:50,incois,7901125
incois/7901125/profiles/D7901125_011.nc,20231229135756.0,13.6,89.117,I,844,IN,20250525173725,2023-12-29 13:57:56,incois,7901125
incois/7901126/profiles/D7901126_001.nc,20230921142959.0,11.6,88.767,I,844,IN,20250525174438,2023-09-21 14:29:59,incois,7901126
incois/7901126/profiles/D7901126_002.nc,20231001134757.0,11.633,88.583,I,844,IN,20250525174438,2023-10-01 13:47:57,incois,7901126
incois/7901126/profiles/D7901126_003.nc,20231011140455.0,11.583,88.383,I,844,IN,20250525174439,2023-10-11 14:04:55,incois,7901126
incois/7901126/profiles/D7901126_004.nc,20231021140752.0,11.55,88.167,I,844,IN,20250525174439,2023-10-21 14:07:52,incois,7901126
incois/7901126/profiles/D7901126_005.nc,20231031141237.0,11.65,87.917,I,844,IN,20250525174440,2023-10-31 14:12:37,incois,7901126
incois/7901126/profiles/D7901126_006.nc,20231110140753.0,11.85,87.65,I,844,IN,20250525174440,2023-11-10 14:07:53,incois,7901126
incois/7901126/profiles/D7901126_007.nc,20231120135955.0,11.85,87.5,I,844,IN,20250525174440,2023-11-20 13:59:55,incois,7901126
incois/7901126/profiles/D7901126_008.nc,20231130135950.0,11.883,87.333,I,844,IN,20250525174441,2023-11-30 13:59:50,incois,7901126
incois/7901126/profiles/D7901126_009.nc,20231210140616.0,11.883,87.15,I,844,IN,20250525174441,2023-12-10 14:06:16,incois,7901126
incois/7901126/profiles/D7901126_010.nc,20231220140214.0,11.867,87.067,I,844,IN,20250525174441,2023-12-20 14:02:14,incois,7901126
incois/7901126/profiles/D7901126_011.nc,20231230140927.0,11.95,87.117,I,844,IN,20250525174442,2023-12-30 14:09:27,incois,7901126
incois/7901127/profiles/D7901127_001.nc,20230922140738.0,9.7,88.533,I,844,IN,20250525175144,2023-09-22 14:07:38,incois,7901127
incois/7901127/profiles/D7901127_002.nc,20231002140451.0,10.033,88.7,I,844,IN,20250525175144,2023-10-02 14:04:51,incois,7901127
incois/7901127/profiles/D7901127_003.nc,20231012140555.0,10.2,88.85,I,844,IN,20250525175145,2023-10-12 14:05:55,incois,7901127
incois/7901127/profiles/D7901127_004.nc,20231022140921.0,10.333,89.017,I,844,IN,20250525175145,2023-10-22 14:09:21,incois,7901127
incois/7901127/profiles/D7901127_005.nc,20231101135641.0,10.567,88.967,I,844,IN,20250525175146,2023-11-01 13:56:41,incois,7901127
incois/7901127/profiles/D7901127_006.nc,20231111140449.0,10.6,88.817,I,844,IN,20250525175146,2023-11-11 14:04:49,incois,7901127
incois/7901127/profiles/D7901127_007.nc,20231121135226.0,10.483,88.733,I,844,IN,20250525175146,2023-11-21 13:52:26,incois,7901127
incois/7901127/profiles/D7901127_008.nc,20231201141435.0,10.433,88.6,I,844,IN,20250525175147,2023-12-01 14:14:35,incois,7901127
incois/7901127/profiles/D7901127_009.nc,20231211140255.0,10.233,88.35,I,844,IN,20250525175147,2023-12-11 14:02:55,incois,7901127
incois/7901127/profiles/D7901127_010.nc,20231221140430.0,10.033,88.067,I,844,IN,20250525175147,2023-12-21 14:04:30,incois,7901127
incois/7901128/profiles/D7901128_001.nc,20231010164258.0,19.333,66.75,I,844,IN,20250525175718,2023-10-10 16:42:58,incois,7901128
incois/7901128/profiles/R7901128_002.nc,20231020140546.0,19.483,66.667,I,844,IN,20231021003448,2023-10-20 14:05:46,incois,7901128
incois/7901128/profiles/R7901128_003.nc,20231030135550.0,19.433,66.5,I,844,IN,20231031003115,2023-10-30 13:55:50,incois,7901128
incois/7901128/profiles/R7901128_004.nc,20231109135830.0,19.433,66.5,I,844,IN,20231110003456,2023-11-09 13:58:30,incois,7901128
incois/7901128/profiles/R7901128_005.nc,20231119135926.0,19.383,66.283,I,844,IN,20231120003457,2023-11-19 13:59:26,incois,7901128
incois/7901128/profiles/R7901128_006.nc,20231129141233.0,19.45,66.383,I,844,IN,20231130003500,2023-11-29 14:12:33,incois,7901128
incois/7901128/profiles/R7901128_007.nc,20231209140157.0,19.55,66.3,I,844,IN,20231210003118,2023-12-09 14:01:57,incois,7901128
incois/7901128/profiles/R7901128_008.nc,20231219140332.0,19.2,66.417,I,844,IN,20231220003521,2023-12-19 14:03:32,incois,7901128
incois/7901128/profiles/R7901128_009.nc,20231229140006.0,19.117,66.483,I,844,IN,20231230003121,2023-12-29 14:00:06,incois,7901128
incois/7901136/profiles/D7901136_001D.nc,20231026095500.0,16.319,68.296,I,836,IN,20250525182423,2023-10-26 09:55:00,incois,7901136
incois/7901136/profiles/D7901136_002.nc,20231029132700.0,16.295,68.306,I,836,IN,20250525182425,2023-10-29 13:27:00,incois,7901136
incois/7901136/profiles/D7901136_002D.nc,20231028144900.0,16.29,68.312,I,836,IN,20250525182424,2023-10-28 14:49:00,incois,7901136
incois/7901136/profiles/D7901136_003.nc,20231030131300.0,16.3,68.298,I,836,IN,20250525182426,2023-10-30 13:13:00,incois,7901136
incois/7901136/profiles/D7901136_003D.nc,20231029144800.0,16.295,68.305,I,836,IN,20250525182426,2023-10-29 14:48:00,incois,7901136
incois/7901136/profiles/D7901136_004.nc,20231031131400.0,16.299,68.286,I,836,IN,20250525182428,2023-10-31 13:14:00,incois,7901136
incois/7901136/profiles/D7901136_004D.nc,20231030143600.0,16.299,68.297,I,836,IN,20250525182427,2023-10-30 14:36:00,incois,7901136
incois/7901136/profiles/D7901136_005.nc,20231101132500.0,16.296,68.285,I,836,IN,20250525182429,2023-11-01 13:25:00,incois,7901136
incois/7901136/profiles/D7901136_005D.nc,20231031143300.0,16.298,68.284,I,836,IN,20250525182428,2023-10-31 14:33:00,incois,7901136
incois/7901136/profiles/D7901136_006.nc,20231102132600.0,16.301,68.282,I,836,IN,20250525182430,2023-11-02 13:26:00,incois,7901136
incois/7901136/profiles/D7901136_006D.nc,20231101144800.0,16.296,68.284,I,836,IN,20250525182430,2023-11-01 14:48:00,incois,7901136
incois/7901136/profiles/D7901136_007.nc,20231103131800.0,16.295,68.279,I,836,IN,20250525182432,2023-11-03 13:18:00,incois,7901136
incois/7901136/profiles/D7901136_007D.nc,20231102144600.0,16.3,68.282,I,836,IN,20250525182431,2023-11-02 14:46:00,incois,7901136
incois/7901136/profiles/D7901136_008.nc,20231113132000.0,16.428,68.268,I,836,IN,20250525182433,2023-11-13 13:20:00,incois,7901136
incois/7901136/profiles/D7901136_008D.nc,20231103144800.0,16.296,68.273,I,836,IN,20250525182432,2023-11-03 14:48:00,incois,7901136
incois/7901136/profiles/D7901136_009.nc,20231123133400.0,16.623,68.222,I,836,IN,20250525182434,2023-11-23 13:34:00,incois,7901136
incois/7901136/profiles/D7901136_009D.nc,20231113144000.0,16.43,68.267,I,836,IN,20250525182434,2023-11-13 14:40:00,incois,7901136
incois/7901136/profiles/D7901136_010.nc,20231203132700.0,16.866,68.125,I,836,IN,20250525182436,2023-12-03 13:27:00,incois,7901136
incois/7901136/profiles/D7901136_010D.nc,20231123145500.0,16.622,68.219,I,836,IN,20250525182435,2023-11-23 14:55:00,incois,7901136
incois/7901136/profiles/D7901136_011.nc,20231213131700.0,17.057,68.116,I,836,IN,20250525182437,2023-12-13 13:17:00,incois,7901136
incois/7901136/profiles/D7901136_011D.nc,20231203145000.0,16.862,68.124,I,836,IN,20250525182436,2023-12-03 14:50:00,incois,7901136
incois/7901136/profiles/D7901136_012.nc,20231223132600.0,17.233,68.229,I,836,IN,20250525182438,2023-12-23 13:26:00,incois,7901136
incois/7901136/profiles/D7901136_012D.nc,20231213143700.0,17.058,68.115,I,836,IN,20250525182438,2023-12-13 14:37:00,incois,7901136
incois/7901136/profiles/D7901136_013D.nc,20231223144500.0,17.239,68.23,I,836,IN,20250525182439,2023-12-23 14:45:00,incois,7901136
